Sender: LSF System <lsfadmin@cpu03>
Subject: Job 689995: <fm_shell -f verify.fms> in cluster <myCluster> Done

Job <fm_shell -f verify.fms> was submitted from host <vm_yangdilyu> by user <connect.zzheng989> in cluster <myCluster> at Thu Sep 11 11:45:45 2025
Job was executed on host(s) <19*cpu03>, in queue <normal>, as user <connect.zzheng989> in cluster <myCluster> at Thu Sep 11 11:45:46 2025
                            <13*cpu07>
</hpc/home/connect.zzheng989> was used as the home directory.
</hpc/home/connect.zzheng989/researchlib/VeriFlatten/eq_check/cascade_rocket> was used as the working directory.
Started at Thu Sep 11 11:45:46 2025
Terminated at Thu Sep 11 12:31:49 2025
Results reported at Thu Sep 11 12:31:49 2025

Your job looked like:

------------------------------------------------------------
# LSBATCH: User input
fm_shell -f verify.fms
------------------------------------------------------------

Successfully completed.

Resource usage summary:

    CPU time :                                   2745.90 sec.
    Max Memory :                                 21846 MB
    Average Memory :                             20948.35 MB
    Total Requested Memory :                     -
    Delta Memory :                               -
    Max Swap :                                   -
    Max Processes :                              4
    Max Threads :                                5
    Run time :                                   2763 sec.
    Turnaround time :                            2764 sec.

The output (if any) follows:


                                 Formality (R)

                 Version V-2023.12 for linux64 - Nov 16, 2023 

                    Copyright (c) 1988 - 2023 Synopsys, Inc.
   This software and the associated documentation are proprietary to Synopsys,
 Inc. This software may only be used in accordance with the terms and conditions
 of a written license agreement with Synopsys, Inc. All other use, reproduction,
   or distribution of this software is strictly prohibited.  Licensed Products
     communicate with Synopsys servers for the purpose of providing software
    updates, detecting software piracy and verifying that customers are using
    Licensed Products in conformity with the applicable License Key for such
  Licensed Products. Synopsys will use information gathered in connection with
    this process to deliver software updates and pursue software pirates and
                                   infringers.

 Inclusivity & Diversity - Visit SolvNetPlus to read the "Synopsys Statement on
            Inclusivity and Diversity" (Refer to article 000036315 at
                        https://solvnetplus.synopsys.com)

Build: 8560677
Hostname: cpu03
Current time: Thu Sep 11 11:45:47 2025

Loading db file '/hpc2ssd/Edatools/synopsys/formality/V-2023.12/libraries/syn/gtech.db'

Script: verify.fms

set_mismatch_message_filter -warn FMR_ELAB-147
1
set_mismatch_message_filter -warn FMR_VLOG-038
Info:  'FMR_VLOG-038' is not a permitted message identifier.
0
set hdlin_error_on_mismatch_message false
Info:  Use of 'hdlin_error_on_mismatch_message' is deprecated,  using 'set_mismatch_message_filter -warn' instead.
false
set verification_failing_point_limit 0
0
read_sverilog -r -17 rocket.v
No target library specified, default is WORK
Loading verilog file '/hpc/home/connect.zzheng989/researchlib/VeriFlatten/eq_check/cascade_rocket/rocket.v'
Warning: Potential simulation/synthesis mismatch on output port initializer. (Signal: clk_out Block: /ClockDividerN File: /hpc/home/connect.zzheng989/researchlib/VeriFlatten/eq_check/cascade_rocket/rocket.v Line: 14)  (FMR_VLOG-083)
Warning: The 'declaration initial assignment' construct is not supported.  It will be ignored. (File: /hpc/home/connect.zzheng989/researchlib/VeriFlatten/eq_check/cascade_rocket/rocket.v Line: 28)  (FMR_VLOG-038)
Warning: You are redefining a macro 'wordLength'.  (File: /hpc/home/connect.zzheng989/researchlib/VeriFlatten/eq_check/cascade_rocket/rocket.v Line: 242)  (FMR_VLOG-026)
Warning: You are redefining a macro 'wordLength'.  (File: /hpc/home/connect.zzheng989/researchlib/VeriFlatten/eq_check/cascade_rocket/rocket.v Line: 339)  (FMR_VLOG-026)
Warning: You are redefining a macro 'wordLength'.  (File: /hpc/home/connect.zzheng989/researchlib/VeriFlatten/eq_check/cascade_rocket/rocket.v Line: 451)  (FMR_VLOG-026)
Warning: You are redefining a macro 'wordLength'.  (File: /hpc/home/connect.zzheng989/researchlib/VeriFlatten/eq_check/cascade_rocket/rocket.v Line: 568)  (FMR_VLOG-026)
Warning: You are redefining a macro 'wordLength'.  (File: /hpc/home/connect.zzheng989/researchlib/VeriFlatten/eq_check/cascade_rocket/rocket.v Line: 686)  (FMR_VLOG-026)
Warning: You are redefining a macro 'wordLength'.  (File: /hpc/home/connect.zzheng989/researchlib/VeriFlatten/eq_check/cascade_rocket/rocket.v Line: 810)  (FMR_VLOG-026)
Warning: You are redefining a macro 'wordLength'.  (File: /hpc/home/connect.zzheng989/researchlib/VeriFlatten/eq_check/cascade_rocket/rocket.v Line: 954)  (FMR_VLOG-026)
Warning: You are redefining a macro 'numAddr'.  (File: /hpc/home/connect.zzheng989/researchlib/VeriFlatten/eq_check/cascade_rocket/rocket.v Line: 1040)  (FMR_VLOG-026)
Warning: You are redefining a macro 'numWords'.  (File: /hpc/home/connect.zzheng989/researchlib/VeriFlatten/eq_check/cascade_rocket/rocket.v Line: 1041)  (FMR_VLOG-026)
Warning: You are redefining a macro 'numAddr'.  (File: /hpc/home/connect.zzheng989/researchlib/VeriFlatten/eq_check/cascade_rocket/rocket.v Line: 1128)  (FMR_VLOG-026)
Warning: You are redefining a macro 'numWords'.  (File: /hpc/home/connect.zzheng989/researchlib/VeriFlatten/eq_check/cascade_rocket/rocket.v Line: 1129)  (FMR_VLOG-026)
Warning: You are redefining a macro 'wordLength'.  (File: /hpc/home/connect.zzheng989/researchlib/VeriFlatten/eq_check/cascade_rocket/rocket.v Line: 1130)  (FMR_VLOG-026)
Warning: You are redefining a macro 'wordLength'.  (File: /hpc/home/connect.zzheng989/researchlib/VeriFlatten/eq_check/cascade_rocket/rocket.v Line: 1222)  (FMR_VLOG-026)
Warning: You are redefining a macro 'wordLength'.  (File: /hpc/home/connect.zzheng989/researchlib/VeriFlatten/eq_check/cascade_rocket/rocket.v Line: 1316)  (FMR_VLOG-026)
Warning: You are redefining a macro 'wordLength'.  (File: /hpc/home/connect.zzheng989/researchlib/VeriFlatten/eq_check/cascade_rocket/rocket.v Line: 1418)  (FMR_VLOG-026)
Warning: You are redefining a macro 'wordLength'.  (File: /hpc/home/connect.zzheng989/researchlib/VeriFlatten/eq_check/cascade_rocket/rocket.v Line: 1538)  (FMR_VLOG-026)
Warning: You are redefining a macro 'wordLength'.  (File: /hpc/home/connect.zzheng989/researchlib/VeriFlatten/eq_check/cascade_rocket/rocket.v Line: 1664)  (FMR_VLOG-026)
Warning: You are redefining a macro 'wordLength'.  (File: /hpc/home/connect.zzheng989/researchlib/VeriFlatten/eq_check/cascade_rocket/rocket.v Line: 1792)  (FMR_VLOG-026)
Warning: You are redefining a macro 'wordLength'.  (File: /hpc/home/connect.zzheng989/researchlib/VeriFlatten/eq_check/cascade_rocket/rocket.v Line: 1936)  (FMR_VLOG-026)
Warning: You are redefining a macro 'numAddr'.  (File: /hpc/home/connect.zzheng989/researchlib/VeriFlatten/eq_check/cascade_rocket/rocket.v Line: 2022)  (FMR_VLOG-026)
Warning: You are redefining a macro 'numWords'.  (File: /hpc/home/connect.zzheng989/researchlib/VeriFlatten/eq_check/cascade_rocket/rocket.v Line: 2023)  (FMR_VLOG-026)
Warning: You are redefining a macro 'wordLength'.  (File: /hpc/home/connect.zzheng989/researchlib/VeriFlatten/eq_check/cascade_rocket/rocket.v Line: 2024)  (FMR_VLOG-026)
Warning: You are redefining a macro 'wordLength'.  (File: /hpc/home/connect.zzheng989/researchlib/VeriFlatten/eq_check/cascade_rocket/rocket.v Line: 2233)  (FMR_VLOG-026)
Warning: You are redefining a macro 'wordLength'.  (File: /hpc/home/connect.zzheng989/researchlib/VeriFlatten/eq_check/cascade_rocket/rocket.v Line: 2345)  (FMR_VLOG-026)
Warning: You are redefining a macro 'wordLength'.  (File: /hpc/home/connect.zzheng989/researchlib/VeriFlatten/eq_check/cascade_rocket/rocket.v Line: 2471)  (FMR_VLOG-026)
Warning: You are redefining a macro 'wordLength'.  (File: /hpc/home/connect.zzheng989/researchlib/VeriFlatten/eq_check/cascade_rocket/rocket.v Line: 2599)  (FMR_VLOG-026)
Warning: You are redefining a macro 'wordLength'.  (File: /hpc/home/connect.zzheng989/researchlib/VeriFlatten/eq_check/cascade_rocket/rocket.v Line: 2744)  (FMR_VLOG-026)
Warning: You are redefining a macro 'numAddr'.  (File: /hpc/home/connect.zzheng989/researchlib/VeriFlatten/eq_check/cascade_rocket/rocket.v Line: 2830)  (FMR_VLOG-026)
Warning: You are redefining a macro 'numWords'.  (File: /hpc/home/connect.zzheng989/researchlib/VeriFlatten/eq_check/cascade_rocket/rocket.v Line: 2831)  (FMR_VLOG-026)
Warning: You are redefining a macro 'wordLength'.  (File: /hpc/home/connect.zzheng989/researchlib/VeriFlatten/eq_check/cascade_rocket/rocket.v Line: 2832)  (FMR_VLOG-026)
Warning: You are redefining a macro 'numAddr'.  (File: /hpc/home/connect.zzheng989/researchlib/VeriFlatten/eq_check/cascade_rocket/rocket.v Line: 2960)  (FMR_VLOG-026)
Warning: You are redefining a macro 'numWords'.  (File: /hpc/home/connect.zzheng989/researchlib/VeriFlatten/eq_check/cascade_rocket/rocket.v Line: 2961)  (FMR_VLOG-026)
Warning: You are redefining a macro 'wordLength'.  (File: /hpc/home/connect.zzheng989/researchlib/VeriFlatten/eq_check/cascade_rocket/rocket.v Line: 2962)  (FMR_VLOG-026)
Warning: You are redefining a macro 'wordLength'.  (File: /hpc/home/connect.zzheng989/researchlib/VeriFlatten/eq_check/cascade_rocket/rocket.v Line: 3058)  (FMR_VLOG-026)
Warning: You are redefining a macro 'numAddr'.  (File: /hpc/home/connect.zzheng989/researchlib/VeriFlatten/eq_check/cascade_rocket/rocket.v Line: 3144)  (FMR_VLOG-026)
Warning: You are redefining a macro 'numWords'.  (File: /hpc/home/connect.zzheng989/researchlib/VeriFlatten/eq_check/cascade_rocket/rocket.v Line: 3145)  (FMR_VLOG-026)
Warning: You are redefining a macro 'wordLength'.  (File: /hpc/home/connect.zzheng989/researchlib/VeriFlatten/eq_check/cascade_rocket/rocket.v Line: 3146)  (FMR_VLOG-026)
Warning: You are redefining a macro 'wordLength'.  (File: /hpc/home/connect.zzheng989/researchlib/VeriFlatten/eq_check/cascade_rocket/rocket.v Line: 3354)  (FMR_VLOG-026)
Warning: You are redefining a macro 'wordLength'.  (File: /hpc/home/connect.zzheng989/researchlib/VeriFlatten/eq_check/cascade_rocket/rocket.v Line: 3466)  (FMR_VLOG-026)
Warning: You are redefining a macro 'wordLength'.  (File: /hpc/home/connect.zzheng989/researchlib/VeriFlatten/eq_check/cascade_rocket/rocket.v Line: 3612)  (FMR_VLOG-026)
Warning: You are redefining a macro 'numAddr'.  (File: /hpc/home/connect.zzheng989/researchlib/VeriFlatten/eq_check/cascade_rocket/rocket.v Line: 3698)  (FMR_VLOG-026)
Warning: You are redefining a macro 'numWords'.  (File: /hpc/home/connect.zzheng989/researchlib/VeriFlatten/eq_check/cascade_rocket/rocket.v Line: 3699)  (FMR_VLOG-026)
Warning: You are redefining a macro 'wordLength'.  (File: /hpc/home/connect.zzheng989/researchlib/VeriFlatten/eq_check/cascade_rocket/rocket.v Line: 3700)  (FMR_VLOG-026)
Warning: You are redefining a macro 'wordLength'.  (File: /hpc/home/connect.zzheng989/researchlib/VeriFlatten/eq_check/cascade_rocket/rocket.v Line: 3908)  (FMR_VLOG-026)
Warning: You are redefining a macro 'wordLength'.  (File: /hpc/home/connect.zzheng989/researchlib/VeriFlatten/eq_check/cascade_rocket/rocket.v Line: 4008)  (FMR_VLOG-026)
Warning: You are redefining a macro 'wordLength'.  (File: /hpc/home/connect.zzheng989/researchlib/VeriFlatten/eq_check/cascade_rocket/rocket.v Line: 4109)  (FMR_VLOG-026)
Warning: You are redefining a macro 'wordLength'.  (File: /hpc/home/connect.zzheng989/researchlib/VeriFlatten/eq_check/cascade_rocket/rocket.v Line: 4211)  (FMR_VLOG-026)
Warning: You are redefining a macro 'wordLength'.  (File: /hpc/home/connect.zzheng989/researchlib/VeriFlatten/eq_check/cascade_rocket/rocket.v Line: 4323)  (FMR_VLOG-026)
Warning: You are redefining a macro 'wordLength'.  (File: /hpc/home/connect.zzheng989/researchlib/VeriFlatten/eq_check/cascade_rocket/rocket.v Line: 4437)  (FMR_VLOG-026)
Warning: You are redefining a macro 'numAddr'.  (File: /hpc/home/connect.zzheng989/researchlib/VeriFlatten/eq_check/cascade_rocket/rocket.v Line: 4523)  (FMR_VLOG-026)
Warning: You are redefining a macro 'numWords'.  (File: /hpc/home/connect.zzheng989/researchlib/VeriFlatten/eq_check/cascade_rocket/rocket.v Line: 4524)  (FMR_VLOG-026)
Warning: You are redefining a macro 'wordLength'.  (File: /hpc/home/connect.zzheng989/researchlib/VeriFlatten/eq_check/cascade_rocket/rocket.v Line: 4525)  (FMR_VLOG-026)
Warning: You are redefining a macro 'wordLength'.  (File: /hpc/home/connect.zzheng989/researchlib/VeriFlatten/eq_check/cascade_rocket/rocket.v Line: 4648)  (FMR_VLOG-026)
Warning: You are redefining a macro 'wordLength'.  (File: /hpc/home/connect.zzheng989/researchlib/VeriFlatten/eq_check/cascade_rocket/rocket.v Line: 4787)  (FMR_VLOG-026)
Warning: You are redefining a macro 'wordLength'.  (File: /hpc/home/connect.zzheng989/researchlib/VeriFlatten/eq_check/cascade_rocket/rocket.v Line: 4898)  (FMR_VLOG-026)
Warning: You are redefining a macro 'numAddr'.  (File: /hpc/home/connect.zzheng989/researchlib/VeriFlatten/eq_check/cascade_rocket/rocket.v Line: 5011)  (FMR_VLOG-026)
Warning: You are redefining a macro 'numWords'.  (File: /hpc/home/connect.zzheng989/researchlib/VeriFlatten/eq_check/cascade_rocket/rocket.v Line: 5012)  (FMR_VLOG-026)
Warning: You are redefining a macro 'wordLength'.  (File: /hpc/home/connect.zzheng989/researchlib/VeriFlatten/eq_check/cascade_rocket/rocket.v Line: 5013)  (FMR_VLOG-026)
Warning: You are redefining a macro 'wordLength'.  (File: /hpc/home/connect.zzheng989/researchlib/VeriFlatten/eq_check/cascade_rocket/rocket.v Line: 5136)  (FMR_VLOG-026)
Warning: You are redefining a macro 'wordLength'.  (File: /hpc/home/connect.zzheng989/researchlib/VeriFlatten/eq_check/cascade_rocket/rocket.v Line: 5275)  (FMR_VLOG-026)
Warning: You are redefining a macro 'wordLength'.  (File: /hpc/home/connect.zzheng989/researchlib/VeriFlatten/eq_check/cascade_rocket/rocket.v Line: 5386)  (FMR_VLOG-026)
Warning: You are redefining a macro 'numAddr'.  (File: /hpc/home/connect.zzheng989/researchlib/VeriFlatten/eq_check/cascade_rocket/rocket.v Line: 5499)  (FMR_VLOG-026)
Warning: You are redefining a macro 'numWords'.  (File: /hpc/home/connect.zzheng989/researchlib/VeriFlatten/eq_check/cascade_rocket/rocket.v Line: 5500)  (FMR_VLOG-026)
Warning: You are redefining a macro 'wordLength'.  (File: /hpc/home/connect.zzheng989/researchlib/VeriFlatten/eq_check/cascade_rocket/rocket.v Line: 5501)  (FMR_VLOG-026)
Warning: You are redefining a macro 'wordLength'.  (File: /hpc/home/connect.zzheng989/researchlib/VeriFlatten/eq_check/cascade_rocket/rocket.v Line: 5624)  (FMR_VLOG-026)
Warning: You are redefining a macro 'wordLength'.  (File: /hpc/home/connect.zzheng989/researchlib/VeriFlatten/eq_check/cascade_rocket/rocket.v Line: 5753)  (FMR_VLOG-026)
Warning: You are redefining a macro 'wordLength'.  (File: /hpc/home/connect.zzheng989/researchlib/VeriFlatten/eq_check/cascade_rocket/rocket.v Line: 5892)  (FMR_VLOG-026)
Warning: You are redefining a macro 'wordLength'.  (File: /hpc/home/connect.zzheng989/researchlib/VeriFlatten/eq_check/cascade_rocket/rocket.v Line: 6032)  (FMR_VLOG-026)
Warning: You are redefining a macro 'wordLength'.  (File: /hpc/home/connect.zzheng989/researchlib/VeriFlatten/eq_check/cascade_rocket/rocket.v Line: 6178)  (FMR_VLOG-026)
Warning: You are redefining a macro 'wordLength'.  (File: /hpc/home/connect.zzheng989/researchlib/VeriFlatten/eq_check/cascade_rocket/rocket.v Line: 6289)  (FMR_VLOG-026)
Warning: You are redefining a macro 'numAddr'.  (File: /hpc/home/connect.zzheng989/researchlib/VeriFlatten/eq_check/cascade_rocket/rocket.v Line: 6402)  (FMR_VLOG-026)
Warning: You are redefining a macro 'numWords'.  (File: /hpc/home/connect.zzheng989/researchlib/VeriFlatten/eq_check/cascade_rocket/rocket.v Line: 6403)  (FMR_VLOG-026)
Warning: You are redefining a macro 'wordLength'.  (File: /hpc/home/connect.zzheng989/researchlib/VeriFlatten/eq_check/cascade_rocket/rocket.v Line: 6404)  (FMR_VLOG-026)
Warning: You are redefining a macro 'wordLength'.  (File: /hpc/home/connect.zzheng989/researchlib/VeriFlatten/eq_check/cascade_rocket/rocket.v Line: 6527)  (FMR_VLOG-026)
Warning: You are redefining a macro 'wordLength'.  (File: /hpc/home/connect.zzheng989/researchlib/VeriFlatten/eq_check/cascade_rocket/rocket.v Line: 6658)  (FMR_VLOG-026)
Warning: You are redefining a macro 'wordLength'.  (File: /hpc/home/connect.zzheng989/researchlib/VeriFlatten/eq_check/cascade_rocket/rocket.v Line: 6797)  (FMR_VLOG-026)
Warning: You are redefining a macro 'wordLength'.  (File: /hpc/home/connect.zzheng989/researchlib/VeriFlatten/eq_check/cascade_rocket/rocket.v Line: 6908)  (FMR_VLOG-026)
Current container set to 'r'
   ATTENTION: RTL interpretation messages were produced during read.
              Verification results may disagree with a logic simulator.
1
set_top RocketTile
Setting top design to 'r:/WORK/RocketTile'
Status:   Elaborating design RocketTile   ...  
Status:   Elaborating design TLXbar_8   ...  
Status:   Elaborating design TLMonitor_29   ...  
Status:   Elaborating design TLMonitor_30   ...  
Status:   Elaborating design TLXbar_3   ...  
Status:   Elaborating design IntXbar_1   ...  
Status:   Elaborating design BundleBridgeNexus_6   ...  
Status:   Elaborating design BundleBridgeNexus_7   ...  
Status:   Elaborating design BundleBridgeNexus_8   ...  
Status:   Elaborating design IntXbar   ...  
Status:   Elaborating design BundleBridgeNexus_10   ...  
Status:   Elaborating design BundleBridgeNexus_11   ...  
Status:   Elaborating design BundleBridgeNexus_12   ...  
Status:   Elaborating design DCache   ...  
Status:   Elaborating design TLB   ...  
Status:   Elaborating design OptimizationBarrier   ...  
Status:   Elaborating design PMPChecker   ...  
Status:   Elaborating design MaxPeriodFibonacciLFSR   ...  
Status:   Elaborating design DCacheModuleImpl_Anon_1   ...  
Status:   Elaborating design tag_array_64x88   ...  
Status:   Elaborating design DCacheDataArray   ...  
Status:   Elaborating design data_arrays_0_512x256   ...  
Status:   Elaborating design DCacheModuleImpl_Anon_2   ...  
Status:   Elaborating design AMOALU   ...  
Status:   Elaborating design Frontend   ...  
Status:   Elaborating design ICache   ...  
Status:   Elaborating design tag_array_64x84   ...  
Status:   Elaborating design data_arrays_512x128   ...  
Status:   Elaborating design ShiftQueue   ...  
Status:   Elaborating design TLB_1   ...  
Status:   Elaborating design PMPChecker_2   ...  
Status:   Elaborating design FPU   ...  
Status:   Elaborating design FPUDecoder   ...  
Status:   Elaborating design regfile_32x65   ...  
Status:   Elaborating design FPUFMAPipe   ...  
Status:   Elaborating design MulAddRecFNPipe   ...  
Status:   Elaborating design MulAddRecFNToRaw_preMul   ...  
Warning: Signed to unsigned assignment occurs. (File: /hpc/home/connect.zzheng989/researchlib/VeriFlatten/eq_check/cascade_rocket/rocket.v Line: 188340)  (FMR_VLOG-063)
Warning: Signed to unsigned assignment occurs. (File: /hpc/home/connect.zzheng989/researchlib/VeriFlatten/eq_check/cascade_rocket/rocket.v Line: 188380)  (FMR_VLOG-063)
Status:   Elaborating design MulAddRecFNToRaw_postMul   ...  
Warning: Signed to unsigned assignment occurs. (File: /hpc/home/connect.zzheng989/researchlib/VeriFlatten/eq_check/cascade_rocket/rocket.v Line: 188600)  (FMR_VLOG-063)
Warning: Signed to unsigned assignment occurs. (File: /hpc/home/connect.zzheng989/researchlib/VeriFlatten/eq_check/cascade_rocket/rocket.v Line: 188997)  (FMR_VLOG-063)
Status:   Elaborating design RoundRawFNToRecFN   ...  
Status:   Elaborating design RoundAnyRawFNToRecFN   ...  
Warning: Signed to unsigned assignment occurs. (File: /hpc/home/connect.zzheng989/researchlib/VeriFlatten/eq_check/cascade_rocket/rocket.v Line: 189143)  (FMR_VLOG-063)
Warning: Signed to unsigned assignment occurs. (File: /hpc/home/connect.zzheng989/researchlib/VeriFlatten/eq_check/cascade_rocket/rocket.v Line: 189207)  (FMR_VLOG-063)
Status:   Elaborating design FPToInt   ...  
Status:   Elaborating design CompareRecFN   ...  
Status:   Elaborating design RecFNToIN   ...  
Status:   Elaborating design RecFNToIN_1   ...  
Status:   Elaborating design IntToFP   ...  
Status:   Elaborating design INToRecFN   ...  
Status:   Elaborating design RoundAnyRawFNToRecFN_1   ...  
Status:   Elaborating design INToRecFN_1   ...  
Status:   Elaborating design RoundAnyRawFNToRecFN_2   ...  
Status:   Elaborating design FPToFP   ...  
Status:   Elaborating design RecFNToRecFN   ...  
Status:   Elaborating design RoundAnyRawFNToRecFN_3   ...  
Warning: Signed to unsigned assignment occurs. (File: /hpc/home/connect.zzheng989/researchlib/VeriFlatten/eq_check/cascade_rocket/rocket.v Line: 192718)  (FMR_VLOG-063)
Warning: Signed to unsigned assignment occurs. (File: /hpc/home/connect.zzheng989/researchlib/VeriFlatten/eq_check/cascade_rocket/rocket.v Line: 192782)  (FMR_VLOG-063)
Status:   Elaborating design FPUFMAPipe_1   ...  
Status:   Elaborating design MulAddRecFNPipe_1   ...  
Status:   Elaborating design MulAddRecFNToRaw_preMul_1   ...  
Warning: Signed to unsigned assignment occurs. (File: /hpc/home/connect.zzheng989/researchlib/VeriFlatten/eq_check/cascade_rocket/rocket.v Line: 193457)  (FMR_VLOG-063)
Warning: Signed to unsigned assignment occurs. (File: /hpc/home/connect.zzheng989/researchlib/VeriFlatten/eq_check/cascade_rocket/rocket.v Line: 193536)  (FMR_VLOG-063)
Status:   Elaborating design MulAddRecFNToRaw_postMul_1   ...  
Warning: Signed to unsigned assignment occurs. (File: /hpc/home/connect.zzheng989/researchlib/VeriFlatten/eq_check/cascade_rocket/rocket.v Line: 193840)  (FMR_VLOG-063)
Warning: Signed to unsigned assignment occurs. (File: /hpc/home/connect.zzheng989/researchlib/VeriFlatten/eq_check/cascade_rocket/rocket.v Line: 194658)  (FMR_VLOG-063)
Status:   Elaborating design RoundRawFNToRecFN_1   ...  
Status:   Elaborating design RoundAnyRawFNToRecFN_4   ...  
Warning: Signed to unsigned assignment occurs. (File: /hpc/home/connect.zzheng989/researchlib/VeriFlatten/eq_check/cascade_rocket/rocket.v Line: 194850)  (FMR_VLOG-063)
Warning: Signed to unsigned assignment occurs. (File: /hpc/home/connect.zzheng989/researchlib/VeriFlatten/eq_check/cascade_rocket/rocket.v Line: 194971)  (FMR_VLOG-063)
Status:   Elaborating design DivSqrtRecFN_small   ...  
Status:   Elaborating design DivSqrtRecFNToRaw_small   ...  
Status:   Elaborating design DivSqrtRawFN_small   ...  
Status:   Elaborating design DivSqrtRecFN_small_1   ...  
Status:   Elaborating design DivSqrtRecFNToRaw_small_1   ...  
Status:   Elaborating design DivSqrtRawFN_small_1   ...  
Status:   Elaborating design HellaCacheArbiter   ...  
Status:   Elaborating design PTW   ...  
Status:   Elaborating design Arbiter   ...  
Status:   Elaborating design l2_tlb_ram_0_512x45   ...  
Status:   Elaborating design OptimizationBarrier_42   ...  
Status:   Elaborating design OptimizationBarrier_43   ...  
Status:   Elaborating design Rocket   ...  
Status:   Elaborating design IBuf   ...  
Status:   Elaborating design RVCExpander   ...  
Status:   Elaborating design rf_31x64   ...  
Warning: Index may take values outside array bound, may cause simulation mismatch .. (Signal: Memory Block: /rf_31x64 File: /hpc/home/connect.zzheng989/researchlib/VeriFlatten/eq_check/cascade_rocket/rocket.v Line: 225225)  (FMR_ELAB-147)
Warning: Index may take values outside array bound, may cause simulation mismatch .. (Signal: Memory Block: /rf_31x64 File: /hpc/home/connect.zzheng989/researchlib/VeriFlatten/eq_check/cascade_rocket/rocket.v Line: 225226)  (FMR_ELAB-147)
Status:   Elaborating design CSRFile   ...  
Status:   Elaborating design BreakpointUnit   ...  
Status:   Elaborating design ALU   ...  
Warning: Signed to unsigned assignment occurs. (File: /hpc/home/connect.zzheng989/researchlib/VeriFlatten/eq_check/cascade_rocket/rocket.v Line: 224726)  (FMR_VLOG-063)
Status:   Elaborating design MulDiv   ...  
Warning: Signed to unsigned assignment occurs. (File: /hpc/home/connect.zzheng989/researchlib/VeriFlatten/eq_check/cascade_rocket/rocket.v Line: 224973)  (FMR_VLOG-063)
Status:   Elaborating design PlusArgTimeout   ...  
Status:  Implementing inferred operators...
Top design set to 'r:/WORK/RocketTile' with warnings
   ATTENTION: RTL interpretation messages were produced during link.
              Verification results may disagree with a logic simulator.

************ RTL Interpretation Summary ************
************ Design: r:/WORK/RocketTile
2 FMR_ELAB-147 messages produced    

Please refer to the Formality log file for more details,
or execute report_hdlin_mismatches.
****************************************************

Reference design set to 'r:/WORK/RocketTile'
1
read_sverilog -i -17 f_rocket.v
No target library specified, default is WORK
Loading verilog file '/hpc/home/connect.zzheng989/researchlib/VeriFlatten/eq_check/cascade_rocket/f_rocket.v'
Current container set to 'i'
1
set_top RocketTile
Setting top design to 'i:/WORK/RocketTile'
Status:   Elaborating design RocketTile   ...  
Warning: Signed to unsigned assignment occurs. (File: /hpc/home/connect.zzheng989/researchlib/VeriFlatten/eq_check/cascade_rocket/f_rocket.v Line: 74790)  (FMR_VLOG-063)
Warning: Signed to unsigned assignment occurs. (File: /hpc/home/connect.zzheng989/researchlib/VeriFlatten/eq_check/cascade_rocket/f_rocket.v Line: 74812)  (FMR_VLOG-063)
Warning: Signed to unsigned assignment occurs. (File: /hpc/home/connect.zzheng989/researchlib/VeriFlatten/eq_check/cascade_rocket/f_rocket.v Line: 74829)  (FMR_VLOG-063)
Warning: Signed to unsigned assignment occurs. (File: /hpc/home/connect.zzheng989/researchlib/VeriFlatten/eq_check/cascade_rocket/f_rocket.v Line: 74853)  (FMR_VLOG-063)
Warning: Signed to unsigned assignment occurs. (File: /hpc/home/connect.zzheng989/researchlib/VeriFlatten/eq_check/cascade_rocket/f_rocket.v Line: 74960)  (FMR_VLOG-063)
Warning: Signed to unsigned assignment occurs. (File: /hpc/home/connect.zzheng989/researchlib/VeriFlatten/eq_check/cascade_rocket/f_rocket.v Line: 74985)  (FMR_VLOG-063)
Warning: Signed to unsigned assignment occurs. (File: /hpc/home/connect.zzheng989/researchlib/VeriFlatten/eq_check/cascade_rocket/f_rocket.v Line: 75085)  (FMR_VLOG-063)
Warning: Signed to unsigned assignment occurs. (File: /hpc/home/connect.zzheng989/researchlib/VeriFlatten/eq_check/cascade_rocket/f_rocket.v Line: 75098)  (FMR_VLOG-063)
Warning: Signed to unsigned assignment occurs. (File: /hpc/home/connect.zzheng989/researchlib/VeriFlatten/eq_check/cascade_rocket/f_rocket.v Line: 75106)  (FMR_VLOG-063)
Warning: Signed to unsigned assignment occurs. (File: /hpc/home/connect.zzheng989/researchlib/VeriFlatten/eq_check/cascade_rocket/f_rocket.v Line: 75128)  (FMR_VLOG-063)
Warning: Signed to unsigned assignment occurs. (File: /hpc/home/connect.zzheng989/researchlib/VeriFlatten/eq_check/cascade_rocket/f_rocket.v Line: 75218)  (FMR_VLOG-063)
Warning: Signed to unsigned assignment occurs. (File: /hpc/home/connect.zzheng989/researchlib/VeriFlatten/eq_check/cascade_rocket/f_rocket.v Line: 75231)  (FMR_VLOG-063)
Warning: Signed to unsigned assignment occurs. (File: /hpc/home/connect.zzheng989/researchlib/VeriFlatten/eq_check/cascade_rocket/f_rocket.v Line: 75239)  (FMR_VLOG-063)
Warning: Signed to unsigned assignment occurs. (File: /hpc/home/connect.zzheng989/researchlib/VeriFlatten/eq_check/cascade_rocket/f_rocket.v Line: 75264)  (FMR_VLOG-063)
Warning: Signed to unsigned assignment occurs. (File: /hpc/home/connect.zzheng989/researchlib/VeriFlatten/eq_check/cascade_rocket/f_rocket.v Line: 76807)  (FMR_VLOG-063)
Warning: Signed to unsigned assignment occurs. (File: /hpc/home/connect.zzheng989/researchlib/VeriFlatten/eq_check/cascade_rocket/f_rocket.v Line: 76861)  (FMR_VLOG-063)
Warning: Signed to unsigned assignment occurs. (File: /hpc/home/connect.zzheng989/researchlib/VeriFlatten/eq_check/cascade_rocket/f_rocket.v Line: 77197)  (FMR_VLOG-063)
Warning: Signed to unsigned assignment occurs. (File: /hpc/home/connect.zzheng989/researchlib/VeriFlatten/eq_check/cascade_rocket/f_rocket.v Line: 77223)  (FMR_VLOG-063)
Warning: Signed to unsigned assignment occurs. (File: /hpc/home/connect.zzheng989/researchlib/VeriFlatten/eq_check/cascade_rocket/f_rocket.v Line: 77246)  (FMR_VLOG-063)
Warning: Signed to unsigned assignment occurs. (File: /hpc/home/connect.zzheng989/researchlib/VeriFlatten/eq_check/cascade_rocket/f_rocket.v Line: 77255)  (FMR_VLOG-063)
Warning: Signed to unsigned assignment occurs. (File: /hpc/home/connect.zzheng989/researchlib/VeriFlatten/eq_check/cascade_rocket/f_rocket.v Line: 77486)  (FMR_VLOG-063)
Warning: Signed to unsigned assignment occurs. (File: /hpc/home/connect.zzheng989/researchlib/VeriFlatten/eq_check/cascade_rocket/f_rocket.v Line: 77511)  (FMR_VLOG-063)
Warning: Signed to unsigned assignment occurs. (File: /hpc/home/connect.zzheng989/researchlib/VeriFlatten/eq_check/cascade_rocket/f_rocket.v Line: 77525)  (FMR_VLOG-063)
Warning: Signed to unsigned assignment occurs. (File: /hpc/home/connect.zzheng989/researchlib/VeriFlatten/eq_check/cascade_rocket/f_rocket.v Line: 77550)  (FMR_VLOG-063)
Warning: Signed to unsigned assignment occurs. (File: /hpc/home/connect.zzheng989/researchlib/VeriFlatten/eq_check/cascade_rocket/f_rocket.v Line: 77602)  (FMR_VLOG-063)
Warning: Signed to unsigned assignment occurs. (File: /hpc/home/connect.zzheng989/researchlib/VeriFlatten/eq_check/cascade_rocket/f_rocket.v Line: 77614)  (FMR_VLOG-063)
Warning: Index may take values outside array bound, may cause simulation mismatch .. (Signal: RocketTile___core___rf_ext___Memory Block: /RocketTile File: /hpc/home/connect.zzheng989/researchlib/VeriFlatten/eq_check/cascade_rocket/f_rocket.v Line: 75987)  (FMR_ELAB-147)
Warning: Index may take values outside array bound, may cause simulation mismatch .. (Signal: RocketTile___core___rf_ext___Memory Block: /RocketTile File: /hpc/home/connect.zzheng989/researchlib/VeriFlatten/eq_check/cascade_rocket/f_rocket.v Line: 75988)  (FMR_ELAB-147)
Warning: Index may take values outside array bound, may cause simulation mismatch .. (Signal: RocketTile___core___rf_ext___Memory Block: /RocketTile File: /hpc/home/connect.zzheng989/researchlib/VeriFlatten/eq_check/cascade_rocket/f_rocket.v Line: 75990)  (FMR_ELAB-147)
Warning: Index may take values outside array bound, may cause simulation mismatch .. (Signal: RocketTile___core___rf_ext___Memory Block: /RocketTile File: /hpc/home/connect.zzheng989/researchlib/VeriFlatten/eq_check/cascade_rocket/f_rocket.v Line: 75991)  (FMR_ELAB-147)
Status:  Implementing inferred operators...
Top design set to 'i:/WORK/RocketTile' with warnings
   ATTENTION: RTL interpretation messages were produced during link.
              Verification results may disagree with a logic simulator.

************ RTL Interpretation Summary ************
************ Design: i:/WORK/RocketTile
4 FMR_ELAB-147 messages produced    

Please refer to the Formality log file for more details,
or execute report_hdlin_mismatches.
****************************************************

Implementation design set to 'i:/WORK/RocketTile'
1
verify -restart
Reference design is 'r:/WORK/RocketTile'
Implementation design is 'i:/WORK/RocketTile'
Status:  Checking designs...
    Warning: 459 (209) undriven nets found in reference (implementation) design; see formality.log for list (FM-399)
    Warning: 5 (0) black-box references found in reference (implementation) design; see formality.log for list (FM-182)
Status:  Building verification models...
    Info:  Constant registers have been identified that were initialized by some objects that were assumed to toggle.
           For more info use commands: report_potentially_constant_registers  and report_init_toggle_objects
Status:  Matching...
    
*********************************** Matching Results ***********************************    
 312227 Compare points matched by name    
 10 Compare points matched by signature analysis    
 0 Compare points matched by topology    
 163 Matched primary inputs, black-box outputs    
 114(0) Unmatched reference(implementation) compare points    
 0(0) Unmatched reference(implementation) primary inputs, black-box outputs    
 8(8) Unmatched reference(implementation) unread points    
----------------------------------------------------------------------------------------    
Unmatched Objects                                                        REF        IMPL    
----------------------------------------------------------------------------------------    
 Black-boxes (BBox)                                                        5           0    
 Black-box input pins (BBPin)                                             17           0    
 Cut-points (Cut)                                                         97           0    
****************************************************************************************

    Info:  Formality Guide Files (SVF) can improve matching performance and success by automating setup.
Status:  Verifying...
...
    Compare point RocketTile___frontend___fq___elts_4_btb_bridx_reg failed (is not equivalent)
    Compare point RocketTile___core___rf_ext___Memory_reg[5][28] failed (is not equivalent)
    Compare point RocketTile___core___rf_ext___Memory_reg[5][27] failed (is not equivalent)
    Compare point RocketTile___core___rf_ext___Memory_reg[5][16] failed (is not equivalent)
    Compare point RocketTile___core___rf_ext___Memory_reg[5][26] failed (is not equivalent)
    Compare point RocketTile___core___rf_ext___Memory_reg[5][24] failed (is not equivalent)
    Compare point RocketTile___core___rf_ext___Memory_reg[5][39] failed (is not equivalent)
    Compare point RocketTile___core___rf_ext___Memory_reg[5][30] failed (is not equivalent)
    Compare point RocketTile___core___rf_ext___Memory_reg[5][31] failed (is not equivalent)
    Compare point RocketTile___core___rf_ext___Memory_reg[5][42] failed (is not equivalent)
    Compare point RocketTile___core___rf_ext___Memory_reg[5][41] failed (is not equivalent)
    Compare point RocketTile___core___rf_ext___Memory_reg[5][34] failed (is not equivalent)
    Compare point RocketTile___core___rf_ext___Memory_reg[5][36] failed (is not equivalent)
    Compare point RocketTile___core___rf_ext___Memory_reg[5][29] failed (is not equivalent)
    Compare point RocketTile___core___rf_ext___Memory_reg[5][25] failed (is not equivalent)
    Compare point RocketTile___core___rf_ext___Memory_reg[5][40] failed (is not equivalent)
    Compare point RocketTile___core___rf_ext___Memory_reg[5][43] failed (is not equivalent)
    Compare point RocketTile___core___rf_ext___Memory_reg[5][47] failed (is not equivalent)
    Compare point RocketTile___core___rf_ext___Memory_reg[5][48] failed (is not equivalent)
    Compare point RocketTile___core___rf_ext___Memory_reg[5][49] failed (is not equivalent)
    Compare point RocketTile___core___rf_ext___Memory_reg[5][35] failed (is not equivalent)
    Compare point RocketTile___core___rf_ext___Memory_reg[5][32] failed (is not equivalent)
    Compare point RocketTile___core___rf_ext___Memory_reg[5][33] failed (is not equivalent)
    Compare point RocketTile___core___rf_ext___Memory_reg[5][44] failed (is not equivalent)
    Compare point RocketTile___core___rf_ext___Memory_reg[5][38] failed (is not equivalent)
    Compare point RocketTile___core___rf_ext___Memory_reg[5][46] failed (is not equivalent)
    Compare point RocketTile___core___rf_ext___Memory_reg[5][45] failed (is not equivalent)
    Compare point RocketTile___core___rf_ext___Memory_reg[5][37] failed (is not equivalent)
    Compare point RocketTile___core___rf_ext___Memory_reg[5][10] failed (is not equivalent)
    Compare point RocketTile___core___rf_ext___Memory_reg[5][22] failed (is not equivalent)
    Compare point RocketTile___core___rf_ext___Memory_reg[5][17] failed (is not equivalent)
    Compare point RocketTile___core___rf_ext___Memory_reg[5][23] failed (is not equivalent)
    Compare point RocketTile___core___rf_ext___Memory_reg[5][14] failed (is not equivalent)
    Compare point RocketTile___core___rf_ext___Memory_reg[5][21] failed (is not equivalent)
    Compare point RocketTile___core___rf_ext___Memory_reg[5][20] failed (is not equivalent)
    Compare point RocketTile___core___rf_ext___Memory_reg[5][19] failed (is not equivalent)
    Compare point RocketTile___core___rf_ext___Memory_reg[5][11] failed (is not equivalent)
    Compare point RocketTile___core___rf_ext___Memory_reg[5][15] failed (is not equivalent)
    Compare point RocketTile___core___rf_ext___Memory_reg[5][6] failed (is not equivalent)
    Compare point RocketTile___core___rf_ext___Memory_reg[5][18] failed (is not equivalent)
    Compare point RocketTile___core___rf_ext___Memory_reg[5][13] failed (is not equivalent)
    Compare point RocketTile___core___rf_ext___Memory_reg[5][4] failed (is not equivalent)
    Compare point RocketTile___core___rf_ext___Memory_reg[5][12] failed (is not equivalent)
    Compare point RocketTile___core___rf_ext___Memory_reg[5][9] failed (is not equivalent)
    Compare point RocketTile___core___rf_ext___Memory_reg[5][8] failed (is not equivalent)
    Compare point RocketTile___core___rf_ext___Memory_reg[5][7] failed (is not equivalent)
    Compare point RocketTile___core___rf_ext___Memory_reg[5][3] failed (is not equivalent)
    Compare point RocketTile___core___rf_ext___Memory_reg[5][5] failed (is not equivalent)
    Compare point RocketTile___core___rf_ext___Memory_reg[5][2] failed (is not equivalent)
    Compare point RocketTile___core___rf_ext___Memory_reg[5][1] failed (is not equivalent)
    Compare point RocketTile___core___rf_ext___Memory_reg[0][49] failed (is not equivalent)
    Compare point RocketTile___core___rf_ext___Memory_reg[0][48] failed (is not equivalent)
    Compare point RocketTile___core___rf_ext___Memory_reg[0][47] failed (is not equivalent)
    Compare point RocketTile___core___rf_ext___Memory_reg[0][46] failed (is not equivalent)
    Compare point RocketTile___core___rf_ext___Memory_reg[0][45] failed (is not equivalent)
    Compare point RocketTile___core___rf_ext___Memory_reg[0][44] failed (is not equivalent)
    Compare point RocketTile___core___rf_ext___Memory_reg[0][43] failed (is not equivalent)
    Compare point RocketTile___core___rf_ext___Memory_reg[0][42] failed (is not equivalent)
    Compare point RocketTile___core___rf_ext___Memory_reg[0][41] failed (is not equivalent)
    Compare point RocketTile___core___rf_ext___Memory_reg[0][40] failed (is not equivalent)
    Compare point RocketTile___core___rf_ext___Memory_reg[0][39] failed (is not equivalent)
    Compare point RocketTile___core___rf_ext___Memory_reg[0][38] failed (is not equivalent)
    Compare point RocketTile___core___rf_ext___Memory_reg[0][37] failed (is not equivalent)
    Compare point RocketTile___core___rf_ext___Memory_reg[0][36] failed (is not equivalent)
    Compare point RocketTile___core___rf_ext___Memory_reg[0][35] failed (is not equivalent)
    Compare point RocketTile___core___rf_ext___Memory_reg[0][34] failed (is not equivalent)
    Compare point RocketTile___core___rf_ext___Memory_reg[0][33] failed (is not equivalent)
    Compare point RocketTile___core___rf_ext___Memory_reg[0][32] failed (is not equivalent)
    Compare point RocketTile___core___rf_ext___Memory_reg[0][31] failed (is not equivalent)
    Compare point RocketTile___core___rf_ext___Memory_reg[0][30] failed (is not equivalent)
    Compare point RocketTile___core___rf_ext___Memory_reg[0][29] failed (is not equivalent)
    Compare point RocketTile___core___rf_ext___Memory_reg[0][28] failed (is not equivalent)
    Compare point RocketTile___core___rf_ext___Memory_reg[0][27] failed (is not equivalent)
    Compare point RocketTile___core___rf_ext___Memory_reg[0][26] failed (is not equivalent)
    Compare point RocketTile___core___rf_ext___Memory_reg[0][25] failed (is not equivalent)
    Compare point RocketTile___core___rf_ext___Memory_reg[0][24] failed (is not equivalent)
    Compare point RocketTile___core___rf_ext___Memory_reg[0][16] failed (is not equivalent)
    Compare point RocketTile___core___rf_ext___Memory_reg[0][14] failed (is not equivalent)
    Compare point RocketTile___core___rf_ext___Memory_reg[0][23] failed (is not equivalent)
    Compare point RocketTile___core___rf_ext___Memory_reg[0][22] failed (is not equivalent)
    Compare point RocketTile___core___rf_ext___Memory_reg[0][21] failed (is not equivalent)
    Compare point RocketTile___core___rf_ext___Memory_reg[0][17] failed (is not equivalent)
    Compare point RocketTile___core___rf_ext___Memory_reg[0][10] failed (is not equivalent)
    Compare point RocketTile___core___rf_ext___Memory_reg[0][6] failed (is not equivalent)
    Compare point RocketTile___core___rf_ext___Memory_reg[0][20] failed (is not equivalent)
    Compare point RocketTile___core___rf_ext___Memory_reg[0][19] failed (is not equivalent)
    Compare point RocketTile___core___rf_ext___Memory_reg[0][18] failed (is not equivalent)
    Compare point RocketTile___core___rf_ext___Memory_reg[0][15] failed (is not equivalent)
    Compare point RocketTile___core___rf_ext___Memory_reg[0][11] failed (is not equivalent)
    Compare point RocketTile___core___rf_ext___Memory_reg[0][4] failed (is not equivalent)
    Compare point RocketTile___core___rf_ext___Memory_reg[0][13] failed (is not equivalent)
    Compare point RocketTile___core___rf_ext___Memory_reg[0][12] failed (is not equivalent)
    Compare point RocketTile___core___rf_ext___Memory_reg[0][9] failed (is not equivalent)
    Compare point RocketTile___core___rf_ext___Memory_reg[0][8] failed (is not equivalent)
    Compare point RocketTile___core___rf_ext___Memory_reg[0][7] failed (is not equivalent)
    Compare point RocketTile___core___rf_ext___Memory_reg[0][3] failed (is not equivalent)
    Compare point RocketTile___core___rf_ext___Memory_reg[0][5] failed (is not equivalent)
    Compare point RocketTile___core___rf_ext___Memory_reg[0][2] failed (is not equivalent)
    Compare point RocketTile___core___rf_ext___Memory_reg[0][1] failed (is not equivalent)
    Compare point RocketTile___core___ex_reg_rs_lsb_0_reg[1] failed (is not equivalent)
    Compare point RocketTile___core___ex_reg_rs_msb_0_reg[12] failed (is not equivalent)
    Compare point RocketTile___core___ex_reg_rs_msb_0_reg[9] failed (is not equivalent)
    Compare point RocketTile___core___ex_reg_rs_msb_0_reg[8] failed (is not equivalent)
    Compare point RocketTile___core___ex_reg_rs_msb_0_reg[7] failed (is not equivalent)
    Compare point RocketTile___core___ex_reg_rs_msb_0_reg[6] failed (is not equivalent)
    Compare point RocketTile___core___ex_reg_rs_msb_0_reg[5] failed (is not equivalent)
    Compare point RocketTile___core___ex_reg_rs_msb_0_reg[4] failed (is not equivalent)
    Compare point RocketTile___core___ex_reg_rs_msb_0_reg[47] failed (is not equivalent)
    Compare point RocketTile___core___ex_reg_rs_msb_0_reg[46] failed (is not equivalent)
    Compare point RocketTile___core___ex_reg_rs_msb_0_reg[45] failed (is not equivalent)
    Compare point RocketTile___core___ex_reg_rs_msb_0_reg[44] failed (is not equivalent)
    Compare point RocketTile___core___ex_reg_rs_msb_0_reg[43] failed (is not equivalent)
    Compare point RocketTile___core___ex_reg_rs_msb_0_reg[42] failed (is not equivalent)
    Compare point RocketTile___core___ex_reg_rs_msb_0_reg[41] failed (is not equivalent)
    Compare point RocketTile___core___ex_reg_rs_msb_0_reg[40] failed (is not equivalent)
    Compare point RocketTile___core___ex_reg_rs_msb_0_reg[3] failed (is not equivalent)
    Compare point RocketTile___core___ex_reg_rs_msb_0_reg[39] failed (is not equivalent)
    Compare point RocketTile___core___ex_reg_rs_msb_0_reg[38] failed (is not equivalent)
    Compare point RocketTile___core___ex_reg_rs_msb_0_reg[37] failed (is not equivalent)
    Compare point RocketTile___core___ex_reg_rs_msb_0_reg[36] failed (is not equivalent)
    Compare point RocketTile___core___ex_reg_rs_msb_0_reg[35] failed (is not equivalent)
    Compare point RocketTile___core___ex_reg_rs_msb_0_reg[34] failed (is not equivalent)
    Compare point RocketTile___core___ex_reg_rs_msb_0_reg[33] failed (is not equivalent)
    Compare point RocketTile___core___ex_reg_rs_msb_0_reg[32] failed (is not equivalent)
    Compare point RocketTile___core___ex_reg_rs_msb_0_reg[31] failed (is not equivalent)
    Compare point RocketTile___core___ex_reg_rs_msb_0_reg[30] failed (is not equivalent)
    Compare point RocketTile___core___ex_reg_rs_msb_0_reg[2] failed (is not equivalent)
    Compare point RocketTile___core___ex_reg_rs_msb_0_reg[29] failed (is not equivalent)
    Compare point RocketTile___core___ex_reg_rs_msb_0_reg[28] failed (is not equivalent)
    Compare point RocketTile___core___ex_reg_rs_msb_0_reg[27] failed (is not equivalent)
    Compare point RocketTile___core___ex_reg_rs_msb_0_reg[26] failed (is not equivalent)
    Compare point RocketTile___core___ex_reg_rs_msb_0_reg[25] failed (is not equivalent)
    Compare point RocketTile___core___ex_reg_rs_msb_0_reg[24] failed (is not equivalent)
    Compare point RocketTile___core___ex_reg_rs_msb_0_reg[23] failed (is not equivalent)
    Compare point RocketTile___core___ex_reg_rs_msb_0_reg[22] failed (is not equivalent)
    Compare point RocketTile___core___ex_reg_rs_msb_0_reg[21] failed (is not equivalent)
    Compare point RocketTile___core___ex_reg_rs_msb_0_reg[20] failed (is not equivalent)
    Compare point RocketTile___core___ex_reg_rs_msb_0_reg[1] failed (is not equivalent)
    Compare point RocketTile___core___ex_reg_rs_msb_0_reg[19] failed (is not equivalent)
    Compare point RocketTile___core___ex_reg_rs_msb_0_reg[18] failed (is not equivalent)
    Compare point RocketTile___core___ex_reg_rs_msb_0_reg[17] failed (is not equivalent)
    Compare point RocketTile___core___ex_reg_rs_msb_0_reg[16] failed (is not equivalent)
    Compare point RocketTile___core___ex_reg_rs_msb_0_reg[15] failed (is not equivalent)
    Compare point RocketTile___core___ex_reg_rs_msb_0_reg[14] failed (is not equivalent)
    Compare point RocketTile___core___ex_reg_rs_msb_0_reg[13] failed (is not equivalent)
    Compare point RocketTile___core___ex_reg_rs_msb_0_reg[11] failed (is not equivalent)
    Compare point RocketTile___core___ex_reg_rs_msb_0_reg[10] failed (is not equivalent)
    Compare point RocketTile___core___ex_reg_rs_msb_0_reg[0] failed (is not equivalent)
    Compare point RocketTile___core___ex_reg_rs_bypass_0_reg failed (is not equivalent)
    Compare point RocketTile___core___ex_reg_rs_lsb_0_reg[0] failed (is not equivalent)
    Compare point RocketTile___core___ex_reg_rs_msb_0_reg[61] failed (is not equivalent)
    Compare point RocketTile___core___ex_reg_rs_msb_0_reg[60] failed (is not equivalent)
    Compare point RocketTile___core___ex_reg_rs_msb_0_reg[59] failed (is not equivalent)
    Compare point RocketTile___core___ex_reg_rs_msb_0_reg[58] failed (is not equivalent)
    Compare point RocketTile___core___ex_reg_rs_msb_0_reg[57] failed (is not equivalent)
    Compare point RocketTile___core___ex_reg_rs_msb_0_reg[56] failed (is not equivalent)
    Compare point RocketTile___core___ex_reg_rs_msb_0_reg[55] failed (is not equivalent)
    Compare point RocketTile___core___ex_reg_rs_msb_0_reg[54] failed (is not equivalent)
    Compare point RocketTile___core___ex_reg_rs_msb_0_reg[53] failed (is not equivalent)
    Compare point RocketTile___core___ex_reg_rs_msb_0_reg[52] failed (is not equivalent)
    Compare point RocketTile___core___ex_reg_rs_msb_0_reg[51] failed (is not equivalent)
    Compare point RocketTile___core___ex_reg_rs_msb_0_reg[49] failed (is not equivalent)
    Compare point RocketTile___core___ex_reg_rs_msb_0_reg[48] failed (is not equivalent)
    Compare point RocketTile___core___ex_reg_rs_msb_0_reg[50] failed (is not equivalent)
    Compare point RocketTile___core___rf_ext___Memory_reg[16][16] failed (is not equivalent)
    Compare point RocketTile___core___rf_ext___Memory_reg[16][28] failed (is not equivalent)
    Compare point RocketTile___core___rf_ext___Memory_reg[16][27] failed (is not equivalent)
    Compare point RocketTile___core___rf_ext___Memory_reg[16][26] failed (is not equivalent)
    Compare point RocketTile___core___rf_ext___Memory_reg[16][25] failed (is not equivalent)
    Compare point RocketTile___core___rf_ext___Memory_reg[16][24] failed (is not equivalent)
    Compare point RocketTile___core___rf_ext___Memory_reg[16][29] failed (is not equivalent)
    Compare point RocketTile___core___rf_ext___Memory_reg[16][33] failed (is not equivalent)
    Compare point RocketTile___core___rf_ext___Memory_reg[16][39] failed (is not equivalent)
    Compare point RocketTile___core___rf_ext___Memory_reg[16][35] failed (is not equivalent)
    Compare point RocketTile___core___rf_ext___Memory_reg[16][31] failed (is not equivalent)
    Compare point RocketTile___core___rf_ext___Memory_reg[16][43] failed (is not equivalent)
    Compare point RocketTile___core___rf_ext___Memory_reg[16][42] failed (is not equivalent)
    Compare point RocketTile___core___rf_ext___Memory_reg[16][41] failed (is not equivalent)
    Compare point RocketTile___core___rf_ext___Memory_reg[16][40] failed (is not equivalent)
    Compare point RocketTile___core___rf_ext___Memory_reg[16][38] failed (is not equivalent)
    Compare point RocketTile___core___rf_ext___Memory_reg[16][36] failed (is not equivalent)
    Compare point RocketTile___core___rf_ext___Memory_reg[16][34] failed (is not equivalent)
    Compare point RocketTile___core___rf_ext___Memory_reg[16][32] failed (is not equivalent)
    Compare point RocketTile___core___rf_ext___Memory_reg[16][30] failed (is not equivalent)
    Compare point RocketTile___core___rf_ext___Memory_reg[16][49] failed (is not equivalent)
    Compare point RocketTile___core___rf_ext___Memory_reg[16][48] failed (is not equivalent)
    Compare point RocketTile___core___rf_ext___Memory_reg[16][47] failed (is not equivalent)
    Compare point RocketTile___core___rf_ext___Memory_reg[16][44] failed (is not equivalent)
    Compare point RocketTile___core___rf_ext___Memory_reg[16][37] failed (is not equivalent)
    Compare point RocketTile___core___rf_ext___Memory_reg[16][46] failed (is not equivalent)
    Compare point RocketTile___core___rf_ext___Memory_reg[16][45] failed (is not equivalent)
    Compare point RocketTile___core___rf_ext___Memory_reg[16][10] failed (is not equivalent)
    Compare point RocketTile___core___rf_ext___Memory_reg[16][23] failed (is not equivalent)
    Compare point RocketTile___core___rf_ext___Memory_reg[16][22] failed (is not equivalent)
    Compare point RocketTile___core___rf_ext___Memory_reg[16][21] failed (is not equivalent)
    Compare point RocketTile___core___rf_ext___Memory_reg[16][17] failed (is not equivalent)
    Compare point RocketTile___core___rf_ext___Memory_reg[16][14] failed (is not equivalent)
    Compare point RocketTile___core___rf_ext___Memory_reg[16][11] failed (is not equivalent)
    Compare point RocketTile___core___rf_ext___Memory_reg[16][20] failed (is not equivalent)
    Compare point RocketTile___core___rf_ext___Memory_reg[16][19] failed (is not equivalent)
    Compare point RocketTile___core___rf_ext___Memory_reg[16][18] failed (is not equivalent)
    Compare point RocketTile___core___rf_ext___Memory_reg[16][6] failed (is not equivalent)
    Compare point RocketTile___core___rf_ext___Memory_reg[16][15] failed (is not equivalent)
    Compare point RocketTile___core___rf_ext___Memory_reg[16][12] failed (is not equivalent)
    Compare point RocketTile___core___rf_ext___Memory_reg[16][4] failed (is not equivalent)
    Compare point RocketTile___core___rf_ext___Memory_reg[16][13] failed (is not equivalent)
    Compare point RocketTile___core___rf_ext___Memory_reg[16][9] failed (is not equivalent)
    Compare point RocketTile___core___rf_ext___Memory_reg[16][8] failed (is not equivalent)
    Compare point RocketTile___core___rf_ext___Memory_reg[16][7] failed (is not equivalent)
    Compare point RocketTile___core___rf_ext___Memory_reg[16][3] failed (is not equivalent)
    Compare point RocketTile___core___rf_ext___Memory_reg[16][5] failed (is not equivalent)
    Compare point RocketTile___core___rf_ext___Memory_reg[16][2] failed (is not equivalent)
    Compare point RocketTile___core___rf_ext___Memory_reg[16][1] failed (is not equivalent)
    Compare point RocketTile___core___ex_reg_rs_lsb_1_reg[1] failed (is not equivalent)
    Compare point RocketTile___core___ex_reg_rs_msb_1_reg[14] failed (is not equivalent)
    Compare point RocketTile___core___ex_reg_rs_msb_1_reg[47] failed (is not equivalent)
    Compare point RocketTile___core___ex_reg_rs_msb_1_reg[46] failed (is not equivalent)
    Compare point RocketTile___core___ex_reg_rs_msb_1_reg[45] failed (is not equivalent)
    Compare point RocketTile___core___ex_reg_rs_msb_1_reg[42] failed (is not equivalent)
    Compare point RocketTile___core___ex_reg_rs_msb_1_reg[35] failed (is not equivalent)
    Compare point RocketTile___core___ex_reg_rs_msb_1_reg[44] failed (is not equivalent)
    Compare point RocketTile___core___ex_reg_rs_msb_1_reg[43] failed (is not equivalent)
    Compare point RocketTile___core___ex_reg_rs_msb_1_reg[41] failed (is not equivalent)
    Compare point RocketTile___core___ex_reg_rs_msb_1_reg[40] failed (is not equivalent)
    Compare point RocketTile___core___ex_reg_rs_msb_1_reg[39] failed (is not equivalent)
    Compare point RocketTile___core___ex_reg_rs_msb_1_reg[38] failed (is not equivalent)
    Compare point RocketTile___core___ex_reg_rs_msb_1_reg[36] failed (is not equivalent)
    Compare point RocketTile___core___ex_reg_rs_msb_1_reg[34] failed (is not equivalent)
    Compare point RocketTile___core___ex_reg_rs_msb_1_reg[32] failed (is not equivalent)
    Compare point RocketTile___core___ex_reg_rs_msb_1_reg[30] failed (is not equivalent)
    Compare point RocketTile___core___ex_reg_rs_msb_1_reg[37] failed (is not equivalent)
    Compare point RocketTile___core___ex_reg_rs_msb_1_reg[33] failed (is not equivalent)
    Compare point RocketTile___core___ex_reg_rs_msb_1_reg[29] failed (is not equivalent)
    Compare point RocketTile___core___ex_reg_rs_msb_1_reg[28] failed (is not equivalent)
    Compare point RocketTile___core___ex_reg_rs_msb_1_reg[31] failed (is not equivalent)
    Compare point RocketTile___core___ex_reg_rs_msb_1_reg[27] failed (is not equivalent)
    Compare point RocketTile___core___ex_reg_rs_msb_1_reg[26] failed (is not equivalent)
    Compare point RocketTile___core___ex_reg_rs_msb_1_reg[25] failed (is not equivalent)
    Compare point RocketTile___core___ex_reg_rs_msb_1_reg[24] failed (is not equivalent)
    Compare point RocketTile___core___ex_reg_rs_msb_1_reg[23] failed (is not equivalent)
    Compare point RocketTile___core___ex_reg_rs_msb_1_reg[22] failed (is not equivalent)
    Compare point RocketTile___core___ex_reg_rs_msb_1_reg[8] failed (is not equivalent)
    Compare point RocketTile___core___ex_reg_rs_msb_1_reg[21] failed (is not equivalent)
    Compare point RocketTile___core___ex_reg_rs_msb_1_reg[20] failed (is not equivalent)
    Compare point RocketTile___core___ex_reg_rs_msb_1_reg[19] failed (is not equivalent)
    Compare point RocketTile___core___ex_reg_rs_msb_1_reg[15] failed (is not equivalent)
    Compare point RocketTile___core___ex_reg_rs_msb_1_reg[12] failed (is not equivalent)
    Compare point RocketTile___core___ex_reg_rs_msb_1_reg[9] failed (is not equivalent)
    Compare point RocketTile___core___ex_reg_rs_msb_1_reg[4] failed (is not equivalent)
    Compare point RocketTile___core___ex_reg_rs_msb_1_reg[18] failed (is not equivalent)
    Compare point RocketTile___core___ex_reg_rs_msb_1_reg[17] failed (is not equivalent)
    Compare point RocketTile___core___ex_reg_rs_msb_1_reg[16] failed (is not equivalent)
    Compare point RocketTile___core___ex_reg_rs_msb_1_reg[13] failed (is not equivalent)
    Compare point RocketTile___core___ex_reg_rs_msb_1_reg[2] failed (is not equivalent)
    Compare point RocketTile___core___ex_reg_rs_msb_1_reg[11] failed (is not equivalent)
    Compare point RocketTile___core___ex_reg_rs_msb_1_reg[10] failed (is not equivalent)
    Compare point RocketTile___core___ex_reg_rs_msb_1_reg[7] failed (is not equivalent)
    Compare point RocketTile___core___ex_reg_rs_msb_1_reg[6] failed (is not equivalent)
    Compare point RocketTile___core___ex_reg_rs_msb_1_reg[5] failed (is not equivalent)
    Compare point RocketTile___core___ex_reg_rs_msb_1_reg[1] failed (is not equivalent)
    Compare point RocketTile___core___ex_reg_rs_msb_1_reg[3] failed (is not equivalent)
    Compare point RocketTile___core___ex_reg_rs_msb_1_reg[0] failed (is not equivalent)
    Compare point RocketTile___core___rf_ext___Memory_reg[10][49] failed (is not equivalent)
    Compare point RocketTile___core___rf_ext___Memory_reg[10][48] failed (is not equivalent)
    Compare point RocketTile___core___rf_ext___Memory_reg[10][47] failed (is not equivalent)
    Compare point RocketTile___core___rf_ext___Memory_reg[10][46] failed (is not equivalent)
    Compare point RocketTile___core___rf_ext___Memory_reg[10][45] failed (is not equivalent)
    Compare point RocketTile___core___rf_ext___Memory_reg[10][44] failed (is not equivalent)
    Compare point RocketTile___core___rf_ext___Memory_reg[10][43] failed (is not equivalent)
    Compare point RocketTile___core___rf_ext___Memory_reg[10][42] failed (is not equivalent)
    Compare point RocketTile___core___rf_ext___Memory_reg[10][41] failed (is not equivalent)
    Compare point RocketTile___core___rf_ext___Memory_reg[10][40] failed (is not equivalent)
    Compare point RocketTile___core___rf_ext___Memory_reg[10][39] failed (is not equivalent)
    Compare point RocketTile___core___rf_ext___Memory_reg[10][38] failed (is not equivalent)
    Compare point RocketTile___core___rf_ext___Memory_reg[10][37] failed (is not equivalent)
    Compare point RocketTile___core___rf_ext___Memory_reg[10][36] failed (is not equivalent)
    Compare point RocketTile___core___rf_ext___Memory_reg[10][35] failed (is not equivalent)
    Compare point RocketTile___core___rf_ext___Memory_reg[10][34] failed (is not equivalent)
    Compare point RocketTile___core___rf_ext___Memory_reg[10][33] failed (is not equivalent)
    Compare point RocketTile___core___rf_ext___Memory_reg[10][32] failed (is not equivalent)
    Compare point RocketTile___core___rf_ext___Memory_reg[10][31] failed (is not equivalent)
    Compare point RocketTile___core___rf_ext___Memory_reg[10][30] failed (is not equivalent)
    Compare point RocketTile___core___rf_ext___Memory_reg[10][29] failed (is not equivalent)
    Compare point RocketTile___core___rf_ext___Memory_reg[10][28] failed (is not equivalent)
    Compare point RocketTile___core___rf_ext___Memory_reg[10][27] failed (is not equivalent)
    Compare point RocketTile___core___rf_ext___Memory_reg[10][26] failed (is not equivalent)
    Compare point RocketTile___core___rf_ext___Memory_reg[10][25] failed (is not equivalent)
    Compare point RocketTile___core___rf_ext___Memory_reg[10][24] failed (is not equivalent)
    Compare point RocketTile___core___rf_ext___Memory_reg[10][16] failed (is not equivalent)
    Compare point RocketTile___core___rf_ext___Memory_reg[10][10] failed (is not equivalent)
    Compare point RocketTile___core___rf_ext___Memory_reg[10][23] failed (is not equivalent)
    Compare point RocketTile___core___rf_ext___Memory_reg[10][22] failed (is not equivalent)
    Compare point RocketTile___core___rf_ext___Memory_reg[10][21] failed (is not equivalent)
    Compare point RocketTile___core___rf_ext___Memory_reg[10][17] failed (is not equivalent)
    Compare point RocketTile___core___rf_ext___Memory_reg[10][14] failed (is not equivalent)
    Compare point RocketTile___core___rf_ext___Memory_reg[10][6] failed (is not equivalent)
    Compare point RocketTile___core___rf_ext___Memory_reg[10][20] failed (is not equivalent)
    Compare point RocketTile___core___rf_ext___Memory_reg[10][19] failed (is not equivalent)
    Compare point RocketTile___core___rf_ext___Memory_reg[10][18] failed (is not equivalent)
    Compare point RocketTile___core___rf_ext___Memory_reg[10][15] failed (is not equivalent)
    Compare point RocketTile___core___rf_ext___Memory_reg[10][11] failed (is not equivalent)
    Compare point RocketTile___core___rf_ext___Memory_reg[10][4] failed (is not equivalent)
    Compare point RocketTile___core___rf_ext___Memory_reg[10][13] failed (is not equivalent)
    Compare point RocketTile___core___rf_ext___Memory_reg[10][12] failed (is not equivalent)
    Compare point RocketTile___core___rf_ext___Memory_reg[10][9] failed (is not equivalent)
    Compare point RocketTile___core___rf_ext___Memory_reg[10][8] failed (is not equivalent)
    Compare point RocketTile___core___rf_ext___Memory_reg[10][7] failed (is not equivalent)
    Compare point RocketTile___core___rf_ext___Memory_reg[10][3] failed (is not equivalent)
    Compare point RocketTile___core___rf_ext___Memory_reg[10][5] failed (is not equivalent)
    Compare point RocketTile___core___rf_ext___Memory_reg[10][2] failed (is not equivalent)
    Compare point RocketTile___core___rf_ext___Memory_reg[10][1] failed (is not equivalent)
    Compare point RocketTile___core___rf_ext___Memory_reg[11][49] failed (is not equivalent)
    Compare point RocketTile___core___rf_ext___Memory_reg[11][48] failed (is not equivalent)
    Compare point RocketTile___core___rf_ext___Memory_reg[11][47] failed (is not equivalent)
    Compare point RocketTile___core___rf_ext___Memory_reg[11][46] failed (is not equivalent)
    Compare point RocketTile___core___rf_ext___Memory_reg[11][45] failed (is not equivalent)
    Compare point RocketTile___core___rf_ext___Memory_reg[11][44] failed (is not equivalent)
    Compare point RocketTile___core___rf_ext___Memory_reg[11][43] failed (is not equivalent)
    Compare point RocketTile___core___rf_ext___Memory_reg[11][42] failed (is not equivalent)
    Compare point RocketTile___core___rf_ext___Memory_reg[11][41] failed (is not equivalent)
    Compare point RocketTile___core___rf_ext___Memory_reg[11][40] failed (is not equivalent)
    Compare point RocketTile___core___rf_ext___Memory_reg[11][39] failed (is not equivalent)
    Compare point RocketTile___core___rf_ext___Memory_reg[11][38] failed (is not equivalent)
    Compare point RocketTile___core___rf_ext___Memory_reg[11][37] failed (is not equivalent)
    Compare point RocketTile___core___rf_ext___Memory_reg[11][36] failed (is not equivalent)
    Compare point RocketTile___core___rf_ext___Memory_reg[11][35] failed (is not equivalent)
    Compare point RocketTile___core___rf_ext___Memory_reg[11][34] failed (is not equivalent)
    Compare point RocketTile___core___rf_ext___Memory_reg[11][33] failed (is not equivalent)
    Compare point RocketTile___core___rf_ext___Memory_reg[11][32] failed (is not equivalent)
    Compare point RocketTile___core___rf_ext___Memory_reg[11][31] failed (is not equivalent)
    Compare point RocketTile___core___rf_ext___Memory_reg[11][30] failed (is not equivalent)
    Compare point RocketTile___core___rf_ext___Memory_reg[11][29] failed (is not equivalent)
    Compare point RocketTile___core___rf_ext___Memory_reg[11][28] failed (is not equivalent)
    Compare point RocketTile___core___rf_ext___Memory_reg[11][27] failed (is not equivalent)
    Compare point RocketTile___core___rf_ext___Memory_reg[11][26] failed (is not equivalent)
    Compare point RocketTile___core___rf_ext___Memory_reg[11][25] failed (is not equivalent)
    Compare point RocketTile___core___rf_ext___Memory_reg[11][24] failed (is not equivalent)
    Compare point RocketTile___core___rf_ext___Memory_reg[11][16] failed (is not equivalent)
    Compare point RocketTile___core___rf_ext___Memory_reg[11][10] failed (is not equivalent)
    Compare point RocketTile___core___rf_ext___Memory_reg[11][23] failed (is not equivalent)
    Compare point RocketTile___core___rf_ext___Memory_reg[11][22] failed (is not equivalent)
    Compare point RocketTile___core___rf_ext___Memory_reg[11][21] failed (is not equivalent)
    Compare point RocketTile___core___rf_ext___Memory_reg[11][17] failed (is not equivalent)
    Compare point RocketTile___core___rf_ext___Memory_reg[11][14] failed (is not equivalent)
    Compare point RocketTile___core___rf_ext___Memory_reg[11][6] failed (is not equivalent)
    Compare point RocketTile___core___rf_ext___Memory_reg[11][20] failed (is not equivalent)
    Compare point RocketTile___core___rf_ext___Memory_reg[11][19] failed (is not equivalent)
    Compare point RocketTile___core___rf_ext___Memory_reg[11][18] failed (is not equivalent)
    Compare point RocketTile___core___rf_ext___Memory_reg[11][15] failed (is not equivalent)
    Compare point RocketTile___core___rf_ext___Memory_reg[11][11] failed (is not equivalent)
    Compare point RocketTile___core___rf_ext___Memory_reg[11][4] failed (is not equivalent)
    Compare point RocketTile___core___rf_ext___Memory_reg[11][13] failed (is not equivalent)
    Compare point RocketTile___core___rf_ext___Memory_reg[11][12] failed (is not equivalent)
    Compare point RocketTile___core___rf_ext___Memory_reg[11][9] failed (is not equivalent)
    Compare point RocketTile___core___rf_ext___Memory_reg[11][8] failed (is not equivalent)
    Compare point RocketTile___core___rf_ext___Memory_reg[11][7] failed (is not equivalent)
    Compare point RocketTile___core___rf_ext___Memory_reg[11][3] failed (is not equivalent)
    Compare point RocketTile___core___rf_ext___Memory_reg[11][5] failed (is not equivalent)
    Compare point RocketTile___core___rf_ext___Memory_reg[11][2] failed (is not equivalent)
    Compare point RocketTile___core___rf_ext___Memory_reg[11][1] failed (is not equivalent)
    Compare point RocketTile___core___rf_ext___Memory_reg[12][49] failed (is not equivalent)
    Compare point RocketTile___core___rf_ext___Memory_reg[12][48] failed (is not equivalent)
    Compare point RocketTile___core___rf_ext___Memory_reg[12][47] failed (is not equivalent)
    Compare point RocketTile___core___rf_ext___Memory_reg[12][46] failed (is not equivalent)
    Compare point RocketTile___core___rf_ext___Memory_reg[12][45] failed (is not equivalent)
    Compare point RocketTile___core___rf_ext___Memory_reg[12][44] failed (is not equivalent)
    Compare point RocketTile___core___rf_ext___Memory_reg[12][43] failed (is not equivalent)
    Compare point RocketTile___core___rf_ext___Memory_reg[12][42] failed (is not equivalent)
    Compare point RocketTile___core___rf_ext___Memory_reg[12][41] failed (is not equivalent)
    Compare point RocketTile___core___rf_ext___Memory_reg[12][40] failed (is not equivalent)
    Compare point RocketTile___core___rf_ext___Memory_reg[12][39] failed (is not equivalent)
    Compare point RocketTile___core___rf_ext___Memory_reg[12][38] failed (is not equivalent)
    Compare point RocketTile___core___rf_ext___Memory_reg[12][37] failed (is not equivalent)
    Compare point RocketTile___core___rf_ext___Memory_reg[12][36] failed (is not equivalent)
    Compare point RocketTile___core___rf_ext___Memory_reg[12][35] failed (is not equivalent)
    Compare point RocketTile___core___rf_ext___Memory_reg[12][34] failed (is not equivalent)
    Compare point RocketTile___core___rf_ext___Memory_reg[12][33] failed (is not equivalent)
    Compare point RocketTile___core___rf_ext___Memory_reg[12][32] failed (is not equivalent)
    Compare point RocketTile___core___rf_ext___Memory_reg[12][31] failed (is not equivalent)
    Compare point RocketTile___core___rf_ext___Memory_reg[12][30] failed (is not equivalent)
    Compare point RocketTile___core___rf_ext___Memory_reg[12][29] failed (is not equivalent)
    Compare point RocketTile___core___rf_ext___Memory_reg[12][28] failed (is not equivalent)
    Compare point RocketTile___core___rf_ext___Memory_reg[12][27] failed (is not equivalent)
    Compare point RocketTile___core___rf_ext___Memory_reg[12][26] failed (is not equivalent)
    Compare point RocketTile___core___rf_ext___Memory_reg[12][25] failed (is not equivalent)
    Compare point RocketTile___core___rf_ext___Memory_reg[12][24] failed (is not equivalent)
    Compare point RocketTile___core___rf_ext___Memory_reg[12][16] failed (is not equivalent)
    Compare point RocketTile___core___rf_ext___Memory_reg[12][10] failed (is not equivalent)
    Compare point RocketTile___core___rf_ext___Memory_reg[12][23] failed (is not equivalent)
    Compare point RocketTile___core___rf_ext___Memory_reg[12][22] failed (is not equivalent)
    Compare point RocketTile___core___rf_ext___Memory_reg[12][21] failed (is not equivalent)
    Compare point RocketTile___core___rf_ext___Memory_reg[12][17] failed (is not equivalent)
    Compare point RocketTile___core___rf_ext___Memory_reg[12][14] failed (is not equivalent)
    Compare point RocketTile___core___rf_ext___Memory_reg[12][6] failed (is not equivalent)
    Compare point RocketTile___core___rf_ext___Memory_reg[12][20] failed (is not equivalent)
    Compare point RocketTile___core___rf_ext___Memory_reg[12][19] failed (is not equivalent)
    Compare point RocketTile___core___rf_ext___Memory_reg[12][18] failed (is not equivalent)
    Compare point RocketTile___core___rf_ext___Memory_reg[12][15] failed (is not equivalent)
    Compare point RocketTile___core___rf_ext___Memory_reg[12][11] failed (is not equivalent)
    Compare point RocketTile___core___rf_ext___Memory_reg[12][4] failed (is not equivalent)
    Compare point RocketTile___core___rf_ext___Memory_reg[12][13] failed (is not equivalent)
    Compare point RocketTile___core___rf_ext___Memory_reg[12][12] failed (is not equivalent)
    Compare point RocketTile___core___rf_ext___Memory_reg[12][9] failed (is not equivalent)
    Compare point RocketTile___core___rf_ext___Memory_reg[12][8] failed (is not equivalent)
    Compare point RocketTile___core___rf_ext___Memory_reg[12][7] failed (is not equivalent)
    Compare point RocketTile___core___rf_ext___Memory_reg[12][3] failed (is not equivalent)
    Compare point RocketTile___core___rf_ext___Memory_reg[12][5] failed (is not equivalent)
    Compare point RocketTile___core___rf_ext___Memory_reg[12][2] failed (is not equivalent)
    Compare point RocketTile___core___rf_ext___Memory_reg[12][1] failed (is not equivalent)
    Compare point RocketTile___core___rf_ext___Memory_reg[13][49] failed (is not equivalent)
    Compare point RocketTile___core___rf_ext___Memory_reg[13][48] failed (is not equivalent)
    Compare point RocketTile___core___rf_ext___Memory_reg[13][47] failed (is not equivalent)
    Compare point RocketTile___core___rf_ext___Memory_reg[13][46] failed (is not equivalent)
    Compare point RocketTile___core___rf_ext___Memory_reg[13][45] failed (is not equivalent)
    Compare point RocketTile___core___rf_ext___Memory_reg[13][44] failed (is not equivalent)
    Compare point RocketTile___core___rf_ext___Memory_reg[13][43] failed (is not equivalent)
    Compare point RocketTile___core___rf_ext___Memory_reg[13][42] failed (is not equivalent)
    Compare point RocketTile___core___rf_ext___Memory_reg[13][41] failed (is not equivalent)
    Compare point RocketTile___core___rf_ext___Memory_reg[13][40] failed (is not equivalent)
    Compare point RocketTile___core___rf_ext___Memory_reg[13][39] failed (is not equivalent)
    Compare point RocketTile___core___rf_ext___Memory_reg[13][38] failed (is not equivalent)
    Compare point RocketTile___core___rf_ext___Memory_reg[13][37] failed (is not equivalent)
    Compare point RocketTile___core___rf_ext___Memory_reg[13][36] failed (is not equivalent)
    Compare point RocketTile___core___rf_ext___Memory_reg[13][35] failed (is not equivalent)
    Compare point RocketTile___core___rf_ext___Memory_reg[13][34] failed (is not equivalent)
    Compare point RocketTile___core___rf_ext___Memory_reg[13][33] failed (is not equivalent)
    Compare point RocketTile___core___rf_ext___Memory_reg[13][32] failed (is not equivalent)
    Compare point RocketTile___core___rf_ext___Memory_reg[13][31] failed (is not equivalent)
    Compare point RocketTile___core___rf_ext___Memory_reg[13][30] failed (is not equivalent)
    Compare point RocketTile___core___rf_ext___Memory_reg[13][29] failed (is not equivalent)
    Compare point RocketTile___core___rf_ext___Memory_reg[13][28] failed (is not equivalent)
    Compare point RocketTile___core___rf_ext___Memory_reg[13][27] failed (is not equivalent)
    Compare point RocketTile___core___rf_ext___Memory_reg[13][26] failed (is not equivalent)
    Compare point RocketTile___core___rf_ext___Memory_reg[13][25] failed (is not equivalent)
    Compare point RocketTile___core___rf_ext___Memory_reg[13][24] failed (is not equivalent)
    Compare point RocketTile___core___rf_ext___Memory_reg[13][16] failed (is not equivalent)
    Compare point RocketTile___core___rf_ext___Memory_reg[13][10] failed (is not equivalent)
    Compare point RocketTile___core___rf_ext___Memory_reg[13][23] failed (is not equivalent)
    Compare point RocketTile___core___rf_ext___Memory_reg[13][22] failed (is not equivalent)
    Compare point RocketTile___core___rf_ext___Memory_reg[13][21] failed (is not equivalent)
    Compare point RocketTile___core___rf_ext___Memory_reg[13][17] failed (is not equivalent)
    Compare point RocketTile___core___rf_ext___Memory_reg[13][14] failed (is not equivalent)
    Compare point RocketTile___core___rf_ext___Memory_reg[13][6] failed (is not equivalent)
    Compare point RocketTile___core___rf_ext___Memory_reg[13][20] failed (is not equivalent)
    Compare point RocketTile___core___rf_ext___Memory_reg[13][19] failed (is not equivalent)
    Compare point RocketTile___core___rf_ext___Memory_reg[13][18] failed (is not equivalent)
    Compare point RocketTile___core___rf_ext___Memory_reg[13][15] failed (is not equivalent)
    Compare point RocketTile___core___rf_ext___Memory_reg[13][11] failed (is not equivalent)
    Compare point RocketTile___core___rf_ext___Memory_reg[13][4] failed (is not equivalent)
    Compare point RocketTile___core___rf_ext___Memory_reg[13][13] failed (is not equivalent)
    Compare point RocketTile___core___rf_ext___Memory_reg[13][12] failed (is not equivalent)
    Compare point RocketTile___core___rf_ext___Memory_reg[13][9] failed (is not equivalent)
    Compare point RocketTile___core___rf_ext___Memory_reg[13][8] failed (is not equivalent)
    Compare point RocketTile___core___rf_ext___Memory_reg[13][7] failed (is not equivalent)
    Compare point RocketTile___core___rf_ext___Memory_reg[13][3] failed (is not equivalent)
    Compare point RocketTile___core___rf_ext___Memory_reg[13][5] failed (is not equivalent)
    Compare point RocketTile___core___rf_ext___Memory_reg[13][2] failed (is not equivalent)
    Compare point RocketTile___core___rf_ext___Memory_reg[13][1] failed (is not equivalent)
    Compare point RocketTile___core___rf_ext___Memory_reg[14][49] failed (is not equivalent)
    Compare point RocketTile___core___rf_ext___Memory_reg[14][48] failed (is not equivalent)
    Compare point RocketTile___core___rf_ext___Memory_reg[14][47] failed (is not equivalent)
    Compare point RocketTile___core___rf_ext___Memory_reg[14][46] failed (is not equivalent)
    Compare point RocketTile___core___rf_ext___Memory_reg[14][45] failed (is not equivalent)
    Compare point RocketTile___core___rf_ext___Memory_reg[14][44] failed (is not equivalent)
    Compare point RocketTile___core___rf_ext___Memory_reg[14][43] failed (is not equivalent)
    Compare point RocketTile___core___rf_ext___Memory_reg[14][42] failed (is not equivalent)
    Compare point RocketTile___core___rf_ext___Memory_reg[14][41] failed (is not equivalent)
    Compare point RocketTile___core___rf_ext___Memory_reg[14][40] failed (is not equivalent)
    Compare point RocketTile___core___rf_ext___Memory_reg[14][39] failed (is not equivalent)
    Compare point RocketTile___core___rf_ext___Memory_reg[14][38] failed (is not equivalent)
    Compare point RocketTile___core___rf_ext___Memory_reg[14][37] failed (is not equivalent)
    Compare point RocketTile___core___rf_ext___Memory_reg[14][36] failed (is not equivalent)
    Compare point RocketTile___core___rf_ext___Memory_reg[14][35] failed (is not equivalent)
    Compare point RocketTile___core___rf_ext___Memory_reg[14][34] failed (is not equivalent)
    Compare point RocketTile___core___rf_ext___Memory_reg[14][33] failed (is not equivalent)
    Compare point RocketTile___core___rf_ext___Memory_reg[14][32] failed (is not equivalent)
    Compare point RocketTile___core___rf_ext___Memory_reg[14][31] failed (is not equivalent)
    Compare point RocketTile___core___rf_ext___Memory_reg[14][30] failed (is not equivalent)
    Compare point RocketTile___core___rf_ext___Memory_reg[14][29] failed (is not equivalent)
    Compare point RocketTile___core___rf_ext___Memory_reg[14][28] failed (is not equivalent)
    Compare point RocketTile___core___rf_ext___Memory_reg[14][27] failed (is not equivalent)
    Compare point RocketTile___core___rf_ext___Memory_reg[14][26] failed (is not equivalent)
    Compare point RocketTile___core___rf_ext___Memory_reg[14][25] failed (is not equivalent)
    Compare point RocketTile___core___rf_ext___Memory_reg[14][24] failed (is not equivalent)
    Compare point RocketTile___core___rf_ext___Memory_reg[14][16] failed (is not equivalent)
    Compare point RocketTile___core___rf_ext___Memory_reg[14][10] failed (is not equivalent)
    Compare point RocketTile___core___rf_ext___Memory_reg[14][23] failed (is not equivalent)
    Compare point RocketTile___core___rf_ext___Memory_reg[14][22] failed (is not equivalent)
    Compare point RocketTile___core___rf_ext___Memory_reg[14][21] failed (is not equivalent)
    Compare point RocketTile___core___rf_ext___Memory_reg[14][17] failed (is not equivalent)
    Compare point RocketTile___core___rf_ext___Memory_reg[14][14] failed (is not equivalent)
    Compare point RocketTile___core___rf_ext___Memory_reg[14][6] failed (is not equivalent)
    Compare point RocketTile___core___rf_ext___Memory_reg[14][20] failed (is not equivalent)
    Compare point RocketTile___core___rf_ext___Memory_reg[14][19] failed (is not equivalent)
    Compare point RocketTile___core___rf_ext___Memory_reg[14][18] failed (is not equivalent)
    Compare point RocketTile___core___rf_ext___Memory_reg[14][15] failed (is not equivalent)
    Compare point RocketTile___core___rf_ext___Memory_reg[14][11] failed (is not equivalent)
    Compare point RocketTile___core___rf_ext___Memory_reg[14][4] failed (is not equivalent)
    Compare point RocketTile___core___rf_ext___Memory_reg[14][13] failed (is not equivalent)
    Compare point RocketTile___core___rf_ext___Memory_reg[14][12] failed (is not equivalent)
    Compare point RocketTile___core___rf_ext___Memory_reg[14][9] failed (is not equivalent)
    Compare point RocketTile___core___rf_ext___Memory_reg[14][8] failed (is not equivalent)
    Compare point RocketTile___core___rf_ext___Memory_reg[14][7] failed (is not equivalent)
    Compare point RocketTile___core___rf_ext___Memory_reg[14][3] failed (is not equivalent)
    Compare point RocketTile___core___rf_ext___Memory_reg[14][5] failed (is not equivalent)
    Compare point RocketTile___core___rf_ext___Memory_reg[14][2] failed (is not equivalent)
    Compare point RocketTile___core___rf_ext___Memory_reg[14][1] failed (is not equivalent)
    Compare point RocketTile___core___rf_ext___Memory_reg[15][49] failed (is not equivalent)
    Compare point RocketTile___core___rf_ext___Memory_reg[15][48] failed (is not equivalent)
    Compare point RocketTile___core___rf_ext___Memory_reg[15][47] failed (is not equivalent)
    Compare point RocketTile___core___rf_ext___Memory_reg[15][46] failed (is not equivalent)
    Compare point RocketTile___core___rf_ext___Memory_reg[15][45] failed (is not equivalent)
    Compare point RocketTile___core___rf_ext___Memory_reg[15][44] failed (is not equivalent)
    Compare point RocketTile___core___rf_ext___Memory_reg[15][43] failed (is not equivalent)
    Compare point RocketTile___core___rf_ext___Memory_reg[15][42] failed (is not equivalent)
    Compare point RocketTile___core___rf_ext___Memory_reg[15][41] failed (is not equivalent)
    Compare point RocketTile___core___rf_ext___Memory_reg[15][40] failed (is not equivalent)
    Compare point RocketTile___core___rf_ext___Memory_reg[15][39] failed (is not equivalent)
    Compare point RocketTile___core___rf_ext___Memory_reg[15][38] failed (is not equivalent)
    Compare point RocketTile___core___rf_ext___Memory_reg[15][37] failed (is not equivalent)
    Compare point RocketTile___core___rf_ext___Memory_reg[15][36] failed (is not equivalent)
    Compare point RocketTile___core___rf_ext___Memory_reg[15][35] failed (is not equivalent)
    Compare point RocketTile___core___rf_ext___Memory_reg[15][34] failed (is not equivalent)
    Compare point RocketTile___core___rf_ext___Memory_reg[15][33] failed (is not equivalent)
    Compare point RocketTile___core___rf_ext___Memory_reg[15][32] failed (is not equivalent)
    Compare point RocketTile___core___rf_ext___Memory_reg[15][31] failed (is not equivalent)
    Compare point RocketTile___core___rf_ext___Memory_reg[15][30] failed (is not equivalent)
    Compare point RocketTile___core___rf_ext___Memory_reg[15][29] failed (is not equivalent)
    Compare point RocketTile___core___rf_ext___Memory_reg[15][28] failed (is not equivalent)
    Compare point RocketTile___core___rf_ext___Memory_reg[15][27] failed (is not equivalent)
    Compare point RocketTile___core___rf_ext___Memory_reg[15][26] failed (is not equivalent)
    Compare point RocketTile___core___rf_ext___Memory_reg[15][25] failed (is not equivalent)
    Compare point RocketTile___core___rf_ext___Memory_reg[15][24] failed (is not equivalent)
    Compare point RocketTile___core___rf_ext___Memory_reg[15][16] failed (is not equivalent)
    Compare point RocketTile___core___rf_ext___Memory_reg[15][10] failed (is not equivalent)
    Compare point RocketTile___core___rf_ext___Memory_reg[15][23] failed (is not equivalent)
    Compare point RocketTile___core___rf_ext___Memory_reg[15][22] failed (is not equivalent)
    Compare point RocketTile___core___rf_ext___Memory_reg[15][21] failed (is not equivalent)
    Compare point RocketTile___core___rf_ext___Memory_reg[15][17] failed (is not equivalent)
    Compare point RocketTile___core___rf_ext___Memory_reg[15][14] failed (is not equivalent)
    Compare point RocketTile___core___rf_ext___Memory_reg[15][6] failed (is not equivalent)
    Compare point RocketTile___core___rf_ext___Memory_reg[15][20] failed (is not equivalent)
    Compare point RocketTile___core___rf_ext___Memory_reg[15][19] failed (is not equivalent)
    Compare point RocketTile___core___rf_ext___Memory_reg[15][18] failed (is not equivalent)
    Compare point RocketTile___core___rf_ext___Memory_reg[15][15] failed (is not equivalent)
    Compare point RocketTile___core___rf_ext___Memory_reg[15][11] failed (is not equivalent)
    Compare point RocketTile___core___rf_ext___Memory_reg[15][4] failed (is not equivalent)
    Compare point RocketTile___core___rf_ext___Memory_reg[15][13] failed (is not equivalent)
    Compare point RocketTile___core___rf_ext___Memory_reg[15][12] failed (is not equivalent)
    Compare point RocketTile___core___rf_ext___Memory_reg[15][9] failed (is not equivalent)
    Compare point RocketTile___core___rf_ext___Memory_reg[15][8] failed (is not equivalent)
    Compare point RocketTile___core___rf_ext___Memory_reg[15][7] failed (is not equivalent)
    Compare point RocketTile___core___rf_ext___Memory_reg[15][3] failed (is not equivalent)
    Compare point RocketTile___core___rf_ext___Memory_reg[15][5] failed (is not equivalent)
    Compare point RocketTile___core___rf_ext___Memory_reg[15][2] failed (is not equivalent)
    Compare point RocketTile___core___rf_ext___Memory_reg[15][1] failed (is not equivalent)
    Compare point RocketTile___core___rf_ext___Memory_reg[17][49] failed (is not equivalent)
    Compare point RocketTile___core___rf_ext___Memory_reg[17][48] failed (is not equivalent)
    Compare point RocketTile___core___rf_ext___Memory_reg[17][47] failed (is not equivalent)
    Compare point RocketTile___core___rf_ext___Memory_reg[17][46] failed (is not equivalent)
    Compare point RocketTile___core___rf_ext___Memory_reg[17][45] failed (is not equivalent)
    Compare point RocketTile___core___rf_ext___Memory_reg[17][44] failed (is not equivalent)
    Compare point RocketTile___core___rf_ext___Memory_reg[17][43] failed (is not equivalent)
    Compare point RocketTile___core___rf_ext___Memory_reg[17][42] failed (is not equivalent)
    Compare point RocketTile___core___rf_ext___Memory_reg[17][41] failed (is not equivalent)
    Compare point RocketTile___core___rf_ext___Memory_reg[17][40] failed (is not equivalent)
    Compare point RocketTile___core___rf_ext___Memory_reg[17][39] failed (is not equivalent)
    Compare point RocketTile___core___rf_ext___Memory_reg[17][38] failed (is not equivalent)
    Compare point RocketTile___core___rf_ext___Memory_reg[17][37] failed (is not equivalent)
    Compare point RocketTile___core___rf_ext___Memory_reg[17][36] failed (is not equivalent)
    Compare point RocketTile___core___rf_ext___Memory_reg[17][35] failed (is not equivalent)
    Compare point RocketTile___core___rf_ext___Memory_reg[17][34] failed (is not equivalent)
    Compare point RocketTile___core___rf_ext___Memory_reg[17][33] failed (is not equivalent)
    Compare point RocketTile___core___rf_ext___Memory_reg[17][32] failed (is not equivalent)
    Compare point RocketTile___core___rf_ext___Memory_reg[17][31] failed (is not equivalent)
    Compare point RocketTile___core___rf_ext___Memory_reg[17][30] failed (is not equivalent)
    Compare point RocketTile___core___rf_ext___Memory_reg[17][29] failed (is not equivalent)
    Compare point RocketTile___core___rf_ext___Memory_reg[17][28] failed (is not equivalent)
    Compare point RocketTile___core___rf_ext___Memory_reg[17][27] failed (is not equivalent)
    Compare point RocketTile___core___rf_ext___Memory_reg[17][26] failed (is not equivalent)
    Compare point RocketTile___core___rf_ext___Memory_reg[17][25] failed (is not equivalent)
    Compare point RocketTile___core___rf_ext___Memory_reg[17][24] failed (is not equivalent)
    Compare point RocketTile___core___rf_ext___Memory_reg[17][16] failed (is not equivalent)
    Compare point RocketTile___core___rf_ext___Memory_reg[17][10] failed (is not equivalent)
    Compare point RocketTile___core___rf_ext___Memory_reg[17][23] failed (is not equivalent)
    Compare point RocketTile___core___rf_ext___Memory_reg[17][22] failed (is not equivalent)
    Compare point RocketTile___core___rf_ext___Memory_reg[17][21] failed (is not equivalent)
    Compare point RocketTile___core___rf_ext___Memory_reg[17][17] failed (is not equivalent)
    Compare point RocketTile___core___rf_ext___Memory_reg[17][14] failed (is not equivalent)
    Compare point RocketTile___core___rf_ext___Memory_reg[17][6] failed (is not equivalent)
    Compare point RocketTile___core___rf_ext___Memory_reg[17][20] failed (is not equivalent)
    Compare point RocketTile___core___rf_ext___Memory_reg[17][19] failed (is not equivalent)
    Compare point RocketTile___core___rf_ext___Memory_reg[17][18] failed (is not equivalent)
    Compare point RocketTile___core___rf_ext___Memory_reg[17][15] failed (is not equivalent)
    Compare point RocketTile___core___rf_ext___Memory_reg[17][11] failed (is not equivalent)
    Compare point RocketTile___core___rf_ext___Memory_reg[17][4] failed (is not equivalent)
    Compare point RocketTile___core___rf_ext___Memory_reg[17][13] failed (is not equivalent)
    Compare point RocketTile___core___rf_ext___Memory_reg[17][12] failed (is not equivalent)
    Compare point RocketTile___core___rf_ext___Memory_reg[17][9] failed (is not equivalent)
    Compare point RocketTile___core___rf_ext___Memory_reg[17][8] failed (is not equivalent)
    Compare point RocketTile___core___rf_ext___Memory_reg[17][7] failed (is not equivalent)
    Compare point RocketTile___core___rf_ext___Memory_reg[17][3] failed (is not equivalent)
    Compare point RocketTile___core___rf_ext___Memory_reg[17][5] failed (is not equivalent)
    Compare point RocketTile___core___rf_ext___Memory_reg[17][2] failed (is not equivalent)
    Compare point RocketTile___core___rf_ext___Memory_reg[17][1] failed (is not equivalent)
    Compare point RocketTile___core___rf_ext___Memory_reg[18][49] failed (is not equivalent)
    Compare point RocketTile___core___rf_ext___Memory_reg[18][48] failed (is not equivalent)
    Compare point RocketTile___core___rf_ext___Memory_reg[18][47] failed (is not equivalent)
    Compare point RocketTile___core___rf_ext___Memory_reg[18][46] failed (is not equivalent)
    Compare point RocketTile___core___rf_ext___Memory_reg[18][45] failed (is not equivalent)
    Compare point RocketTile___core___rf_ext___Memory_reg[18][44] failed (is not equivalent)
    Compare point RocketTile___core___rf_ext___Memory_reg[18][43] failed (is not equivalent)
    Compare point RocketTile___core___rf_ext___Memory_reg[18][42] failed (is not equivalent)
    Compare point RocketTile___core___rf_ext___Memory_reg[18][41] failed (is not equivalent)
    Compare point RocketTile___core___rf_ext___Memory_reg[18][40] failed (is not equivalent)
    Compare point RocketTile___core___rf_ext___Memory_reg[18][39] failed (is not equivalent)
    Compare point RocketTile___core___rf_ext___Memory_reg[18][38] failed (is not equivalent)
    Compare point RocketTile___core___rf_ext___Memory_reg[18][37] failed (is not equivalent)
    Compare point RocketTile___core___rf_ext___Memory_reg[18][36] failed (is not equivalent)
    Compare point RocketTile___core___rf_ext___Memory_reg[18][35] failed (is not equivalent)
    Compare point RocketTile___core___rf_ext___Memory_reg[18][34] failed (is not equivalent)
    Compare point RocketTile___core___rf_ext___Memory_reg[18][33] failed (is not equivalent)
    Compare point RocketTile___core___rf_ext___Memory_reg[18][32] failed (is not equivalent)
    Compare point RocketTile___core___rf_ext___Memory_reg[18][31] failed (is not equivalent)
    Compare point RocketTile___core___rf_ext___Memory_reg[18][30] failed (is not equivalent)
    Compare point RocketTile___core___rf_ext___Memory_reg[18][29] failed (is not equivalent)
    Compare point RocketTile___core___rf_ext___Memory_reg[18][28] failed (is not equivalent)
    Compare point RocketTile___core___rf_ext___Memory_reg[18][27] failed (is not equivalent)
    Compare point RocketTile___core___rf_ext___Memory_reg[18][26] failed (is not equivalent)
    Compare point RocketTile___core___rf_ext___Memory_reg[18][25] failed (is not equivalent)
    Compare point RocketTile___core___rf_ext___Memory_reg[18][24] failed (is not equivalent)
    Compare point RocketTile___core___rf_ext___Memory_reg[18][16] failed (is not equivalent)
    Compare point RocketTile___core___rf_ext___Memory_reg[18][10] failed (is not equivalent)
    Compare point RocketTile___core___rf_ext___Memory_reg[18][23] failed (is not equivalent)
    Compare point RocketTile___core___rf_ext___Memory_reg[18][22] failed (is not equivalent)
    Compare point RocketTile___core___rf_ext___Memory_reg[18][21] failed (is not equivalent)
    Compare point RocketTile___core___rf_ext___Memory_reg[18][17] failed (is not equivalent)
    Compare point RocketTile___core___rf_ext___Memory_reg[18][14] failed (is not equivalent)
    Compare point RocketTile___core___rf_ext___Memory_reg[18][6] failed (is not equivalent)
    Compare point RocketTile___core___rf_ext___Memory_reg[18][20] failed (is not equivalent)
    Compare point RocketTile___core___rf_ext___Memory_reg[18][19] failed (is not equivalent)
    Compare point RocketTile___core___rf_ext___Memory_reg[18][18] failed (is not equivalent)
    Compare point RocketTile___core___rf_ext___Memory_reg[18][15] failed (is not equivalent)
    Compare point RocketTile___core___rf_ext___Memory_reg[18][11] failed (is not equivalent)
    Compare point RocketTile___core___rf_ext___Memory_reg[18][4] failed (is not equivalent)
    Compare point RocketTile___core___rf_ext___Memory_reg[18][13] failed (is not equivalent)
    Compare point RocketTile___core___rf_ext___Memory_reg[18][12] failed (is not equivalent)
    Compare point RocketTile___core___rf_ext___Memory_reg[18][9] failed (is not equivalent)
    Compare point RocketTile___core___rf_ext___Memory_reg[18][8] failed (is not equivalent)
    Compare point RocketTile___core___rf_ext___Memory_reg[18][7] failed (is not equivalent)
    Compare point RocketTile___core___rf_ext___Memory_reg[18][3] failed (is not equivalent)
    Compare point RocketTile___core___rf_ext___Memory_reg[18][5] failed (is not equivalent)
    Compare point RocketTile___core___rf_ext___Memory_reg[18][2] failed (is not equivalent)
    Compare point RocketTile___core___rf_ext___Memory_reg[18][1] failed (is not equivalent)
    Compare point RocketTile___core___rf_ext___Memory_reg[19][49] failed (is not equivalent)
    Compare point RocketTile___core___rf_ext___Memory_reg[19][48] failed (is not equivalent)
    Compare point RocketTile___core___rf_ext___Memory_reg[19][47] failed (is not equivalent)
    Compare point RocketTile___core___rf_ext___Memory_reg[19][46] failed (is not equivalent)
    Compare point RocketTile___core___rf_ext___Memory_reg[19][45] failed (is not equivalent)
    Compare point RocketTile___core___rf_ext___Memory_reg[19][44] failed (is not equivalent)
    Compare point RocketTile___core___rf_ext___Memory_reg[19][43] failed (is not equivalent)
    Compare point RocketTile___core___rf_ext___Memory_reg[19][42] failed (is not equivalent)
    Compare point RocketTile___core___rf_ext___Memory_reg[19][41] failed (is not equivalent)
    Compare point RocketTile___core___rf_ext___Memory_reg[19][40] failed (is not equivalent)
    Compare point RocketTile___core___rf_ext___Memory_reg[19][39] failed (is not equivalent)
    Compare point RocketTile___core___rf_ext___Memory_reg[19][38] failed (is not equivalent)
    Compare point RocketTile___core___rf_ext___Memory_reg[19][37] failed (is not equivalent)
    Compare point RocketTile___core___rf_ext___Memory_reg[19][36] failed (is not equivalent)
    Compare point RocketTile___core___rf_ext___Memory_reg[19][35] failed (is not equivalent)
    Compare point RocketTile___core___rf_ext___Memory_reg[19][34] failed (is not equivalent)
    Compare point RocketTile___core___rf_ext___Memory_reg[19][33] failed (is not equivalent)
    Compare point RocketTile___core___rf_ext___Memory_reg[19][32] failed (is not equivalent)
    Compare point RocketTile___core___rf_ext___Memory_reg[19][31] failed (is not equivalent)
    Compare point RocketTile___core___rf_ext___Memory_reg[19][30] failed (is not equivalent)
    Compare point RocketTile___core___rf_ext___Memory_reg[19][29] failed (is not equivalent)
    Compare point RocketTile___core___rf_ext___Memory_reg[19][28] failed (is not equivalent)
    Compare point RocketTile___core___rf_ext___Memory_reg[19][27] failed (is not equivalent)
    Compare point RocketTile___core___rf_ext___Memory_reg[19][26] failed (is not equivalent)
    Compare point RocketTile___core___rf_ext___Memory_reg[19][25] failed (is not equivalent)
    Compare point RocketTile___core___rf_ext___Memory_reg[19][24] failed (is not equivalent)
    Compare point RocketTile___core___rf_ext___Memory_reg[19][16] failed (is not equivalent)
    Compare point RocketTile___core___rf_ext___Memory_reg[19][10] failed (is not equivalent)
    Compare point RocketTile___core___rf_ext___Memory_reg[19][23] failed (is not equivalent)
    Compare point RocketTile___core___rf_ext___Memory_reg[19][22] failed (is not equivalent)
    Compare point RocketTile___core___rf_ext___Memory_reg[19][21] failed (is not equivalent)
    Compare point RocketTile___core___rf_ext___Memory_reg[19][17] failed (is not equivalent)
    Compare point RocketTile___core___rf_ext___Memory_reg[19][14] failed (is not equivalent)
    Compare point RocketTile___core___rf_ext___Memory_reg[19][6] failed (is not equivalent)
    Compare point RocketTile___core___rf_ext___Memory_reg[19][20] failed (is not equivalent)
    Compare point RocketTile___core___rf_ext___Memory_reg[19][19] failed (is not equivalent)
    Compare point RocketTile___core___rf_ext___Memory_reg[19][18] failed (is not equivalent)
    Compare point RocketTile___core___rf_ext___Memory_reg[19][15] failed (is not equivalent)
    Compare point RocketTile___core___rf_ext___Memory_reg[19][11] failed (is not equivalent)
    Compare point RocketTile___core___rf_ext___Memory_reg[19][4] failed (is not equivalent)
    Compare point RocketTile___core___rf_ext___Memory_reg[19][13] failed (is not equivalent)
    Compare point RocketTile___core___rf_ext___Memory_reg[19][12] failed (is not equivalent)
    Compare point RocketTile___core___rf_ext___Memory_reg[19][9] failed (is not equivalent)
    Compare point RocketTile___core___rf_ext___Memory_reg[19][8] failed (is not equivalent)
    Compare point RocketTile___core___rf_ext___Memory_reg[19][7] failed (is not equivalent)
    Compare point RocketTile___core___rf_ext___Memory_reg[19][3] failed (is not equivalent)
    Compare point RocketTile___core___rf_ext___Memory_reg[19][5] failed (is not equivalent)
    Compare point RocketTile___core___rf_ext___Memory_reg[19][2] failed (is not equivalent)
    Compare point RocketTile___core___rf_ext___Memory_reg[19][1] failed (is not equivalent)
    Compare point RocketTile___core___rf_ext___Memory_reg[1][49] failed (is not equivalent)
    Compare point RocketTile___core___rf_ext___Memory_reg[1][48] failed (is not equivalent)
    Compare point RocketTile___core___rf_ext___Memory_reg[1][47] failed (is not equivalent)
    Compare point RocketTile___core___rf_ext___Memory_reg[1][46] failed (is not equivalent)
    Compare point RocketTile___core___rf_ext___Memory_reg[1][45] failed (is not equivalent)
    Compare point RocketTile___core___rf_ext___Memory_reg[1][44] failed (is not equivalent)
    Compare point RocketTile___core___rf_ext___Memory_reg[1][43] failed (is not equivalent)
    Compare point RocketTile___core___rf_ext___Memory_reg[1][42] failed (is not equivalent)
    Compare point RocketTile___core___rf_ext___Memory_reg[1][41] failed (is not equivalent)
    Compare point RocketTile___core___rf_ext___Memory_reg[1][40] failed (is not equivalent)
    Compare point RocketTile___core___rf_ext___Memory_reg[1][39] failed (is not equivalent)
    Compare point RocketTile___core___rf_ext___Memory_reg[1][38] failed (is not equivalent)
    Compare point RocketTile___core___rf_ext___Memory_reg[1][37] failed (is not equivalent)
    Compare point RocketTile___core___rf_ext___Memory_reg[1][36] failed (is not equivalent)
    Compare point RocketTile___core___rf_ext___Memory_reg[1][35] failed (is not equivalent)
    Compare point RocketTile___core___rf_ext___Memory_reg[1][34] failed (is not equivalent)
    Compare point RocketTile___core___rf_ext___Memory_reg[1][33] failed (is not equivalent)
    Compare point RocketTile___core___rf_ext___Memory_reg[1][32] failed (is not equivalent)
    Compare point RocketTile___core___rf_ext___Memory_reg[1][31] failed (is not equivalent)
    Compare point RocketTile___core___rf_ext___Memory_reg[1][30] failed (is not equivalent)
    Compare point RocketTile___core___rf_ext___Memory_reg[1][29] failed (is not equivalent)
    Compare point RocketTile___core___rf_ext___Memory_reg[1][28] failed (is not equivalent)
    Compare point RocketTile___core___rf_ext___Memory_reg[1][27] failed (is not equivalent)
    Compare point RocketTile___core___rf_ext___Memory_reg[1][26] failed (is not equivalent)
    Compare point RocketTile___core___rf_ext___Memory_reg[1][25] failed (is not equivalent)
    Compare point RocketTile___core___rf_ext___Memory_reg[1][24] failed (is not equivalent)
    Compare point RocketTile___core___rf_ext___Memory_reg[1][16] failed (is not equivalent)
    Compare point RocketTile___core___rf_ext___Memory_reg[1][10] failed (is not equivalent)
    Compare point RocketTile___core___rf_ext___Memory_reg[1][23] failed (is not equivalent)
    Compare point RocketTile___core___rf_ext___Memory_reg[1][22] failed (is not equivalent)
    Compare point RocketTile___core___rf_ext___Memory_reg[1][21] failed (is not equivalent)
    Compare point RocketTile___core___rf_ext___Memory_reg[1][17] failed (is not equivalent)
    Compare point RocketTile___core___rf_ext___Memory_reg[1][14] failed (is not equivalent)
    Compare point RocketTile___core___rf_ext___Memory_reg[1][6] failed (is not equivalent)
    Compare point RocketTile___core___rf_ext___Memory_reg[1][20] failed (is not equivalent)
    Compare point RocketTile___core___rf_ext___Memory_reg[1][19] failed (is not equivalent)
    Compare point RocketTile___core___rf_ext___Memory_reg[1][18] failed (is not equivalent)
    Compare point RocketTile___core___rf_ext___Memory_reg[1][15] failed (is not equivalent)
    Compare point RocketTile___core___rf_ext___Memory_reg[1][11] failed (is not equivalent)
    Compare point RocketTile___core___rf_ext___Memory_reg[1][4] failed (is not equivalent)
    Compare point RocketTile___core___rf_ext___Memory_reg[1][13] failed (is not equivalent)
    Compare point RocketTile___core___rf_ext___Memory_reg[1][12] failed (is not equivalent)
    Compare point RocketTile___core___rf_ext___Memory_reg[1][9] failed (is not equivalent)
    Compare point RocketTile___core___rf_ext___Memory_reg[1][8] failed (is not equivalent)
    Compare point RocketTile___core___rf_ext___Memory_reg[1][7] failed (is not equivalent)
    Compare point RocketTile___core___rf_ext___Memory_reg[1][3] failed (is not equivalent)
    Compare point RocketTile___core___rf_ext___Memory_reg[1][5] failed (is not equivalent)
    Compare point RocketTile___core___rf_ext___Memory_reg[1][2] failed (is not equivalent)
    Compare point RocketTile___core___rf_ext___Memory_reg[1][1] failed (is not equivalent)
    Compare point RocketTile___core___rf_ext___Memory_reg[20][49] failed (is not equivalent)
    Compare point RocketTile___core___rf_ext___Memory_reg[20][48] failed (is not equivalent)
    Compare point RocketTile___core___rf_ext___Memory_reg[20][47] failed (is not equivalent)
    Compare point RocketTile___core___rf_ext___Memory_reg[20][46] failed (is not equivalent)
    Compare point RocketTile___core___rf_ext___Memory_reg[20][45] failed (is not equivalent)
    Compare point RocketTile___core___rf_ext___Memory_reg[20][44] failed (is not equivalent)
    Compare point RocketTile___core___rf_ext___Memory_reg[20][43] failed (is not equivalent)
    Compare point RocketTile___core___rf_ext___Memory_reg[20][42] failed (is not equivalent)
    Compare point RocketTile___core___rf_ext___Memory_reg[20][41] failed (is not equivalent)
    Compare point RocketTile___core___rf_ext___Memory_reg[20][40] failed (is not equivalent)
    Compare point RocketTile___core___rf_ext___Memory_reg[20][39] failed (is not equivalent)
    Compare point RocketTile___core___rf_ext___Memory_reg[20][38] failed (is not equivalent)
    Compare point RocketTile___core___rf_ext___Memory_reg[20][37] failed (is not equivalent)
    Compare point RocketTile___core___rf_ext___Memory_reg[20][36] failed (is not equivalent)
    Compare point RocketTile___core___rf_ext___Memory_reg[20][35] failed (is not equivalent)
    Compare point RocketTile___core___rf_ext___Memory_reg[20][34] failed (is not equivalent)
    Compare point RocketTile___core___rf_ext___Memory_reg[20][33] failed (is not equivalent)
    Compare point RocketTile___core___rf_ext___Memory_reg[20][32] failed (is not equivalent)
    Compare point RocketTile___core___rf_ext___Memory_reg[20][31] failed (is not equivalent)
    Compare point RocketTile___core___rf_ext___Memory_reg[20][30] failed (is not equivalent)
    Compare point RocketTile___core___rf_ext___Memory_reg[20][29] failed (is not equivalent)
    Compare point RocketTile___core___rf_ext___Memory_reg[20][28] failed (is not equivalent)
    Compare point RocketTile___core___rf_ext___Memory_reg[20][27] failed (is not equivalent)
    Compare point RocketTile___core___rf_ext___Memory_reg[20][26] failed (is not equivalent)
    Compare point RocketTile___core___rf_ext___Memory_reg[20][25] failed (is not equivalent)
    Compare point RocketTile___core___rf_ext___Memory_reg[20][24] failed (is not equivalent)
    Compare point RocketTile___core___rf_ext___Memory_reg[20][16] failed (is not equivalent)
    Compare point RocketTile___core___rf_ext___Memory_reg[20][10] failed (is not equivalent)
    Compare point RocketTile___core___rf_ext___Memory_reg[20][23] failed (is not equivalent)
    Compare point RocketTile___core___rf_ext___Memory_reg[20][22] failed (is not equivalent)
    Compare point RocketTile___core___rf_ext___Memory_reg[20][21] failed (is not equivalent)
    Compare point RocketTile___core___rf_ext___Memory_reg[20][17] failed (is not equivalent)
    Compare point RocketTile___core___rf_ext___Memory_reg[20][14] failed (is not equivalent)
    Compare point RocketTile___core___rf_ext___Memory_reg[20][6] failed (is not equivalent)
    Compare point RocketTile___core___rf_ext___Memory_reg[20][20] failed (is not equivalent)
    Compare point RocketTile___core___rf_ext___Memory_reg[20][19] failed (is not equivalent)
    Compare point RocketTile___core___rf_ext___Memory_reg[20][18] failed (is not equivalent)
    Compare point RocketTile___core___rf_ext___Memory_reg[20][15] failed (is not equivalent)
    Compare point RocketTile___core___rf_ext___Memory_reg[20][11] failed (is not equivalent)
    Compare point RocketTile___core___rf_ext___Memory_reg[20][4] failed (is not equivalent)
    Compare point RocketTile___core___rf_ext___Memory_reg[20][13] failed (is not equivalent)
    Compare point RocketTile___core___rf_ext___Memory_reg[20][12] failed (is not equivalent)
    Compare point RocketTile___core___rf_ext___Memory_reg[20][9] failed (is not equivalent)
    Compare point RocketTile___core___rf_ext___Memory_reg[20][8] failed (is not equivalent)
    Compare point RocketTile___core___rf_ext___Memory_reg[20][7] failed (is not equivalent)
    Compare point RocketTile___core___rf_ext___Memory_reg[20][3] failed (is not equivalent)
    Compare point RocketTile___core___rf_ext___Memory_reg[20][5] failed (is not equivalent)
    Compare point RocketTile___core___rf_ext___Memory_reg[20][2] failed (is not equivalent)
    Compare point RocketTile___core___rf_ext___Memory_reg[20][1] failed (is not equivalent)
    Compare point RocketTile___core___rf_ext___Memory_reg[21][49] failed (is not equivalent)
    Compare point RocketTile___core___rf_ext___Memory_reg[21][48] failed (is not equivalent)
    Compare point RocketTile___core___rf_ext___Memory_reg[21][47] failed (is not equivalent)
    Compare point RocketTile___core___rf_ext___Memory_reg[21][46] failed (is not equivalent)
    Compare point RocketTile___core___rf_ext___Memory_reg[21][45] failed (is not equivalent)
    Compare point RocketTile___core___rf_ext___Memory_reg[21][44] failed (is not equivalent)
    Compare point RocketTile___core___rf_ext___Memory_reg[21][43] failed (is not equivalent)
    Compare point RocketTile___core___rf_ext___Memory_reg[21][42] failed (is not equivalent)
    Compare point RocketTile___core___rf_ext___Memory_reg[21][41] failed (is not equivalent)
    Compare point RocketTile___core___rf_ext___Memory_reg[21][40] failed (is not equivalent)
    Compare point RocketTile___core___rf_ext___Memory_reg[21][39] failed (is not equivalent)
    Compare point RocketTile___core___rf_ext___Memory_reg[21][38] failed (is not equivalent)
    Compare point RocketTile___core___rf_ext___Memory_reg[21][37] failed (is not equivalent)
    Compare point RocketTile___core___rf_ext___Memory_reg[21][36] failed (is not equivalent)
    Compare point RocketTile___core___rf_ext___Memory_reg[21][35] failed (is not equivalent)
    Compare point RocketTile___core___rf_ext___Memory_reg[21][34] failed (is not equivalent)
    Compare point RocketTile___core___rf_ext___Memory_reg[21][33] failed (is not equivalent)
    Compare point RocketTile___core___rf_ext___Memory_reg[21][32] failed (is not equivalent)
    Compare point RocketTile___core___rf_ext___Memory_reg[21][31] failed (is not equivalent)
    Compare point RocketTile___core___rf_ext___Memory_reg[21][30] failed (is not equivalent)
    Compare point RocketTile___core___rf_ext___Memory_reg[21][29] failed (is not equivalent)
    Compare point RocketTile___core___rf_ext___Memory_reg[21][28] failed (is not equivalent)
    Compare point RocketTile___core___rf_ext___Memory_reg[21][27] failed (is not equivalent)
    Compare point RocketTile___core___rf_ext___Memory_reg[21][26] failed (is not equivalent)
    Compare point RocketTile___core___rf_ext___Memory_reg[21][25] failed (is not equivalent)
    Compare point RocketTile___core___rf_ext___Memory_reg[21][24] failed (is not equivalent)
    Compare point RocketTile___core___rf_ext___Memory_reg[21][16] failed (is not equivalent)
    Compare point RocketTile___core___rf_ext___Memory_reg[21][10] failed (is not equivalent)
    Compare point RocketTile___core___rf_ext___Memory_reg[21][23] failed (is not equivalent)
    Compare point RocketTile___core___rf_ext___Memory_reg[21][22] failed (is not equivalent)
    Compare point RocketTile___core___rf_ext___Memory_reg[21][21] failed (is not equivalent)
    Compare point RocketTile___core___rf_ext___Memory_reg[21][17] failed (is not equivalent)
    Compare point RocketTile___core___rf_ext___Memory_reg[21][14] failed (is not equivalent)
    Compare point RocketTile___core___rf_ext___Memory_reg[21][6] failed (is not equivalent)
    Compare point RocketTile___core___rf_ext___Memory_reg[21][20] failed (is not equivalent)
    Compare point RocketTile___core___rf_ext___Memory_reg[21][19] failed (is not equivalent)
    Compare point RocketTile___core___rf_ext___Memory_reg[21][18] failed (is not equivalent)
    Compare point RocketTile___core___rf_ext___Memory_reg[21][15] failed (is not equivalent)
    Compare point RocketTile___core___rf_ext___Memory_reg[21][11] failed (is not equivalent)
    Compare point RocketTile___core___rf_ext___Memory_reg[21][4] failed (is not equivalent)
    Compare point RocketTile___core___rf_ext___Memory_reg[21][13] failed (is not equivalent)
    Compare point RocketTile___core___rf_ext___Memory_reg[21][12] failed (is not equivalent)
    Compare point RocketTile___core___rf_ext___Memory_reg[21][9] failed (is not equivalent)
    Compare point RocketTile___core___rf_ext___Memory_reg[21][8] failed (is not equivalent)
    Compare point RocketTile___core___rf_ext___Memory_reg[21][7] failed (is not equivalent)
    Compare point RocketTile___core___rf_ext___Memory_reg[21][3] failed (is not equivalent)
    Compare point RocketTile___core___rf_ext___Memory_reg[21][5] failed (is not equivalent)
    Compare point RocketTile___core___rf_ext___Memory_reg[21][2] failed (is not equivalent)
    Compare point RocketTile___core___rf_ext___Memory_reg[21][1] failed (is not equivalent)
    Compare point RocketTile___core___rf_ext___Memory_reg[22][49] failed (is not equivalent)
    Compare point RocketTile___core___rf_ext___Memory_reg[22][48] failed (is not equivalent)
    Compare point RocketTile___core___rf_ext___Memory_reg[22][47] failed (is not equivalent)
    Compare point RocketTile___core___rf_ext___Memory_reg[22][46] failed (is not equivalent)
    Compare point RocketTile___core___rf_ext___Memory_reg[22][45] failed (is not equivalent)
    Compare point RocketTile___core___rf_ext___Memory_reg[22][44] failed (is not equivalent)
    Compare point RocketTile___core___rf_ext___Memory_reg[22][43] failed (is not equivalent)
    Compare point RocketTile___core___rf_ext___Memory_reg[22][42] failed (is not equivalent)
    Compare point RocketTile___core___rf_ext___Memory_reg[22][41] failed (is not equivalent)
    Compare point RocketTile___core___rf_ext___Memory_reg[22][40] failed (is not equivalent)
    Compare point RocketTile___core___rf_ext___Memory_reg[22][39] failed (is not equivalent)
    Compare point RocketTile___core___rf_ext___Memory_reg[22][38] failed (is not equivalent)
    Compare point RocketTile___core___rf_ext___Memory_reg[22][37] failed (is not equivalent)
    Compare point RocketTile___core___rf_ext___Memory_reg[22][36] failed (is not equivalent)
    Compare point RocketTile___core___rf_ext___Memory_reg[22][35] failed (is not equivalent)
    Compare point RocketTile___core___rf_ext___Memory_reg[22][34] failed (is not equivalent)
    Compare point RocketTile___core___rf_ext___Memory_reg[22][33] failed (is not equivalent)
    Compare point RocketTile___core___rf_ext___Memory_reg[22][32] failed (is not equivalent)
    Compare point RocketTile___core___rf_ext___Memory_reg[22][31] failed (is not equivalent)
    Compare point RocketTile___core___rf_ext___Memory_reg[22][30] failed (is not equivalent)
    Compare point RocketTile___core___rf_ext___Memory_reg[22][29] failed (is not equivalent)
    Compare point RocketTile___core___rf_ext___Memory_reg[22][28] failed (is not equivalent)
    Compare point RocketTile___core___rf_ext___Memory_reg[22][27] failed (is not equivalent)
    Compare point RocketTile___core___rf_ext___Memory_reg[22][26] failed (is not equivalent)
    Compare point RocketTile___core___rf_ext___Memory_reg[22][25] failed (is not equivalent)
    Compare point RocketTile___core___rf_ext___Memory_reg[22][24] failed (is not equivalent)
    Compare point RocketTile___core___rf_ext___Memory_reg[22][16] failed (is not equivalent)
    Compare point RocketTile___core___rf_ext___Memory_reg[22][10] failed (is not equivalent)
    Compare point RocketTile___core___rf_ext___Memory_reg[22][23] failed (is not equivalent)
    Compare point RocketTile___core___rf_ext___Memory_reg[22][22] failed (is not equivalent)
    Compare point RocketTile___core___rf_ext___Memory_reg[22][21] failed (is not equivalent)
    Compare point RocketTile___core___rf_ext___Memory_reg[22][17] failed (is not equivalent)
    Compare point RocketTile___core___rf_ext___Memory_reg[22][14] failed (is not equivalent)
    Compare point RocketTile___core___rf_ext___Memory_reg[22][6] failed (is not equivalent)
    Compare point RocketTile___core___rf_ext___Memory_reg[22][20] failed (is not equivalent)
    Compare point RocketTile___core___rf_ext___Memory_reg[22][19] failed (is not equivalent)
    Compare point RocketTile___core___rf_ext___Memory_reg[22][18] failed (is not equivalent)
    Compare point RocketTile___core___rf_ext___Memory_reg[22][15] failed (is not equivalent)
    Compare point RocketTile___core___rf_ext___Memory_reg[22][11] failed (is not equivalent)
    Compare point RocketTile___core___rf_ext___Memory_reg[22][4] failed (is not equivalent)
    Compare point RocketTile___core___rf_ext___Memory_reg[22][13] failed (is not equivalent)
    Compare point RocketTile___core___rf_ext___Memory_reg[22][12] failed (is not equivalent)
    Compare point RocketTile___core___rf_ext___Memory_reg[22][9] failed (is not equivalent)
    Compare point RocketTile___core___rf_ext___Memory_reg[22][8] failed (is not equivalent)
    Compare point RocketTile___core___rf_ext___Memory_reg[22][7] failed (is not equivalent)
    Compare point RocketTile___core___rf_ext___Memory_reg[22][3] failed (is not equivalent)
    Compare point RocketTile___core___rf_ext___Memory_reg[22][5] failed (is not equivalent)
    Compare point RocketTile___core___rf_ext___Memory_reg[22][2] failed (is not equivalent)
    Compare point RocketTile___core___rf_ext___Memory_reg[22][1] failed (is not equivalent)
    Compare point RocketTile___core___rf_ext___Memory_reg[23][49] failed (is not equivalent)
    Compare point RocketTile___core___rf_ext___Memory_reg[23][48] failed (is not equivalent)
    Compare point RocketTile___core___rf_ext___Memory_reg[23][47] failed (is not equivalent)
    Compare point RocketTile___core___rf_ext___Memory_reg[23][46] failed (is not equivalent)
    Compare point RocketTile___core___rf_ext___Memory_reg[23][45] failed (is not equivalent)
    Compare point RocketTile___core___rf_ext___Memory_reg[23][44] failed (is not equivalent)
    Compare point RocketTile___core___rf_ext___Memory_reg[23][43] failed (is not equivalent)
    Compare point RocketTile___core___rf_ext___Memory_reg[23][42] failed (is not equivalent)
    Compare point RocketTile___core___rf_ext___Memory_reg[23][41] failed (is not equivalent)
    Compare point RocketTile___core___rf_ext___Memory_reg[23][40] failed (is not equivalent)
    Compare point RocketTile___core___rf_ext___Memory_reg[23][39] failed (is not equivalent)
    Compare point RocketTile___core___rf_ext___Memory_reg[23][38] failed (is not equivalent)
    Compare point RocketTile___core___rf_ext___Memory_reg[23][37] failed (is not equivalent)
    Compare point RocketTile___core___rf_ext___Memory_reg[23][36] failed (is not equivalent)
    Compare point RocketTile___core___rf_ext___Memory_reg[23][35] failed (is not equivalent)
    Compare point RocketTile___core___rf_ext___Memory_reg[23][34] failed (is not equivalent)
    Compare point RocketTile___core___rf_ext___Memory_reg[23][33] failed (is not equivalent)
    Compare point RocketTile___core___rf_ext___Memory_reg[23][32] failed (is not equivalent)
    Compare point RocketTile___core___rf_ext___Memory_reg[23][31] failed (is not equivalent)
    Compare point RocketTile___core___rf_ext___Memory_reg[23][30] failed (is not equivalent)
    Compare point RocketTile___core___rf_ext___Memory_reg[23][29] failed (is not equivalent)
    Compare point RocketTile___core___rf_ext___Memory_reg[23][28] failed (is not equivalent)
    Compare point RocketTile___core___rf_ext___Memory_reg[23][27] failed (is not equivalent)
    Compare point RocketTile___core___rf_ext___Memory_reg[23][26] failed (is not equivalent)
    Compare point RocketTile___core___rf_ext___Memory_reg[23][25] failed (is not equivalent)
    Compare point RocketTile___core___rf_ext___Memory_reg[23][24] failed (is not equivalent)
    Compare point RocketTile___core___rf_ext___Memory_reg[23][16] failed (is not equivalent)
    Compare point RocketTile___core___rf_ext___Memory_reg[23][10] failed (is not equivalent)
    Compare point RocketTile___core___rf_ext___Memory_reg[23][23] failed (is not equivalent)
    Compare point RocketTile___core___rf_ext___Memory_reg[23][22] failed (is not equivalent)
    Compare point RocketTile___core___rf_ext___Memory_reg[23][21] failed (is not equivalent)
    Compare point RocketTile___core___rf_ext___Memory_reg[23][17] failed (is not equivalent)
    Compare point RocketTile___core___rf_ext___Memory_reg[23][14] failed (is not equivalent)
    Compare point RocketTile___core___rf_ext___Memory_reg[23][6] failed (is not equivalent)
    Compare point RocketTile___core___rf_ext___Memory_reg[23][20] failed (is not equivalent)
    Compare point RocketTile___core___rf_ext___Memory_reg[23][19] failed (is not equivalent)
    Compare point RocketTile___core___rf_ext___Memory_reg[23][18] failed (is not equivalent)
    Compare point RocketTile___core___rf_ext___Memory_reg[23][15] failed (is not equivalent)
    Compare point RocketTile___core___rf_ext___Memory_reg[23][11] failed (is not equivalent)
    Compare point RocketTile___core___rf_ext___Memory_reg[23][4] failed (is not equivalent)
    Compare point RocketTile___core___rf_ext___Memory_reg[23][13] failed (is not equivalent)
    Compare point RocketTile___core___rf_ext___Memory_reg[23][12] failed (is not equivalent)
    Compare point RocketTile___core___rf_ext___Memory_reg[23][9] failed (is not equivalent)
    Compare point RocketTile___core___rf_ext___Memory_reg[23][8] failed (is not equivalent)
    Compare point RocketTile___core___rf_ext___Memory_reg[23][7] failed (is not equivalent)
    Compare point RocketTile___core___rf_ext___Memory_reg[23][3] failed (is not equivalent)
    Compare point RocketTile___core___rf_ext___Memory_reg[23][5] failed (is not equivalent)
    Compare point RocketTile___core___rf_ext___Memory_reg[23][2] failed (is not equivalent)
    Compare point RocketTile___core___rf_ext___Memory_reg[23][1] failed (is not equivalent)
    Compare point RocketTile___core___rf_ext___Memory_reg[24][49] failed (is not equivalent)
    Compare point RocketTile___core___rf_ext___Memory_reg[24][48] failed (is not equivalent)
    Compare point RocketTile___core___rf_ext___Memory_reg[24][47] failed (is not equivalent)
    Compare point RocketTile___core___rf_ext___Memory_reg[24][46] failed (is not equivalent)
    Compare point RocketTile___core___rf_ext___Memory_reg[24][45] failed (is not equivalent)
    Compare point RocketTile___core___rf_ext___Memory_reg[24][44] failed (is not equivalent)
    Compare point RocketTile___core___rf_ext___Memory_reg[24][43] failed (is not equivalent)
    Compare point RocketTile___core___rf_ext___Memory_reg[24][42] failed (is not equivalent)
    Compare point RocketTile___core___rf_ext___Memory_reg[24][41] failed (is not equivalent)
    Compare point RocketTile___core___rf_ext___Memory_reg[24][40] failed (is not equivalent)
    Compare point RocketTile___core___rf_ext___Memory_reg[24][39] failed (is not equivalent)
    Compare point RocketTile___core___rf_ext___Memory_reg[24][38] failed (is not equivalent)
    Compare point RocketTile___core___rf_ext___Memory_reg[24][37] failed (is not equivalent)
    Compare point RocketTile___core___rf_ext___Memory_reg[24][36] failed (is not equivalent)
    Compare point RocketTile___core___rf_ext___Memory_reg[24][35] failed (is not equivalent)
    Compare point RocketTile___core___rf_ext___Memory_reg[24][34] failed (is not equivalent)
    Compare point RocketTile___core___rf_ext___Memory_reg[24][33] failed (is not equivalent)
    Compare point RocketTile___core___rf_ext___Memory_reg[24][32] failed (is not equivalent)
    Compare point RocketTile___core___rf_ext___Memory_reg[24][31] failed (is not equivalent)
    Compare point RocketTile___core___rf_ext___Memory_reg[24][30] failed (is not equivalent)
    Compare point RocketTile___core___rf_ext___Memory_reg[24][29] failed (is not equivalent)
    Compare point RocketTile___core___rf_ext___Memory_reg[24][28] failed (is not equivalent)
    Compare point RocketTile___core___rf_ext___Memory_reg[24][27] failed (is not equivalent)
    Compare point RocketTile___core___rf_ext___Memory_reg[24][26] failed (is not equivalent)
    Compare point RocketTile___core___rf_ext___Memory_reg[24][25] failed (is not equivalent)
    Compare point RocketTile___core___rf_ext___Memory_reg[24][24] failed (is not equivalent)
    Compare point RocketTile___core___rf_ext___Memory_reg[24][16] failed (is not equivalent)
    Compare point RocketTile___core___rf_ext___Memory_reg[24][10] failed (is not equivalent)
    Compare point RocketTile___core___rf_ext___Memory_reg[24][23] failed (is not equivalent)
    Compare point RocketTile___core___rf_ext___Memory_reg[24][22] failed (is not equivalent)
    Compare point RocketTile___core___rf_ext___Memory_reg[24][21] failed (is not equivalent)
    Compare point RocketTile___core___rf_ext___Memory_reg[24][17] failed (is not equivalent)
    Compare point RocketTile___core___rf_ext___Memory_reg[24][14] failed (is not equivalent)
    Compare point RocketTile___core___rf_ext___Memory_reg[24][6] failed (is not equivalent)
    Compare point RocketTile___core___rf_ext___Memory_reg[24][20] failed (is not equivalent)
    Compare point RocketTile___core___rf_ext___Memory_reg[24][19] failed (is not equivalent)
    Compare point RocketTile___core___rf_ext___Memory_reg[24][18] failed (is not equivalent)
    Compare point RocketTile___core___rf_ext___Memory_reg[24][15] failed (is not equivalent)
    Compare point RocketTile___core___rf_ext___Memory_reg[24][11] failed (is not equivalent)
    Compare point RocketTile___core___rf_ext___Memory_reg[24][4] failed (is not equivalent)
    Compare point RocketTile___core___rf_ext___Memory_reg[24][13] failed (is not equivalent)
    Compare point RocketTile___core___rf_ext___Memory_reg[24][12] failed (is not equivalent)
    Compare point RocketTile___core___rf_ext___Memory_reg[24][9] failed (is not equivalent)
    Compare point RocketTile___core___rf_ext___Memory_reg[24][8] failed (is not equivalent)
    Compare point RocketTile___core___rf_ext___Memory_reg[24][7] failed (is not equivalent)
    Compare point RocketTile___core___rf_ext___Memory_reg[24][3] failed (is not equivalent)
    Compare point RocketTile___core___rf_ext___Memory_reg[24][5] failed (is not equivalent)
    Compare point RocketTile___core___rf_ext___Memory_reg[24][2] failed (is not equivalent)
    Compare point RocketTile___core___rf_ext___Memory_reg[24][1] failed (is not equivalent)
    Compare point RocketTile___core___rf_ext___Memory_reg[25][49] failed (is not equivalent)
    Compare point RocketTile___core___rf_ext___Memory_reg[25][48] failed (is not equivalent)
    Compare point RocketTile___core___rf_ext___Memory_reg[25][47] failed (is not equivalent)
    Compare point RocketTile___core___rf_ext___Memory_reg[25][46] failed (is not equivalent)
    Compare point RocketTile___core___rf_ext___Memory_reg[25][45] failed (is not equivalent)
    Compare point RocketTile___core___rf_ext___Memory_reg[25][44] failed (is not equivalent)
    Compare point RocketTile___core___rf_ext___Memory_reg[25][43] failed (is not equivalent)
    Compare point RocketTile___core___rf_ext___Memory_reg[25][42] failed (is not equivalent)
    Compare point RocketTile___core___rf_ext___Memory_reg[25][41] failed (is not equivalent)
    Compare point RocketTile___core___rf_ext___Memory_reg[25][40] failed (is not equivalent)
    Compare point RocketTile___core___rf_ext___Memory_reg[25][39] failed (is not equivalent)
    Compare point RocketTile___core___rf_ext___Memory_reg[25][38] failed (is not equivalent)
    Compare point RocketTile___core___rf_ext___Memory_reg[25][37] failed (is not equivalent)
    Compare point RocketTile___core___rf_ext___Memory_reg[25][36] failed (is not equivalent)
    Compare point RocketTile___core___rf_ext___Memory_reg[25][35] failed (is not equivalent)
    Compare point RocketTile___core___rf_ext___Memory_reg[25][34] failed (is not equivalent)
    Compare point RocketTile___core___rf_ext___Memory_reg[25][33] failed (is not equivalent)
    Compare point RocketTile___core___rf_ext___Memory_reg[25][32] failed (is not equivalent)
    Compare point RocketTile___core___rf_ext___Memory_reg[25][31] failed (is not equivalent)
    Compare point RocketTile___core___rf_ext___Memory_reg[25][30] failed (is not equivalent)
    Compare point RocketTile___core___rf_ext___Memory_reg[25][29] failed (is not equivalent)
    Compare point RocketTile___core___rf_ext___Memory_reg[25][28] failed (is not equivalent)
    Compare point RocketTile___core___rf_ext___Memory_reg[25][27] failed (is not equivalent)
    Compare point RocketTile___core___rf_ext___Memory_reg[25][26] failed (is not equivalent)
    Compare point RocketTile___core___rf_ext___Memory_reg[25][25] failed (is not equivalent)
    Compare point RocketTile___core___rf_ext___Memory_reg[25][24] failed (is not equivalent)
    Compare point RocketTile___core___rf_ext___Memory_reg[25][16] failed (is not equivalent)
    Compare point RocketTile___core___rf_ext___Memory_reg[25][10] failed (is not equivalent)
    Compare point RocketTile___core___rf_ext___Memory_reg[25][23] failed (is not equivalent)
    Compare point RocketTile___core___rf_ext___Memory_reg[25][22] failed (is not equivalent)
    Compare point RocketTile___core___rf_ext___Memory_reg[25][21] failed (is not equivalent)
    Compare point RocketTile___core___rf_ext___Memory_reg[25][17] failed (is not equivalent)
    Compare point RocketTile___core___rf_ext___Memory_reg[25][14] failed (is not equivalent)
    Compare point RocketTile___core___rf_ext___Memory_reg[25][6] failed (is not equivalent)
    Compare point RocketTile___core___rf_ext___Memory_reg[25][20] failed (is not equivalent)
    Compare point RocketTile___core___rf_ext___Memory_reg[25][19] failed (is not equivalent)
    Compare point RocketTile___core___rf_ext___Memory_reg[25][18] failed (is not equivalent)
    Compare point RocketTile___core___rf_ext___Memory_reg[25][15] failed (is not equivalent)
    Compare point RocketTile___core___rf_ext___Memory_reg[25][11] failed (is not equivalent)
    Compare point RocketTile___core___rf_ext___Memory_reg[25][4] failed (is not equivalent)
    Compare point RocketTile___core___rf_ext___Memory_reg[25][13] failed (is not equivalent)
    Compare point RocketTile___core___rf_ext___Memory_reg[25][12] failed (is not equivalent)
    Compare point RocketTile___core___rf_ext___Memory_reg[25][9] failed (is not equivalent)
    Compare point RocketTile___core___rf_ext___Memory_reg[25][8] failed (is not equivalent)
    Compare point RocketTile___core___rf_ext___Memory_reg[25][7] failed (is not equivalent)
    Compare point RocketTile___core___rf_ext___Memory_reg[25][3] failed (is not equivalent)
    Compare point RocketTile___core___rf_ext___Memory_reg[25][5] failed (is not equivalent)
    Compare point RocketTile___core___rf_ext___Memory_reg[25][2] failed (is not equivalent)
    Compare point RocketTile___core___rf_ext___Memory_reg[25][1] failed (is not equivalent)
    Compare point RocketTile___core___rf_ext___Memory_reg[26][49] failed (is not equivalent)
    Compare point RocketTile___core___rf_ext___Memory_reg[26][48] failed (is not equivalent)
    Compare point RocketTile___core___rf_ext___Memory_reg[26][47] failed (is not equivalent)
    Compare point RocketTile___core___rf_ext___Memory_reg[26][46] failed (is not equivalent)
    Compare point RocketTile___core___rf_ext___Memory_reg[26][45] failed (is not equivalent)
    Compare point RocketTile___core___rf_ext___Memory_reg[26][44] failed (is not equivalent)
    Compare point RocketTile___core___rf_ext___Memory_reg[26][43] failed (is not equivalent)
    Compare point RocketTile___core___rf_ext___Memory_reg[26][42] failed (is not equivalent)
    Compare point RocketTile___core___rf_ext___Memory_reg[26][41] failed (is not equivalent)
    Compare point RocketTile___core___rf_ext___Memory_reg[26][40] failed (is not equivalent)
    Compare point RocketTile___core___rf_ext___Memory_reg[26][39] failed (is not equivalent)
    Compare point RocketTile___core___rf_ext___Memory_reg[26][38] failed (is not equivalent)
    Compare point RocketTile___core___rf_ext___Memory_reg[26][37] failed (is not equivalent)
    Compare point RocketTile___core___rf_ext___Memory_reg[26][36] failed (is not equivalent)
    Compare point RocketTile___core___rf_ext___Memory_reg[26][35] failed (is not equivalent)
    Compare point RocketTile___core___rf_ext___Memory_reg[26][34] failed (is not equivalent)
    Compare point RocketTile___core___rf_ext___Memory_reg[26][33] failed (is not equivalent)
    Compare point RocketTile___core___rf_ext___Memory_reg[26][32] failed (is not equivalent)
    Compare point RocketTile___core___rf_ext___Memory_reg[26][31] failed (is not equivalent)
    Compare point RocketTile___core___rf_ext___Memory_reg[26][30] failed (is not equivalent)
    Compare point RocketTile___core___rf_ext___Memory_reg[26][29] failed (is not equivalent)
    Compare point RocketTile___core___rf_ext___Memory_reg[26][28] failed (is not equivalent)
    Compare point RocketTile___core___rf_ext___Memory_reg[26][27] failed (is not equivalent)
    Compare point RocketTile___core___rf_ext___Memory_reg[26][26] failed (is not equivalent)
    Compare point RocketTile___core___rf_ext___Memory_reg[26][25] failed (is not equivalent)
    Compare point RocketTile___core___rf_ext___Memory_reg[26][24] failed (is not equivalent)
    Compare point RocketTile___core___rf_ext___Memory_reg[26][16] failed (is not equivalent)
    Compare point RocketTile___core___rf_ext___Memory_reg[26][10] failed (is not equivalent)
    Compare point RocketTile___core___rf_ext___Memory_reg[26][23] failed (is not equivalent)
    Compare point RocketTile___core___rf_ext___Memory_reg[26][22] failed (is not equivalent)
    Compare point RocketTile___core___rf_ext___Memory_reg[26][21] failed (is not equivalent)
    Compare point RocketTile___core___rf_ext___Memory_reg[26][17] failed (is not equivalent)
    Compare point RocketTile___core___rf_ext___Memory_reg[26][14] failed (is not equivalent)
    Compare point RocketTile___core___rf_ext___Memory_reg[26][6] failed (is not equivalent)
    Compare point RocketTile___core___rf_ext___Memory_reg[26][20] failed (is not equivalent)
    Compare point RocketTile___core___rf_ext___Memory_reg[26][19] failed (is not equivalent)
    Compare point RocketTile___core___rf_ext___Memory_reg[26][18] failed (is not equivalent)
    Compare point RocketTile___core___rf_ext___Memory_reg[26][15] failed (is not equivalent)
    Compare point RocketTile___core___rf_ext___Memory_reg[26][11] failed (is not equivalent)
    Compare point RocketTile___core___rf_ext___Memory_reg[26][4] failed (is not equivalent)
    Compare point RocketTile___core___rf_ext___Memory_reg[26][13] failed (is not equivalent)
    Compare point RocketTile___core___rf_ext___Memory_reg[26][12] failed (is not equivalent)
    Compare point RocketTile___core___rf_ext___Memory_reg[26][9] failed (is not equivalent)
    Compare point RocketTile___core___rf_ext___Memory_reg[26][8] failed (is not equivalent)
    Compare point RocketTile___core___rf_ext___Memory_reg[26][7] failed (is not equivalent)
    Compare point RocketTile___core___rf_ext___Memory_reg[26][3] failed (is not equivalent)
    Compare point RocketTile___core___rf_ext___Memory_reg[26][5] failed (is not equivalent)
    Compare point RocketTile___core___rf_ext___Memory_reg[26][2] failed (is not equivalent)
    Compare point RocketTile___core___rf_ext___Memory_reg[26][1] failed (is not equivalent)
    Compare point RocketTile___core___rf_ext___Memory_reg[27][49] failed (is not equivalent)
    Compare point RocketTile___core___rf_ext___Memory_reg[27][48] failed (is not equivalent)
    Compare point RocketTile___core___rf_ext___Memory_reg[27][47] failed (is not equivalent)
    Compare point RocketTile___core___rf_ext___Memory_reg[27][46] failed (is not equivalent)
    Compare point RocketTile___core___rf_ext___Memory_reg[27][45] failed (is not equivalent)
    Compare point RocketTile___core___rf_ext___Memory_reg[27][44] failed (is not equivalent)
    Compare point RocketTile___core___rf_ext___Memory_reg[27][43] failed (is not equivalent)
    Compare point RocketTile___core___rf_ext___Memory_reg[27][42] failed (is not equivalent)
    Compare point RocketTile___core___rf_ext___Memory_reg[27][41] failed (is not equivalent)
    Compare point RocketTile___core___rf_ext___Memory_reg[27][40] failed (is not equivalent)
    Compare point RocketTile___core___rf_ext___Memory_reg[27][39] failed (is not equivalent)
    Compare point RocketTile___core___rf_ext___Memory_reg[27][38] failed (is not equivalent)
    Compare point RocketTile___core___rf_ext___Memory_reg[27][37] failed (is not equivalent)
    Compare point RocketTile___core___rf_ext___Memory_reg[27][36] failed (is not equivalent)
    Compare point RocketTile___core___rf_ext___Memory_reg[27][35] failed (is not equivalent)
    Compare point RocketTile___core___rf_ext___Memory_reg[27][34] failed (is not equivalent)
    Compare point RocketTile___core___rf_ext___Memory_reg[27][33] failed (is not equivalent)
    Compare point RocketTile___core___rf_ext___Memory_reg[27][32] failed (is not equivalent)
    Compare point RocketTile___core___rf_ext___Memory_reg[27][31] failed (is not equivalent)
    Compare point RocketTile___core___rf_ext___Memory_reg[27][30] failed (is not equivalent)
    Compare point RocketTile___core___rf_ext___Memory_reg[27][29] failed (is not equivalent)
    Compare point RocketTile___core___rf_ext___Memory_reg[27][28] failed (is not equivalent)
    Compare point RocketTile___core___rf_ext___Memory_reg[27][27] failed (is not equivalent)
    Compare point RocketTile___core___rf_ext___Memory_reg[27][26] failed (is not equivalent)
    Compare point RocketTile___core___rf_ext___Memory_reg[27][25] failed (is not equivalent)
    Compare point RocketTile___core___rf_ext___Memory_reg[27][24] failed (is not equivalent)
    Compare point RocketTile___core___rf_ext___Memory_reg[27][16] failed (is not equivalent)
    Compare point RocketTile___core___rf_ext___Memory_reg[27][10] failed (is not equivalent)
    Compare point RocketTile___core___rf_ext___Memory_reg[27][23] failed (is not equivalent)
    Compare point RocketTile___core___rf_ext___Memory_reg[27][22] failed (is not equivalent)
    Compare point RocketTile___core___rf_ext___Memory_reg[27][21] failed (is not equivalent)
    Compare point RocketTile___core___rf_ext___Memory_reg[27][17] failed (is not equivalent)
    Compare point RocketTile___core___rf_ext___Memory_reg[27][14] failed (is not equivalent)
    Compare point RocketTile___core___rf_ext___Memory_reg[27][6] failed (is not equivalent)
    Compare point RocketTile___core___rf_ext___Memory_reg[27][20] failed (is not equivalent)
    Compare point RocketTile___core___rf_ext___Memory_reg[27][19] failed (is not equivalent)
    Compare point RocketTile___core___rf_ext___Memory_reg[27][18] failed (is not equivalent)
    Compare point RocketTile___core___rf_ext___Memory_reg[27][15] failed (is not equivalent)
    Compare point RocketTile___core___rf_ext___Memory_reg[27][11] failed (is not equivalent)
    Compare point RocketTile___core___rf_ext___Memory_reg[27][4] failed (is not equivalent)
    Compare point RocketTile___core___rf_ext___Memory_reg[27][13] failed (is not equivalent)
    Compare point RocketTile___core___rf_ext___Memory_reg[27][12] failed (is not equivalent)
    Compare point RocketTile___core___rf_ext___Memory_reg[27][9] failed (is not equivalent)
    Compare point RocketTile___core___rf_ext___Memory_reg[27][8] failed (is not equivalent)
    Compare point RocketTile___core___rf_ext___Memory_reg[27][7] failed (is not equivalent)
    Compare point RocketTile___core___rf_ext___Memory_reg[27][3] failed (is not equivalent)
    Compare point RocketTile___core___rf_ext___Memory_reg[27][5] failed (is not equivalent)
    Compare point RocketTile___core___rf_ext___Memory_reg[27][2] failed (is not equivalent)
    Compare point RocketTile___core___rf_ext___Memory_reg[27][1] failed (is not equivalent)
    Compare point RocketTile___core___rf_ext___Memory_reg[28][49] failed (is not equivalent)
    Compare point RocketTile___core___rf_ext___Memory_reg[28][48] failed (is not equivalent)
    Compare point RocketTile___core___rf_ext___Memory_reg[28][47] failed (is not equivalent)
    Compare point RocketTile___core___rf_ext___Memory_reg[28][46] failed (is not equivalent)
    Compare point RocketTile___core___rf_ext___Memory_reg[28][45] failed (is not equivalent)
    Compare point RocketTile___core___rf_ext___Memory_reg[28][44] failed (is not equivalent)
    Compare point RocketTile___core___rf_ext___Memory_reg[28][43] failed (is not equivalent)
    Compare point RocketTile___core___rf_ext___Memory_reg[28][42] failed (is not equivalent)
    Compare point RocketTile___core___rf_ext___Memory_reg[28][41] failed (is not equivalent)
    Compare point RocketTile___core___rf_ext___Memory_reg[28][40] failed (is not equivalent)
    Compare point RocketTile___core___rf_ext___Memory_reg[28][39] failed (is not equivalent)
    Compare point RocketTile___core___rf_ext___Memory_reg[28][38] failed (is not equivalent)
    Compare point RocketTile___core___rf_ext___Memory_reg[28][37] failed (is not equivalent)
    Compare point RocketTile___core___rf_ext___Memory_reg[28][36] failed (is not equivalent)
    Compare point RocketTile___core___rf_ext___Memory_reg[28][35] failed (is not equivalent)
    Compare point RocketTile___core___rf_ext___Memory_reg[28][34] failed (is not equivalent)
    Compare point RocketTile___core___rf_ext___Memory_reg[28][33] failed (is not equivalent)
    Compare point RocketTile___core___rf_ext___Memory_reg[28][32] failed (is not equivalent)
    Compare point RocketTile___core___rf_ext___Memory_reg[28][31] failed (is not equivalent)
    Compare point RocketTile___core___rf_ext___Memory_reg[28][30] failed (is not equivalent)
    Compare point RocketTile___core___rf_ext___Memory_reg[28][29] failed (is not equivalent)
    Compare point RocketTile___core___rf_ext___Memory_reg[28][28] failed (is not equivalent)
    Compare point RocketTile___core___rf_ext___Memory_reg[28][27] failed (is not equivalent)
    Compare point RocketTile___core___rf_ext___Memory_reg[28][26] failed (is not equivalent)
    Compare point RocketTile___core___rf_ext___Memory_reg[28][25] failed (is not equivalent)
    Compare point RocketTile___core___rf_ext___Memory_reg[28][24] failed (is not equivalent)
    Compare point RocketTile___core___rf_ext___Memory_reg[28][16] failed (is not equivalent)
    Compare point RocketTile___core___rf_ext___Memory_reg[28][10] failed (is not equivalent)
    Compare point RocketTile___core___rf_ext___Memory_reg[28][23] failed (is not equivalent)
    Compare point RocketTile___core___rf_ext___Memory_reg[28][22] failed (is not equivalent)
    Compare point RocketTile___core___rf_ext___Memory_reg[28][21] failed (is not equivalent)
    Compare point RocketTile___core___rf_ext___Memory_reg[28][17] failed (is not equivalent)
    Compare point RocketTile___core___rf_ext___Memory_reg[28][14] failed (is not equivalent)
    Compare point RocketTile___core___rf_ext___Memory_reg[28][6] failed (is not equivalent)
    Compare point RocketTile___core___rf_ext___Memory_reg[28][20] failed (is not equivalent)
    Compare point RocketTile___core___rf_ext___Memory_reg[28][19] failed (is not equivalent)
    Compare point RocketTile___core___rf_ext___Memory_reg[28][18] failed (is not equivalent)
    Compare point RocketTile___core___rf_ext___Memory_reg[28][15] failed (is not equivalent)
    Compare point RocketTile___core___rf_ext___Memory_reg[28][11] failed (is not equivalent)
    Compare point RocketTile___core___rf_ext___Memory_reg[28][4] failed (is not equivalent)
    Compare point RocketTile___core___rf_ext___Memory_reg[28][13] failed (is not equivalent)
    Compare point RocketTile___core___rf_ext___Memory_reg[28][12] failed (is not equivalent)
    Compare point RocketTile___core___rf_ext___Memory_reg[28][9] failed (is not equivalent)
    Compare point RocketTile___core___rf_ext___Memory_reg[28][8] failed (is not equivalent)
    Compare point RocketTile___core___rf_ext___Memory_reg[28][7] failed (is not equivalent)
    Compare point RocketTile___core___rf_ext___Memory_reg[28][3] failed (is not equivalent)
    Compare point RocketTile___core___rf_ext___Memory_reg[28][5] failed (is not equivalent)
    Compare point RocketTile___core___rf_ext___Memory_reg[28][2] failed (is not equivalent)
    Compare point RocketTile___core___rf_ext___Memory_reg[28][1] failed (is not equivalent)
    Compare point RocketTile___core___rf_ext___Memory_reg[29][49] failed (is not equivalent)
    Compare point RocketTile___core___rf_ext___Memory_reg[29][48] failed (is not equivalent)
    Compare point RocketTile___core___rf_ext___Memory_reg[29][47] failed (is not equivalent)
    Compare point RocketTile___core___rf_ext___Memory_reg[29][46] failed (is not equivalent)
    Compare point RocketTile___core___rf_ext___Memory_reg[29][45] failed (is not equivalent)
    Compare point RocketTile___core___rf_ext___Memory_reg[29][44] failed (is not equivalent)
    Compare point RocketTile___core___rf_ext___Memory_reg[29][43] failed (is not equivalent)
    Compare point RocketTile___core___rf_ext___Memory_reg[29][42] failed (is not equivalent)
    Compare point RocketTile___core___rf_ext___Memory_reg[29][41] failed (is not equivalent)
    Compare point RocketTile___core___rf_ext___Memory_reg[29][40] failed (is not equivalent)
    Compare point RocketTile___core___rf_ext___Memory_reg[29][39] failed (is not equivalent)
    Compare point RocketTile___core___rf_ext___Memory_reg[29][38] failed (is not equivalent)
    Compare point RocketTile___core___rf_ext___Memory_reg[29][37] failed (is not equivalent)
    Compare point RocketTile___core___rf_ext___Memory_reg[29][36] failed (is not equivalent)
    Compare point RocketTile___core___rf_ext___Memory_reg[29][35] failed (is not equivalent)
    Compare point RocketTile___core___rf_ext___Memory_reg[29][34] failed (is not equivalent)
    Compare point RocketTile___core___rf_ext___Memory_reg[29][33] failed (is not equivalent)
    Compare point RocketTile___core___rf_ext___Memory_reg[29][32] failed (is not equivalent)
    Compare point RocketTile___core___rf_ext___Memory_reg[29][31] failed (is not equivalent)
    Compare point RocketTile___core___rf_ext___Memory_reg[29][30] failed (is not equivalent)
    Compare point RocketTile___core___rf_ext___Memory_reg[29][29] failed (is not equivalent)
    Compare point RocketTile___core___rf_ext___Memory_reg[29][28] failed (is not equivalent)
    Compare point RocketTile___core___rf_ext___Memory_reg[29][27] failed (is not equivalent)
    Compare point RocketTile___core___rf_ext___Memory_reg[29][26] failed (is not equivalent)
    Compare point RocketTile___core___rf_ext___Memory_reg[29][25] failed (is not equivalent)
    Compare point RocketTile___core___rf_ext___Memory_reg[29][24] failed (is not equivalent)
    Compare point RocketTile___core___rf_ext___Memory_reg[29][16] failed (is not equivalent)
    Compare point RocketTile___core___rf_ext___Memory_reg[29][10] failed (is not equivalent)
    Compare point RocketTile___core___rf_ext___Memory_reg[29][23] failed (is not equivalent)
    Compare point RocketTile___core___rf_ext___Memory_reg[29][22] failed (is not equivalent)
    Compare point RocketTile___core___rf_ext___Memory_reg[29][21] failed (is not equivalent)
    Compare point RocketTile___core___rf_ext___Memory_reg[29][17] failed (is not equivalent)
    Compare point RocketTile___core___rf_ext___Memory_reg[29][14] failed (is not equivalent)
    Compare point RocketTile___core___rf_ext___Memory_reg[29][6] failed (is not equivalent)
    Compare point RocketTile___core___rf_ext___Memory_reg[29][20] failed (is not equivalent)
    Compare point RocketTile___core___rf_ext___Memory_reg[29][19] failed (is not equivalent)
    Compare point RocketTile___core___rf_ext___Memory_reg[29][18] failed (is not equivalent)
    Compare point RocketTile___core___rf_ext___Memory_reg[29][15] failed (is not equivalent)
    Compare point RocketTile___core___rf_ext___Memory_reg[29][11] failed (is not equivalent)
    Compare point RocketTile___core___rf_ext___Memory_reg[29][4] failed (is not equivalent)
    Compare point RocketTile___core___rf_ext___Memory_reg[29][13] failed (is not equivalent)
    Compare point RocketTile___core___rf_ext___Memory_reg[29][12] failed (is not equivalent)
    Compare point RocketTile___core___rf_ext___Memory_reg[29][9] failed (is not equivalent)
    Compare point RocketTile___core___rf_ext___Memory_reg[29][8] failed (is not equivalent)
    Compare point RocketTile___core___rf_ext___Memory_reg[29][7] failed (is not equivalent)
    Compare point RocketTile___core___rf_ext___Memory_reg[29][3] failed (is not equivalent)
    Compare point RocketTile___core___rf_ext___Memory_reg[29][5] failed (is not equivalent)
    Compare point RocketTile___core___rf_ext___Memory_reg[29][2] failed (is not equivalent)
    Compare point RocketTile___core___rf_ext___Memory_reg[29][1] failed (is not equivalent)
    Compare point RocketTile___core___rf_ext___Memory_reg[2][49] failed (is not equivalent)
    Compare point RocketTile___core___rf_ext___Memory_reg[2][48] failed (is not equivalent)
    Compare point RocketTile___core___rf_ext___Memory_reg[2][47] failed (is not equivalent)
    Compare point RocketTile___core___rf_ext___Memory_reg[2][46] failed (is not equivalent)
    Compare point RocketTile___core___rf_ext___Memory_reg[2][45] failed (is not equivalent)
    Compare point RocketTile___core___rf_ext___Memory_reg[2][44] failed (is not equivalent)
    Compare point RocketTile___core___rf_ext___Memory_reg[2][43] failed (is not equivalent)
    Compare point RocketTile___core___rf_ext___Memory_reg[2][42] failed (is not equivalent)
    Compare point RocketTile___core___rf_ext___Memory_reg[2][41] failed (is not equivalent)
    Compare point RocketTile___core___rf_ext___Memory_reg[2][40] failed (is not equivalent)
    Compare point RocketTile___core___rf_ext___Memory_reg[2][39] failed (is not equivalent)
    Compare point RocketTile___core___rf_ext___Memory_reg[2][38] failed (is not equivalent)
    Compare point RocketTile___core___rf_ext___Memory_reg[2][37] failed (is not equivalent)
    Compare point RocketTile___core___rf_ext___Memory_reg[2][36] failed (is not equivalent)
    Compare point RocketTile___core___rf_ext___Memory_reg[2][35] failed (is not equivalent)
    Compare point RocketTile___core___rf_ext___Memory_reg[2][34] failed (is not equivalent)
    Compare point RocketTile___core___rf_ext___Memory_reg[2][33] failed (is not equivalent)
    Compare point RocketTile___core___rf_ext___Memory_reg[2][32] failed (is not equivalent)
    Compare point RocketTile___core___rf_ext___Memory_reg[2][31] failed (is not equivalent)
    Compare point RocketTile___core___rf_ext___Memory_reg[2][30] failed (is not equivalent)
    Compare point RocketTile___core___rf_ext___Memory_reg[2][29] failed (is not equivalent)
    Compare point RocketTile___core___rf_ext___Memory_reg[2][28] failed (is not equivalent)
    Compare point RocketTile___core___rf_ext___Memory_reg[2][27] failed (is not equivalent)
    Compare point RocketTile___core___rf_ext___Memory_reg[2][26] failed (is not equivalent)
    Compare point RocketTile___core___rf_ext___Memory_reg[2][25] failed (is not equivalent)
    Compare point RocketTile___core___rf_ext___Memory_reg[2][24] failed (is not equivalent)
    Compare point RocketTile___core___rf_ext___Memory_reg[2][16] failed (is not equivalent)
    Compare point RocketTile___core___rf_ext___Memory_reg[2][10] failed (is not equivalent)
    Compare point RocketTile___core___rf_ext___Memory_reg[2][23] failed (is not equivalent)
    Compare point RocketTile___core___rf_ext___Memory_reg[2][22] failed (is not equivalent)
    Compare point RocketTile___core___rf_ext___Memory_reg[2][21] failed (is not equivalent)
    Compare point RocketTile___core___rf_ext___Memory_reg[2][17] failed (is not equivalent)
    Compare point RocketTile___core___rf_ext___Memory_reg[2][14] failed (is not equivalent)
    Compare point RocketTile___core___rf_ext___Memory_reg[2][6] failed (is not equivalent)
    Compare point RocketTile___core___rf_ext___Memory_reg[2][20] failed (is not equivalent)
    Compare point RocketTile___core___rf_ext___Memory_reg[2][19] failed (is not equivalent)
    Compare point RocketTile___core___rf_ext___Memory_reg[2][18] failed (is not equivalent)
    Compare point RocketTile___core___rf_ext___Memory_reg[2][15] failed (is not equivalent)
    Compare point RocketTile___core___rf_ext___Memory_reg[2][11] failed (is not equivalent)
    Compare point RocketTile___core___rf_ext___Memory_reg[2][4] failed (is not equivalent)
    Compare point RocketTile___core___rf_ext___Memory_reg[2][13] failed (is not equivalent)
    Compare point RocketTile___core___rf_ext___Memory_reg[2][12] failed (is not equivalent)
    Compare point RocketTile___core___rf_ext___Memory_reg[2][9] failed (is not equivalent)
    Compare point RocketTile___core___rf_ext___Memory_reg[2][8] failed (is not equivalent)
    Compare point RocketTile___core___rf_ext___Memory_reg[2][7] failed (is not equivalent)
    Compare point RocketTile___core___rf_ext___Memory_reg[2][3] failed (is not equivalent)
    Compare point RocketTile___core___rf_ext___Memory_reg[2][5] failed (is not equivalent)
    Compare point RocketTile___core___rf_ext___Memory_reg[2][2] failed (is not equivalent)
    Compare point RocketTile___core___rf_ext___Memory_reg[2][1] failed (is not equivalent)
    Compare point RocketTile___core___rf_ext___Memory_reg[30][49] failed (is not equivalent)
    Compare point RocketTile___core___rf_ext___Memory_reg[30][48] failed (is not equivalent)
    Compare point RocketTile___core___rf_ext___Memory_reg[30][47] failed (is not equivalent)
    Compare point RocketTile___core___rf_ext___Memory_reg[30][46] failed (is not equivalent)
    Compare point RocketTile___core___rf_ext___Memory_reg[30][45] failed (is not equivalent)
    Compare point RocketTile___core___rf_ext___Memory_reg[30][44] failed (is not equivalent)
    Compare point RocketTile___core___rf_ext___Memory_reg[30][43] failed (is not equivalent)
    Compare point RocketTile___core___rf_ext___Memory_reg[30][42] failed (is not equivalent)
    Compare point RocketTile___core___rf_ext___Memory_reg[30][41] failed (is not equivalent)
    Compare point RocketTile___core___rf_ext___Memory_reg[30][40] failed (is not equivalent)
    Compare point RocketTile___core___rf_ext___Memory_reg[30][39] failed (is not equivalent)
    Compare point RocketTile___core___rf_ext___Memory_reg[30][38] failed (is not equivalent)
    Compare point RocketTile___core___rf_ext___Memory_reg[30][37] failed (is not equivalent)
    Compare point RocketTile___core___rf_ext___Memory_reg[30][36] failed (is not equivalent)
    Compare point RocketTile___core___rf_ext___Memory_reg[30][35] failed (is not equivalent)
    Compare point RocketTile___core___rf_ext___Memory_reg[30][34] failed (is not equivalent)
    Compare point RocketTile___core___rf_ext___Memory_reg[30][33] failed (is not equivalent)
    Compare point RocketTile___core___rf_ext___Memory_reg[30][32] failed (is not equivalent)
    Compare point RocketTile___core___rf_ext___Memory_reg[30][31] failed (is not equivalent)
    Compare point RocketTile___core___rf_ext___Memory_reg[30][30] failed (is not equivalent)
    Compare point RocketTile___core___rf_ext___Memory_reg[30][29] failed (is not equivalent)
    Compare point RocketTile___core___rf_ext___Memory_reg[30][28] failed (is not equivalent)
    Compare point RocketTile___core___rf_ext___Memory_reg[30][27] failed (is not equivalent)
    Compare point RocketTile___core___rf_ext___Memory_reg[30][26] failed (is not equivalent)
    Compare point RocketTile___core___rf_ext___Memory_reg[30][25] failed (is not equivalent)
    Compare point RocketTile___core___rf_ext___Memory_reg[30][24] failed (is not equivalent)
    Compare point RocketTile___core___rf_ext___Memory_reg[30][16] failed (is not equivalent)
    Compare point RocketTile___core___rf_ext___Memory_reg[30][10] failed (is not equivalent)
    Compare point RocketTile___core___rf_ext___Memory_reg[30][23] failed (is not equivalent)
    Compare point RocketTile___core___rf_ext___Memory_reg[30][22] failed (is not equivalent)
    Compare point RocketTile___core___rf_ext___Memory_reg[30][21] failed (is not equivalent)
    Compare point RocketTile___core___rf_ext___Memory_reg[30][17] failed (is not equivalent)
    Compare point RocketTile___core___rf_ext___Memory_reg[30][14] failed (is not equivalent)
    Compare point RocketTile___core___rf_ext___Memory_reg[30][6] failed (is not equivalent)
    Compare point RocketTile___core___rf_ext___Memory_reg[30][20] failed (is not equivalent)
    Compare point RocketTile___core___rf_ext___Memory_reg[30][19] failed (is not equivalent)
    Compare point RocketTile___core___rf_ext___Memory_reg[30][18] failed (is not equivalent)
    Compare point RocketTile___core___rf_ext___Memory_reg[30][15] failed (is not equivalent)
    Compare point RocketTile___core___rf_ext___Memory_reg[30][11] failed (is not equivalent)
    Compare point RocketTile___core___rf_ext___Memory_reg[30][4] failed (is not equivalent)
    Compare point RocketTile___core___rf_ext___Memory_reg[30][13] failed (is not equivalent)
    Compare point RocketTile___core___rf_ext___Memory_reg[30][12] failed (is not equivalent)
    Compare point RocketTile___core___rf_ext___Memory_reg[30][9] failed (is not equivalent)
    Compare point RocketTile___core___rf_ext___Memory_reg[30][8] failed (is not equivalent)
    Compare point RocketTile___core___rf_ext___Memory_reg[30][7] failed (is not equivalent)
    Compare point RocketTile___core___rf_ext___Memory_reg[30][3] failed (is not equivalent)
    Compare point RocketTile___core___rf_ext___Memory_reg[30][5] failed (is not equivalent)
    Compare point RocketTile___core___rf_ext___Memory_reg[30][2] failed (is not equivalent)
    Compare point RocketTile___core___rf_ext___Memory_reg[30][1] failed (is not equivalent)
    Compare point RocketTile___core___rf_ext___Memory_reg[3][49] failed (is not equivalent)
    Compare point RocketTile___core___rf_ext___Memory_reg[3][48] failed (is not equivalent)
    Compare point RocketTile___core___rf_ext___Memory_reg[3][47] failed (is not equivalent)
    Compare point RocketTile___core___rf_ext___Memory_reg[3][46] failed (is not equivalent)
    Compare point RocketTile___core___rf_ext___Memory_reg[3][45] failed (is not equivalent)
    Compare point RocketTile___core___rf_ext___Memory_reg[3][44] failed (is not equivalent)
    Compare point RocketTile___core___rf_ext___Memory_reg[3][43] failed (is not equivalent)
    Compare point RocketTile___core___rf_ext___Memory_reg[3][42] failed (is not equivalent)
    Compare point RocketTile___core___rf_ext___Memory_reg[3][41] failed (is not equivalent)
    Compare point RocketTile___core___rf_ext___Memory_reg[3][40] failed (is not equivalent)
    Compare point RocketTile___core___rf_ext___Memory_reg[3][39] failed (is not equivalent)
    Compare point RocketTile___core___rf_ext___Memory_reg[3][38] failed (is not equivalent)
    Compare point RocketTile___core___rf_ext___Memory_reg[3][37] failed (is not equivalent)
    Compare point RocketTile___core___rf_ext___Memory_reg[3][36] failed (is not equivalent)
    Compare point RocketTile___core___rf_ext___Memory_reg[3][35] failed (is not equivalent)
    Compare point RocketTile___core___rf_ext___Memory_reg[3][34] failed (is not equivalent)
    Compare point RocketTile___core___rf_ext___Memory_reg[3][33] failed (is not equivalent)
    Compare point RocketTile___core___rf_ext___Memory_reg[3][32] failed (is not equivalent)
    Compare point RocketTile___core___rf_ext___Memory_reg[3][31] failed (is not equivalent)
    Compare point RocketTile___core___rf_ext___Memory_reg[3][30] failed (is not equivalent)
    Compare point RocketTile___core___rf_ext___Memory_reg[3][29] failed (is not equivalent)
    Compare point RocketTile___core___rf_ext___Memory_reg[3][28] failed (is not equivalent)
    Compare point RocketTile___core___rf_ext___Memory_reg[3][27] failed (is not equivalent)
    Compare point RocketTile___core___rf_ext___Memory_reg[3][26] failed (is not equivalent)
    Compare point RocketTile___core___rf_ext___Memory_reg[3][25] failed (is not equivalent)
    Compare point RocketTile___core___rf_ext___Memory_reg[3][24] failed (is not equivalent)
    Compare point RocketTile___core___rf_ext___Memory_reg[3][16] failed (is not equivalent)
    Compare point RocketTile___core___rf_ext___Memory_reg[3][10] failed (is not equivalent)
    Compare point RocketTile___core___rf_ext___Memory_reg[3][23] failed (is not equivalent)
    Compare point RocketTile___core___rf_ext___Memory_reg[3][22] failed (is not equivalent)
    Compare point RocketTile___core___rf_ext___Memory_reg[3][21] failed (is not equivalent)
    Compare point RocketTile___core___rf_ext___Memory_reg[3][17] failed (is not equivalent)
    Compare point RocketTile___core___rf_ext___Memory_reg[3][14] failed (is not equivalent)
    Compare point RocketTile___core___rf_ext___Memory_reg[3][6] failed (is not equivalent)
    Compare point RocketTile___core___rf_ext___Memory_reg[3][20] failed (is not equivalent)
    Compare point RocketTile___core___rf_ext___Memory_reg[3][19] failed (is not equivalent)
    Compare point RocketTile___core___rf_ext___Memory_reg[3][18] failed (is not equivalent)
    Compare point RocketTile___core___rf_ext___Memory_reg[3][15] failed (is not equivalent)
    Compare point RocketTile___core___rf_ext___Memory_reg[3][11] failed (is not equivalent)
    Compare point RocketTile___core___rf_ext___Memory_reg[3][4] failed (is not equivalent)
    Compare point RocketTile___core___rf_ext___Memory_reg[3][13] failed (is not equivalent)
    Compare point RocketTile___core___rf_ext___Memory_reg[3][12] failed (is not equivalent)
    Compare point RocketTile___core___rf_ext___Memory_reg[3][9] failed (is not equivalent)
    Compare point RocketTile___core___rf_ext___Memory_reg[3][8] failed (is not equivalent)
    Compare point RocketTile___core___rf_ext___Memory_reg[3][7] failed (is not equivalent)
    Compare point RocketTile___core___rf_ext___Memory_reg[3][3] failed (is not equivalent)
    Compare point RocketTile___core___rf_ext___Memory_reg[3][5] failed (is not equivalent)
    Compare point RocketTile___core___rf_ext___Memory_reg[3][2] failed (is not equivalent)
    Compare point RocketTile___core___rf_ext___Memory_reg[3][1] failed (is not equivalent)
    Compare point RocketTile___core___rf_ext___Memory_reg[4][49] failed (is not equivalent)
    Compare point RocketTile___core___rf_ext___Memory_reg[4][48] failed (is not equivalent)
    Compare point RocketTile___core___rf_ext___Memory_reg[4][47] failed (is not equivalent)
    Compare point RocketTile___core___rf_ext___Memory_reg[4][46] failed (is not equivalent)
    Compare point RocketTile___core___rf_ext___Memory_reg[4][45] failed (is not equivalent)
    Compare point RocketTile___core___rf_ext___Memory_reg[4][44] failed (is not equivalent)
    Compare point RocketTile___core___rf_ext___Memory_reg[4][43] failed (is not equivalent)
    Compare point RocketTile___core___rf_ext___Memory_reg[4][42] failed (is not equivalent)
    Compare point RocketTile___core___rf_ext___Memory_reg[4][41] failed (is not equivalent)
    Compare point RocketTile___core___rf_ext___Memory_reg[4][40] failed (is not equivalent)
    Compare point RocketTile___core___rf_ext___Memory_reg[4][39] failed (is not equivalent)
    Compare point RocketTile___core___rf_ext___Memory_reg[4][38] failed (is not equivalent)
    Compare point RocketTile___core___rf_ext___Memory_reg[4][37] failed (is not equivalent)
    Compare point RocketTile___core___rf_ext___Memory_reg[4][36] failed (is not equivalent)
    Compare point RocketTile___core___rf_ext___Memory_reg[4][35] failed (is not equivalent)
    Compare point RocketTile___core___rf_ext___Memory_reg[4][34] failed (is not equivalent)
    Compare point RocketTile___core___rf_ext___Memory_reg[4][33] failed (is not equivalent)
    Compare point RocketTile___core___rf_ext___Memory_reg[4][32] failed (is not equivalent)
    Compare point RocketTile___core___rf_ext___Memory_reg[4][31] failed (is not equivalent)
    Compare point RocketTile___core___rf_ext___Memory_reg[4][30] failed (is not equivalent)
    Compare point RocketTile___core___rf_ext___Memory_reg[4][29] failed (is not equivalent)
    Compare point RocketTile___core___rf_ext___Memory_reg[4][28] failed (is not equivalent)
    Compare point RocketTile___core___rf_ext___Memory_reg[4][27] failed (is not equivalent)
    Compare point RocketTile___core___rf_ext___Memory_reg[4][26] failed (is not equivalent)
    Compare point RocketTile___core___rf_ext___Memory_reg[4][25] failed (is not equivalent)
    Compare point RocketTile___core___rf_ext___Memory_reg[4][24] failed (is not equivalent)
    Compare point RocketTile___core___rf_ext___Memory_reg[4][16] failed (is not equivalent)
    Compare point RocketTile___core___rf_ext___Memory_reg[4][10] failed (is not equivalent)
    Compare point RocketTile___core___rf_ext___Memory_reg[4][23] failed (is not equivalent)
    Compare point RocketTile___core___rf_ext___Memory_reg[4][22] failed (is not equivalent)
    Compare point RocketTile___core___rf_ext___Memory_reg[4][21] failed (is not equivalent)
    Compare point RocketTile___core___rf_ext___Memory_reg[4][17] failed (is not equivalent)
    Compare point RocketTile___core___rf_ext___Memory_reg[4][14] failed (is not equivalent)
    Compare point RocketTile___core___rf_ext___Memory_reg[4][6] failed (is not equivalent)
    Compare point RocketTile___core___rf_ext___Memory_reg[4][20] failed (is not equivalent)
    Compare point RocketTile___core___rf_ext___Memory_reg[4][19] failed (is not equivalent)
    Compare point RocketTile___core___rf_ext___Memory_reg[4][18] failed (is not equivalent)
    Compare point RocketTile___core___rf_ext___Memory_reg[4][15] failed (is not equivalent)
    Compare point RocketTile___core___rf_ext___Memory_reg[4][11] failed (is not equivalent)
    Compare point RocketTile___core___rf_ext___Memory_reg[4][4] failed (is not equivalent)
    Compare point RocketTile___core___rf_ext___Memory_reg[4][13] failed (is not equivalent)
    Compare point RocketTile___core___rf_ext___Memory_reg[4][12] failed (is not equivalent)
    Compare point RocketTile___core___rf_ext___Memory_reg[4][9] failed (is not equivalent)
    Compare point RocketTile___core___rf_ext___Memory_reg[4][8] failed (is not equivalent)
    Compare point RocketTile___core___rf_ext___Memory_reg[4][7] failed (is not equivalent)
    Compare point RocketTile___core___rf_ext___Memory_reg[4][3] failed (is not equivalent)
    Compare point RocketTile___core___rf_ext___Memory_reg[4][5] failed (is not equivalent)
    Compare point RocketTile___core___rf_ext___Memory_reg[4][2] failed (is not equivalent)
    Compare point RocketTile___core___rf_ext___Memory_reg[4][1] failed (is not equivalent)
    Compare point RocketTile___core___rf_ext___Memory_reg[6][49] failed (is not equivalent)
    Compare point RocketTile___core___rf_ext___Memory_reg[6][48] failed (is not equivalent)
    Compare point RocketTile___core___rf_ext___Memory_reg[6][47] failed (is not equivalent)
    Compare point RocketTile___core___rf_ext___Memory_reg[6][46] failed (is not equivalent)
    Compare point RocketTile___core___rf_ext___Memory_reg[6][45] failed (is not equivalent)
    Compare point RocketTile___core___rf_ext___Memory_reg[6][44] failed (is not equivalent)
    Compare point RocketTile___core___rf_ext___Memory_reg[6][43] failed (is not equivalent)
    Compare point RocketTile___core___rf_ext___Memory_reg[6][42] failed (is not equivalent)
    Compare point RocketTile___core___rf_ext___Memory_reg[6][41] failed (is not equivalent)
    Compare point RocketTile___core___rf_ext___Memory_reg[6][40] failed (is not equivalent)
    Compare point RocketTile___core___rf_ext___Memory_reg[6][39] failed (is not equivalent)
    Compare point RocketTile___core___rf_ext___Memory_reg[6][38] failed (is not equivalent)
    Compare point RocketTile___core___rf_ext___Memory_reg[6][37] failed (is not equivalent)
    Compare point RocketTile___core___rf_ext___Memory_reg[6][36] failed (is not equivalent)
    Compare point RocketTile___core___rf_ext___Memory_reg[6][35] failed (is not equivalent)
    Compare point RocketTile___core___rf_ext___Memory_reg[6][34] failed (is not equivalent)
    Compare point RocketTile___core___rf_ext___Memory_reg[6][33] failed (is not equivalent)
    Compare point RocketTile___core___rf_ext___Memory_reg[6][32] failed (is not equivalent)
    Compare point RocketTile___core___rf_ext___Memory_reg[6][31] failed (is not equivalent)
    Compare point RocketTile___core___rf_ext___Memory_reg[6][30] failed (is not equivalent)
    Compare point RocketTile___core___rf_ext___Memory_reg[6][29] failed (is not equivalent)
    Compare point RocketTile___core___rf_ext___Memory_reg[6][28] failed (is not equivalent)
    Compare point RocketTile___core___rf_ext___Memory_reg[6][27] failed (is not equivalent)
    Compare point RocketTile___core___rf_ext___Memory_reg[6][26] failed (is not equivalent)
    Compare point RocketTile___core___rf_ext___Memory_reg[6][25] failed (is not equivalent)
    Compare point RocketTile___core___rf_ext___Memory_reg[6][24] failed (is not equivalent)
    Compare point RocketTile___core___rf_ext___Memory_reg[6][16] failed (is not equivalent)
    Compare point RocketTile___core___rf_ext___Memory_reg[6][10] failed (is not equivalent)
    Compare point RocketTile___core___rf_ext___Memory_reg[6][23] failed (is not equivalent)
    Compare point RocketTile___core___rf_ext___Memory_reg[6][22] failed (is not equivalent)
    Compare point RocketTile___core___rf_ext___Memory_reg[6][21] failed (is not equivalent)
    Compare point RocketTile___core___rf_ext___Memory_reg[6][17] failed (is not equivalent)
    Compare point RocketTile___core___rf_ext___Memory_reg[6][14] failed (is not equivalent)
    Compare point RocketTile___core___rf_ext___Memory_reg[6][6] failed (is not equivalent)
    Compare point RocketTile___core___rf_ext___Memory_reg[6][20] failed (is not equivalent)
    Compare point RocketTile___core___rf_ext___Memory_reg[6][19] failed (is not equivalent)
    Compare point RocketTile___core___rf_ext___Memory_reg[6][18] failed (is not equivalent)
    Compare point RocketTile___core___rf_ext___Memory_reg[6][15] failed (is not equivalent)
    Compare point RocketTile___core___rf_ext___Memory_reg[6][11] failed (is not equivalent)
    Compare point RocketTile___core___rf_ext___Memory_reg[6][4] failed (is not equivalent)
    Compare point RocketTile___core___rf_ext___Memory_reg[6][13] failed (is not equivalent)
    Compare point RocketTile___core___rf_ext___Memory_reg[6][12] failed (is not equivalent)
    Compare point RocketTile___core___rf_ext___Memory_reg[6][9] failed (is not equivalent)
    Compare point RocketTile___core___rf_ext___Memory_reg[6][8] failed (is not equivalent)
    Compare point RocketTile___core___rf_ext___Memory_reg[6][7] failed (is not equivalent)
    Compare point RocketTile___core___rf_ext___Memory_reg[6][3] failed (is not equivalent)
    Compare point RocketTile___core___rf_ext___Memory_reg[6][5] failed (is not equivalent)
    Compare point RocketTile___core___rf_ext___Memory_reg[6][2] failed (is not equivalent)
    Compare point RocketTile___core___rf_ext___Memory_reg[6][1] failed (is not equivalent)
    Compare point RocketTile___core___rf_ext___Memory_reg[7][49] failed (is not equivalent)
    Compare point RocketTile___core___rf_ext___Memory_reg[7][48] failed (is not equivalent)
    Compare point RocketTile___core___rf_ext___Memory_reg[7][47] failed (is not equivalent)
    Compare point RocketTile___core___rf_ext___Memory_reg[7][46] failed (is not equivalent)
    Compare point RocketTile___core___rf_ext___Memory_reg[7][45] failed (is not equivalent)
    Compare point RocketTile___core___rf_ext___Memory_reg[7][44] failed (is not equivalent)
    Compare point RocketTile___core___rf_ext___Memory_reg[7][43] failed (is not equivalent)
    Compare point RocketTile___core___rf_ext___Memory_reg[7][42] failed (is not equivalent)
    Compare point RocketTile___core___rf_ext___Memory_reg[7][41] failed (is not equivalent)
    Compare point RocketTile___core___rf_ext___Memory_reg[7][40] failed (is not equivalent)
    Compare point RocketTile___core___rf_ext___Memory_reg[7][39] failed (is not equivalent)
    Compare point RocketTile___core___rf_ext___Memory_reg[7][38] failed (is not equivalent)
    Compare point RocketTile___core___rf_ext___Memory_reg[7][37] failed (is not equivalent)
    Compare point RocketTile___core___rf_ext___Memory_reg[7][36] failed (is not equivalent)
    Compare point RocketTile___core___rf_ext___Memory_reg[7][35] failed (is not equivalent)
    Compare point RocketTile___core___rf_ext___Memory_reg[7][34] failed (is not equivalent)
    Compare point RocketTile___core___rf_ext___Memory_reg[7][33] failed (is not equivalent)
    Compare point RocketTile___core___rf_ext___Memory_reg[7][32] failed (is not equivalent)
    Compare point RocketTile___core___rf_ext___Memory_reg[7][31] failed (is not equivalent)
    Compare point RocketTile___core___rf_ext___Memory_reg[7][30] failed (is not equivalent)
    Compare point RocketTile___core___rf_ext___Memory_reg[7][29] failed (is not equivalent)
    Compare point RocketTile___core___rf_ext___Memory_reg[7][28] failed (is not equivalent)
    Compare point RocketTile___core___rf_ext___Memory_reg[7][27] failed (is not equivalent)
    Compare point RocketTile___core___rf_ext___Memory_reg[7][26] failed (is not equivalent)
    Compare point RocketTile___core___rf_ext___Memory_reg[7][25] failed (is not equivalent)
    Compare point RocketTile___core___rf_ext___Memory_reg[7][24] failed (is not equivalent)
    Compare point RocketTile___core___rf_ext___Memory_reg[7][16] failed (is not equivalent)
    Compare point RocketTile___core___rf_ext___Memory_reg[7][10] failed (is not equivalent)
    Compare point RocketTile___core___rf_ext___Memory_reg[7][23] failed (is not equivalent)
    Compare point RocketTile___core___rf_ext___Memory_reg[7][22] failed (is not equivalent)
    Compare point RocketTile___core___rf_ext___Memory_reg[7][21] failed (is not equivalent)
    Compare point RocketTile___core___rf_ext___Memory_reg[7][17] failed (is not equivalent)
    Compare point RocketTile___core___rf_ext___Memory_reg[7][14] failed (is not equivalent)
    Compare point RocketTile___core___rf_ext___Memory_reg[7][6] failed (is not equivalent)
    Compare point RocketTile___core___rf_ext___Memory_reg[7][20] failed (is not equivalent)
    Compare point RocketTile___core___rf_ext___Memory_reg[7][19] failed (is not equivalent)
    Compare point RocketTile___core___rf_ext___Memory_reg[7][18] failed (is not equivalent)
    Compare point RocketTile___core___rf_ext___Memory_reg[7][15] failed (is not equivalent)
    Compare point RocketTile___core___rf_ext___Memory_reg[7][11] failed (is not equivalent)
    Compare point RocketTile___core___rf_ext___Memory_reg[7][4] failed (is not equivalent)
    Compare point RocketTile___core___rf_ext___Memory_reg[7][13] failed (is not equivalent)
    Compare point RocketTile___core___rf_ext___Memory_reg[7][12] failed (is not equivalent)
    Compare point RocketTile___core___rf_ext___Memory_reg[7][9] failed (is not equivalent)
    Compare point RocketTile___core___rf_ext___Memory_reg[7][8] failed (is not equivalent)
    Compare point RocketTile___core___rf_ext___Memory_reg[7][7] failed (is not equivalent)
    Compare point RocketTile___core___rf_ext___Memory_reg[7][3] failed (is not equivalent)
    Compare point RocketTile___core___rf_ext___Memory_reg[7][5] failed (is not equivalent)
    Compare point RocketTile___core___rf_ext___Memory_reg[7][2] failed (is not equivalent)
    Compare point RocketTile___core___rf_ext___Memory_reg[7][1] failed (is not equivalent)
    Compare point RocketTile___core___rf_ext___Memory_reg[8][49] failed (is not equivalent)
    Compare point RocketTile___core___rf_ext___Memory_reg[8][48] failed (is not equivalent)
    Compare point RocketTile___core___rf_ext___Memory_reg[8][47] failed (is not equivalent)
    Compare point RocketTile___core___rf_ext___Memory_reg[8][46] failed (is not equivalent)
    Compare point RocketTile___core___rf_ext___Memory_reg[8][45] failed (is not equivalent)
    Compare point RocketTile___core___rf_ext___Memory_reg[8][44] failed (is not equivalent)
    Compare point RocketTile___core___rf_ext___Memory_reg[8][43] failed (is not equivalent)
    Compare point RocketTile___core___rf_ext___Memory_reg[8][42] failed (is not equivalent)
    Compare point RocketTile___core___rf_ext___Memory_reg[8][41] failed (is not equivalent)
    Compare point RocketTile___core___rf_ext___Memory_reg[8][40] failed (is not equivalent)
    Compare point RocketTile___core___rf_ext___Memory_reg[8][39] failed (is not equivalent)
    Compare point RocketTile___core___rf_ext___Memory_reg[8][38] failed (is not equivalent)
    Compare point RocketTile___core___rf_ext___Memory_reg[8][37] failed (is not equivalent)
    Compare point RocketTile___core___rf_ext___Memory_reg[8][36] failed (is not equivalent)
    Compare point RocketTile___core___rf_ext___Memory_reg[8][35] failed (is not equivalent)
    Compare point RocketTile___core___rf_ext___Memory_reg[8][34] failed (is not equivalent)
    Compare point RocketTile___core___rf_ext___Memory_reg[8][33] failed (is not equivalent)
    Compare point RocketTile___core___rf_ext___Memory_reg[8][32] failed (is not equivalent)
    Compare point RocketTile___core___rf_ext___Memory_reg[8][31] failed (is not equivalent)
    Compare point RocketTile___core___rf_ext___Memory_reg[8][30] failed (is not equivalent)
    Compare point RocketTile___core___rf_ext___Memory_reg[8][29] failed (is not equivalent)
    Compare point RocketTile___core___rf_ext___Memory_reg[8][28] failed (is not equivalent)
    Compare point RocketTile___core___rf_ext___Memory_reg[8][27] failed (is not equivalent)
    Compare point RocketTile___core___rf_ext___Memory_reg[8][26] failed (is not equivalent)
    Compare point RocketTile___core___rf_ext___Memory_reg[8][25] failed (is not equivalent)
    Compare point RocketTile___core___rf_ext___Memory_reg[8][24] failed (is not equivalent)
    Compare point RocketTile___core___rf_ext___Memory_reg[8][16] failed (is not equivalent)
    Compare point RocketTile___core___rf_ext___Memory_reg[8][10] failed (is not equivalent)
    Compare point RocketTile___core___rf_ext___Memory_reg[8][23] failed (is not equivalent)
    Compare point RocketTile___core___rf_ext___Memory_reg[8][22] failed (is not equivalent)
    Compare point RocketTile___core___rf_ext___Memory_reg[8][21] failed (is not equivalent)
    Compare point RocketTile___core___rf_ext___Memory_reg[8][17] failed (is not equivalent)
    Compare point RocketTile___core___rf_ext___Memory_reg[8][14] failed (is not equivalent)
    Compare point RocketTile___core___rf_ext___Memory_reg[8][6] failed (is not equivalent)
    Compare point RocketTile___core___rf_ext___Memory_reg[8][20] failed (is not equivalent)
    Compare point RocketTile___core___rf_ext___Memory_reg[8][19] failed (is not equivalent)
    Compare point RocketTile___core___rf_ext___Memory_reg[8][18] failed (is not equivalent)
    Compare point RocketTile___core___rf_ext___Memory_reg[8][15] failed (is not equivalent)
    Compare point RocketTile___core___rf_ext___Memory_reg[8][11] failed (is not equivalent)
    Compare point RocketTile___core___rf_ext___Memory_reg[8][4] failed (is not equivalent)
    Compare point RocketTile___core___rf_ext___Memory_reg[8][13] failed (is not equivalent)
    Compare point RocketTile___core___rf_ext___Memory_reg[8][12] failed (is not equivalent)
    Compare point RocketTile___core___rf_ext___Memory_reg[8][9] failed (is not equivalent)
    Compare point RocketTile___core___rf_ext___Memory_reg[8][8] failed (is not equivalent)
    Compare point RocketTile___core___rf_ext___Memory_reg[8][7] failed (is not equivalent)
    Compare point RocketTile___core___rf_ext___Memory_reg[8][3] failed (is not equivalent)
    Compare point RocketTile___core___rf_ext___Memory_reg[8][5] failed (is not equivalent)
    Compare point RocketTile___core___rf_ext___Memory_reg[8][2] failed (is not equivalent)
    Compare point RocketTile___core___rf_ext___Memory_reg[8][1] failed (is not equivalent)
    Compare point RocketTile___core___rf_ext___Memory_reg[9][49] failed (is not equivalent)
    Compare point RocketTile___core___rf_ext___Memory_reg[9][48] failed (is not equivalent)
    Compare point RocketTile___core___rf_ext___Memory_reg[9][47] failed (is not equivalent)
    Compare point RocketTile___core___rf_ext___Memory_reg[9][46] failed (is not equivalent)
    Compare point RocketTile___core___rf_ext___Memory_reg[9][45] failed (is not equivalent)
    Compare point RocketTile___core___rf_ext___Memory_reg[9][44] failed (is not equivalent)
    Compare point RocketTile___core___rf_ext___Memory_reg[9][43] failed (is not equivalent)
    Compare point RocketTile___core___rf_ext___Memory_reg[9][42] failed (is not equivalent)
    Compare point RocketTile___core___rf_ext___Memory_reg[9][41] failed (is not equivalent)
    Compare point RocketTile___core___rf_ext___Memory_reg[9][40] failed (is not equivalent)
    Compare point RocketTile___core___rf_ext___Memory_reg[9][39] failed (is not equivalent)
    Compare point RocketTile___core___rf_ext___Memory_reg[9][38] failed (is not equivalent)
    Compare point RocketTile___core___rf_ext___Memory_reg[9][37] failed (is not equivalent)
    Compare point RocketTile___core___rf_ext___Memory_reg[9][36] failed (is not equivalent)
    Compare point RocketTile___core___rf_ext___Memory_reg[9][35] failed (is not equivalent)
    Compare point RocketTile___core___rf_ext___Memory_reg[9][34] failed (is not equivalent)
    Compare point RocketTile___core___rf_ext___Memory_reg[9][33] failed (is not equivalent)
    Compare point RocketTile___core___rf_ext___Memory_reg[9][32] failed (is not equivalent)
    Compare point RocketTile___core___rf_ext___Memory_reg[9][31] failed (is not equivalent)
    Compare point RocketTile___core___rf_ext___Memory_reg[9][30] failed (is not equivalent)
    Compare point RocketTile___core___rf_ext___Memory_reg[9][29] failed (is not equivalent)
    Compare point RocketTile___core___rf_ext___Memory_reg[9][28] failed (is not equivalent)
    Compare point RocketTile___core___rf_ext___Memory_reg[9][27] failed (is not equivalent)
    Compare point RocketTile___core___rf_ext___Memory_reg[9][26] failed (is not equivalent)
    Compare point RocketTile___core___rf_ext___Memory_reg[9][25] failed (is not equivalent)
    Compare point RocketTile___core___rf_ext___Memory_reg[9][24] failed (is not equivalent)
    Compare point RocketTile___core___rf_ext___Memory_reg[9][16] failed (is not equivalent)
    Compare point RocketTile___core___rf_ext___Memory_reg[9][10] failed (is not equivalent)
    Compare point RocketTile___core___rf_ext___Memory_reg[9][23] failed (is not equivalent)
    Compare point RocketTile___core___rf_ext___Memory_reg[9][22] failed (is not equivalent)
    Compare point RocketTile___core___rf_ext___Memory_reg[9][21] failed (is not equivalent)
    Compare point RocketTile___core___rf_ext___Memory_reg[9][17] failed (is not equivalent)
    Compare point RocketTile___core___rf_ext___Memory_reg[9][14] failed (is not equivalent)
    Compare point RocketTile___core___rf_ext___Memory_reg[9][6] failed (is not equivalent)
    Compare point RocketTile___core___rf_ext___Memory_reg[9][20] failed (is not equivalent)
    Compare point RocketTile___core___rf_ext___Memory_reg[9][19] failed (is not equivalent)
    Compare point RocketTile___core___rf_ext___Memory_reg[9][18] failed (is not equivalent)
    Compare point RocketTile___core___rf_ext___Memory_reg[9][15] failed (is not equivalent)
    Compare point RocketTile___core___rf_ext___Memory_reg[9][11] failed (is not equivalent)
    Compare point RocketTile___core___rf_ext___Memory_reg[9][4] failed (is not equivalent)
    Compare point RocketTile___core___rf_ext___Memory_reg[9][13] failed (is not equivalent)
    Compare point RocketTile___core___rf_ext___Memory_reg[9][12] failed (is not equivalent)
    Compare point RocketTile___core___rf_ext___Memory_reg[9][9] failed (is not equivalent)
    Compare point RocketTile___core___rf_ext___Memory_reg[9][8] failed (is not equivalent)
    Compare point RocketTile___core___rf_ext___Memory_reg[9][7] failed (is not equivalent)
    Compare point RocketTile___core___rf_ext___Memory_reg[9][3] failed (is not equivalent)
    Compare point RocketTile___core___rf_ext___Memory_reg[9][5] failed (is not equivalent)
    Compare point RocketTile___core___rf_ext___Memory_reg[9][2] failed (is not equivalent)
    Compare point RocketTile___core___rf_ext___Memory_reg[9][1] failed (is not equivalent)
    Compare point RocketTile___core___ex_reg_xcpt_reg failed (is not equivalent)
    Compare point RocketTile___core___ex_ctrl_alu_dw_reg failed (is not equivalent)
    Compare point RocketTile___core___ex_ctrl_sel_alu1_reg[0] failed (is not equivalent)
    Compare point RocketTile___core___ex_ctrl_sel_alu2_reg[1] failed (is not equivalent)
    Compare point RocketTile___core___ex_ctrl_sel_alu2_reg[0] failed (is not equivalent)
    Compare point RocketTile___core___ex_reg_rvc_reg failed (is not equivalent)
......
    Compare point RocketTile___frontend___fq___elts_3_btb_bridx_reg failed (is not equivalent)
    Compare point RocketTile___frontend___fq___elts_2_btb_bridx_reg failed (is not equivalent)
    Compare point RocketTile___frontend___fq___elts_0_btb_bridx_reg failed (is not equivalent)
    Compare point RocketTile___frontend___fq___elts_1_btb_bridx_reg failed (is not equivalent)
....... 1644F/0A/310593P/0U (100% Verification completed) 09/11/25 12:31 22488MB/2741sec (35.4 hrs until timeout)


************ RTL Interpretation Summary ************
************ Reference:      r:/WORK/RocketTile
2 FMR_ELAB-147 messages produced    
************ Implementation: i:/WORK/RocketTile
4 FMR_ELAB-147 messages produced    

Please refer to the Formality log file for more details,
or execute report_hdlin_mismatches.
****************************************************


********************************* Verification Results *********************************
Verification FAILED
   ATTENTION: RTL interpretation messages were produced during link
              of reference and implementation designs.
              Verification results may disagree with a logic simulator.
   ATTENTION: 1644 failing compare points have unmatched undriven signals in their
                reference fan-in.  To report such failing points, use
                "report_failing_points -inputs unmatched -inputs undriven".
              To read about undriven signal handling, use
                "man verification_set_undriven_signals".
----------------------------------------------------------------------------------------
 Reference design: r:/WORK/RocketTile
 Implementation design: i:/WORK/RocketTile
 310593 Passing compare points
 1644 Failing compare points (1644 matched, 0 unmatched)
 0 Aborted compare points
 0 Unverified compare points
----------------------------------------------------------------------------------------
Matched Compare Points     BBPin    Loop   BBNet     Cut    Port     DFF     LAT   TOTAL
----------------------------------------------------------------------------------------
Passing (equivalent)           0       0       0       0     706  309887       0  310593
Failing (not equivalent)       0       0       0       0       0    1644       0    1644
Not Compared
  Constant reg                                                      3156       0    3156
  Unread                       0       0       0       0       0    4427       0    4427
****************************************************************************************
Info:  Try the analyze_points command to see if Formality can determine potential
causes, or suggest next steps for a FAILED or INCONCLUSIVE verification.
See the man page for analyze_points usage and options.
Info:  Formality Guide Files (SVF) can improve verification success by automating setup.
0
exit

Maximum memory usage for this session: 22488 MB
CPU usage for this session: 2743.96 seconds ( 0.76 hours )
Current time: Thu Sep 11 12:31:48 2025
Elapsed time: 2760 seconds ( 0.77 hours )

Thank you for using Formality (R)!
