Thank you for using Formality (R)!
Sender: LSF System <lsfadmin@cpu09>
Subject: Job 689465: <fm_shell -f verify.fms> in cluster <myCluster> Done

Job <fm_shell -f verify.fms> was submitted from host <vm_yangdilyu> by user <connect.zzheng989> in cluster <myCluster> at Wed Sep 10 21:05:16 2025
Job was executed on host(s) <26*cpu09>, in queue <normal>, as user <connect.zzheng989> in cluster <myCluster> at Wed Sep 10 21:05:17 2025
                            <6*cpu07>
</hpc/home/connect.zzheng989> was used as the home directory.
</hpc/home/connect.zzheng989/researchlib/VeriFlatten/eq_check/cascade_boom> was used as the working directory.
Started at Wed Sep 10 21:05:17 2025
Terminated at Wed Sep 10 23:02:29 2025
Results reported at Wed Sep 10 23:02:29 2025

Your job looked like:

------------------------------------------------------------
# LSBATCH: User input
fm_shell -f verify.fms
------------------------------------------------------------

Successfully completed.

Resource usage summary:

    CPU time :                                   7002.41 sec.
    Max Memory :                                 10606 MB
    Average Memory :                             10337.74 MB
    Total Requested Memory :                     -
    Delta Memory :                               -
    Max Swap :                                   -
    Max Processes :                              4
    Max Threads :                                5
    Run time :                                   7032 sec.
    Turnaround time :                            7033 sec.

The output (if any) follows:


                                 Formality (R)

                 Version V-2023.12 for linux64 - Nov 16, 2023 

                    Copyright (c) 1988 - 2023 Synopsys, Inc.
   This software and the associated documentation are proprietary to Synopsys,
 Inc. This software may only be used in accordance with the terms and conditions
 of a written license agreement with Synopsys, Inc. All other use, reproduction,
   or distribution of this software is strictly prohibited.  Licensed Products
     communicate with Synopsys servers for the purpose of providing software
    updates, detecting software piracy and verifying that customers are using
    Licensed Products in conformity with the applicable License Key for such
  Licensed Products. Synopsys will use information gathered in connection with
    this process to deliver software updates and pursue software pirates and
                                   infringers.

 Inclusivity & Diversity - Visit SolvNetPlus to read the "Synopsys Statement on
            Inclusivity and Diversity" (Refer to article 000036315 at
                        https://solvnetplus.synopsys.com)

Build: 8560677
Hostname: cpu09
Current time: Wed Sep 10 21:05:18 2025

Loading db file '/hpc2ssd/Edatools/synopsys/formality/V-2023.12/libraries/syn/gtech.db'

Script: verify.fms

set_mismatch_message_filter -warn FMR_ELAB-147
1
set_mismatch_message_filter -warn FMR_VLOG-038
Info:  'FMR_VLOG-038' is not a permitted message identifier.
0
set hdlin_error_on_mismatch_message false
Info:  Use of 'hdlin_error_on_mismatch_message' is deprecated,  using 'set_mismatch_message_filter -warn' instead.
false
set verification_failing_point_limit 0
0
read_sverilog -i -17 boom.v
No target library specified, default is WORK
Loading verilog file '/hpc/home/connect.zzheng989/researchlib/VeriFlatten/eq_check/cascade_boom/boom.v'
Warning: Potential simulation/synthesis mismatch on output port initializer. (Signal: clk_out Block: /ClockDividerN File: /hpc/home/connect.zzheng989/researchlib/VeriFlatten/eq_check/cascade_boom/boom.v Line: 14)  (FMR_VLOG-083)
Warning: The 'declaration initial assignment' construct is not supported.  It will be ignored. (File: /hpc/home/connect.zzheng989/researchlib/VeriFlatten/eq_check/cascade_boom/boom.v Line: 28)  (FMR_VLOG-038)
Warning: You are redefining a macro 'wordLength'.  (File: /hpc/home/connect.zzheng989/researchlib/VeriFlatten/eq_check/cascade_boom/boom.v Line: 242)  (FMR_VLOG-026)
Warning: You are redefining a macro 'wordLength'.  (File: /hpc/home/connect.zzheng989/researchlib/VeriFlatten/eq_check/cascade_boom/boom.v Line: 339)  (FMR_VLOG-026)
Warning: You are redefining a macro 'wordLength'.  (File: /hpc/home/connect.zzheng989/researchlib/VeriFlatten/eq_check/cascade_boom/boom.v Line: 451)  (FMR_VLOG-026)
Warning: You are redefining a macro 'wordLength'.  (File: /hpc/home/connect.zzheng989/researchlib/VeriFlatten/eq_check/cascade_boom/boom.v Line: 568)  (FMR_VLOG-026)
Warning: You are redefining a macro 'wordLength'.  (File: /hpc/home/connect.zzheng989/researchlib/VeriFlatten/eq_check/cascade_boom/boom.v Line: 686)  (FMR_VLOG-026)
Warning: You are redefining a macro 'wordLength'.  (File: /hpc/home/connect.zzheng989/researchlib/VeriFlatten/eq_check/cascade_boom/boom.v Line: 810)  (FMR_VLOG-026)
Warning: You are redefining a macro 'wordLength'.  (File: /hpc/home/connect.zzheng989/researchlib/VeriFlatten/eq_check/cascade_boom/boom.v Line: 954)  (FMR_VLOG-026)
Warning: You are redefining a macro 'numAddr'.  (File: /hpc/home/connect.zzheng989/researchlib/VeriFlatten/eq_check/cascade_boom/boom.v Line: 1040)  (FMR_VLOG-026)
Warning: You are redefining a macro 'numWords'.  (File: /hpc/home/connect.zzheng989/researchlib/VeriFlatten/eq_check/cascade_boom/boom.v Line: 1041)  (FMR_VLOG-026)
Warning: You are redefining a macro 'numAddr'.  (File: /hpc/home/connect.zzheng989/researchlib/VeriFlatten/eq_check/cascade_boom/boom.v Line: 1128)  (FMR_VLOG-026)
Warning: You are redefining a macro 'numWords'.  (File: /hpc/home/connect.zzheng989/researchlib/VeriFlatten/eq_check/cascade_boom/boom.v Line: 1129)  (FMR_VLOG-026)
Warning: You are redefining a macro 'wordLength'.  (File: /hpc/home/connect.zzheng989/researchlib/VeriFlatten/eq_check/cascade_boom/boom.v Line: 1130)  (FMR_VLOG-026)
Warning: You are redefining a macro 'wordLength'.  (File: /hpc/home/connect.zzheng989/researchlib/VeriFlatten/eq_check/cascade_boom/boom.v Line: 1222)  (FMR_VLOG-026)
Warning: You are redefining a macro 'wordLength'.  (File: /hpc/home/connect.zzheng989/researchlib/VeriFlatten/eq_check/cascade_boom/boom.v Line: 1316)  (FMR_VLOG-026)
Warning: You are redefining a macro 'wordLength'.  (File: /hpc/home/connect.zzheng989/researchlib/VeriFlatten/eq_check/cascade_boom/boom.v Line: 1418)  (FMR_VLOG-026)
Warning: You are redefining a macro 'wordLength'.  (File: /hpc/home/connect.zzheng989/researchlib/VeriFlatten/eq_check/cascade_boom/boom.v Line: 1538)  (FMR_VLOG-026)
Warning: You are redefining a macro 'wordLength'.  (File: /hpc/home/connect.zzheng989/researchlib/VeriFlatten/eq_check/cascade_boom/boom.v Line: 1664)  (FMR_VLOG-026)
Warning: You are redefining a macro 'wordLength'.  (File: /hpc/home/connect.zzheng989/researchlib/VeriFlatten/eq_check/cascade_boom/boom.v Line: 1792)  (FMR_VLOG-026)
Warning: You are redefining a macro 'wordLength'.  (File: /hpc/home/connect.zzheng989/researchlib/VeriFlatten/eq_check/cascade_boom/boom.v Line: 1936)  (FMR_VLOG-026)
Warning: You are redefining a macro 'numAddr'.  (File: /hpc/home/connect.zzheng989/researchlib/VeriFlatten/eq_check/cascade_boom/boom.v Line: 2022)  (FMR_VLOG-026)
Warning: You are redefining a macro 'numWords'.  (File: /hpc/home/connect.zzheng989/researchlib/VeriFlatten/eq_check/cascade_boom/boom.v Line: 2023)  (FMR_VLOG-026)
Warning: You are redefining a macro 'wordLength'.  (File: /hpc/home/connect.zzheng989/researchlib/VeriFlatten/eq_check/cascade_boom/boom.v Line: 2024)  (FMR_VLOG-026)
Warning: You are redefining a macro 'wordLength'.  (File: /hpc/home/connect.zzheng989/researchlib/VeriFlatten/eq_check/cascade_boom/boom.v Line: 2233)  (FMR_VLOG-026)
Warning: You are redefining a macro 'wordLength'.  (File: /hpc/home/connect.zzheng989/researchlib/VeriFlatten/eq_check/cascade_boom/boom.v Line: 2345)  (FMR_VLOG-026)
Warning: You are redefining a macro 'wordLength'.  (File: /hpc/home/connect.zzheng989/researchlib/VeriFlatten/eq_check/cascade_boom/boom.v Line: 2471)  (FMR_VLOG-026)
Warning: You are redefining a macro 'wordLength'.  (File: /hpc/home/connect.zzheng989/researchlib/VeriFlatten/eq_check/cascade_boom/boom.v Line: 2599)  (FMR_VLOG-026)
Warning: You are redefining a macro 'wordLength'.  (File: /hpc/home/connect.zzheng989/researchlib/VeriFlatten/eq_check/cascade_boom/boom.v Line: 2744)  (FMR_VLOG-026)
Warning: You are redefining a macro 'numAddr'.  (File: /hpc/home/connect.zzheng989/researchlib/VeriFlatten/eq_check/cascade_boom/boom.v Line: 2830)  (FMR_VLOG-026)
Warning: You are redefining a macro 'numWords'.  (File: /hpc/home/connect.zzheng989/researchlib/VeriFlatten/eq_check/cascade_boom/boom.v Line: 2831)  (FMR_VLOG-026)
Warning: You are redefining a macro 'wordLength'.  (File: /hpc/home/connect.zzheng989/researchlib/VeriFlatten/eq_check/cascade_boom/boom.v Line: 2832)  (FMR_VLOG-026)
Warning: You are redefining a macro 'numAddr'.  (File: /hpc/home/connect.zzheng989/researchlib/VeriFlatten/eq_check/cascade_boom/boom.v Line: 2960)  (FMR_VLOG-026)
Warning: You are redefining a macro 'numWords'.  (File: /hpc/home/connect.zzheng989/researchlib/VeriFlatten/eq_check/cascade_boom/boom.v Line: 2961)  (FMR_VLOG-026)
Warning: You are redefining a macro 'wordLength'.  (File: /hpc/home/connect.zzheng989/researchlib/VeriFlatten/eq_check/cascade_boom/boom.v Line: 2962)  (FMR_VLOG-026)
Warning: You are redefining a macro 'wordLength'.  (File: /hpc/home/connect.zzheng989/researchlib/VeriFlatten/eq_check/cascade_boom/boom.v Line: 3058)  (FMR_VLOG-026)
Warning: You are redefining a macro 'numAddr'.  (File: /hpc/home/connect.zzheng989/researchlib/VeriFlatten/eq_check/cascade_boom/boom.v Line: 3144)  (FMR_VLOG-026)
Warning: You are redefining a macro 'numWords'.  (File: /hpc/home/connect.zzheng989/researchlib/VeriFlatten/eq_check/cascade_boom/boom.v Line: 3145)  (FMR_VLOG-026)
Warning: You are redefining a macro 'wordLength'.  (File: /hpc/home/connect.zzheng989/researchlib/VeriFlatten/eq_check/cascade_boom/boom.v Line: 3146)  (FMR_VLOG-026)
Warning: You are redefining a macro 'wordLength'.  (File: /hpc/home/connect.zzheng989/researchlib/VeriFlatten/eq_check/cascade_boom/boom.v Line: 3354)  (FMR_VLOG-026)
Warning: You are redefining a macro 'wordLength'.  (File: /hpc/home/connect.zzheng989/researchlib/VeriFlatten/eq_check/cascade_boom/boom.v Line: 3466)  (FMR_VLOG-026)
Warning: You are redefining a macro 'wordLength'.  (File: /hpc/home/connect.zzheng989/researchlib/VeriFlatten/eq_check/cascade_boom/boom.v Line: 3612)  (FMR_VLOG-026)
Warning: You are redefining a macro 'numAddr'.  (File: /hpc/home/connect.zzheng989/researchlib/VeriFlatten/eq_check/cascade_boom/boom.v Line: 3698)  (FMR_VLOG-026)
Warning: You are redefining a macro 'numWords'.  (File: /hpc/home/connect.zzheng989/researchlib/VeriFlatten/eq_check/cascade_boom/boom.v Line: 3699)  (FMR_VLOG-026)
Warning: You are redefining a macro 'wordLength'.  (File: /hpc/home/connect.zzheng989/researchlib/VeriFlatten/eq_check/cascade_boom/boom.v Line: 3700)  (FMR_VLOG-026)
Warning: You are redefining a macro 'wordLength'.  (File: /hpc/home/connect.zzheng989/researchlib/VeriFlatten/eq_check/cascade_boom/boom.v Line: 3908)  (FMR_VLOG-026)
Warning: You are redefining a macro 'wordLength'.  (File: /hpc/home/connect.zzheng989/researchlib/VeriFlatten/eq_check/cascade_boom/boom.v Line: 4008)  (FMR_VLOG-026)
Warning: You are redefining a macro 'wordLength'.  (File: /hpc/home/connect.zzheng989/researchlib/VeriFlatten/eq_check/cascade_boom/boom.v Line: 4109)  (FMR_VLOG-026)
Warning: You are redefining a macro 'wordLength'.  (File: /hpc/home/connect.zzheng989/researchlib/VeriFlatten/eq_check/cascade_boom/boom.v Line: 4211)  (FMR_VLOG-026)
Warning: You are redefining a macro 'wordLength'.  (File: /hpc/home/connect.zzheng989/researchlib/VeriFlatten/eq_check/cascade_boom/boom.v Line: 4323)  (FMR_VLOG-026)
Warning: You are redefining a macro 'wordLength'.  (File: /hpc/home/connect.zzheng989/researchlib/VeriFlatten/eq_check/cascade_boom/boom.v Line: 4437)  (FMR_VLOG-026)
Warning: You are redefining a macro 'numAddr'.  (File: /hpc/home/connect.zzheng989/researchlib/VeriFlatten/eq_check/cascade_boom/boom.v Line: 4523)  (FMR_VLOG-026)
Warning: You are redefining a macro 'numWords'.  (File: /hpc/home/connect.zzheng989/researchlib/VeriFlatten/eq_check/cascade_boom/boom.v Line: 4524)  (FMR_VLOG-026)
Warning: You are redefining a macro 'wordLength'.  (File: /hpc/home/connect.zzheng989/researchlib/VeriFlatten/eq_check/cascade_boom/boom.v Line: 4525)  (FMR_VLOG-026)
Warning: You are redefining a macro 'wordLength'.  (File: /hpc/home/connect.zzheng989/researchlib/VeriFlatten/eq_check/cascade_boom/boom.v Line: 4648)  (FMR_VLOG-026)
Warning: You are redefining a macro 'wordLength'.  (File: /hpc/home/connect.zzheng989/researchlib/VeriFlatten/eq_check/cascade_boom/boom.v Line: 4787)  (FMR_VLOG-026)
Warning: You are redefining a macro 'wordLength'.  (File: /hpc/home/connect.zzheng989/researchlib/VeriFlatten/eq_check/cascade_boom/boom.v Line: 4898)  (FMR_VLOG-026)
Warning: You are redefining a macro 'numAddr'.  (File: /hpc/home/connect.zzheng989/researchlib/VeriFlatten/eq_check/cascade_boom/boom.v Line: 5011)  (FMR_VLOG-026)
Warning: You are redefining a macro 'numWords'.  (File: /hpc/home/connect.zzheng989/researchlib/VeriFlatten/eq_check/cascade_boom/boom.v Line: 5012)  (FMR_VLOG-026)
Warning: You are redefining a macro 'wordLength'.  (File: /hpc/home/connect.zzheng989/researchlib/VeriFlatten/eq_check/cascade_boom/boom.v Line: 5013)  (FMR_VLOG-026)
Warning: You are redefining a macro 'wordLength'.  (File: /hpc/home/connect.zzheng989/researchlib/VeriFlatten/eq_check/cascade_boom/boom.v Line: 5136)  (FMR_VLOG-026)
Warning: You are redefining a macro 'wordLength'.  (File: /hpc/home/connect.zzheng989/researchlib/VeriFlatten/eq_check/cascade_boom/boom.v Line: 5275)  (FMR_VLOG-026)
Warning: You are redefining a macro 'wordLength'.  (File: /hpc/home/connect.zzheng989/researchlib/VeriFlatten/eq_check/cascade_boom/boom.v Line: 5386)  (FMR_VLOG-026)
Warning: You are redefining a macro 'numAddr'.  (File: /hpc/home/connect.zzheng989/researchlib/VeriFlatten/eq_check/cascade_boom/boom.v Line: 5499)  (FMR_VLOG-026)
Warning: You are redefining a macro 'numWords'.  (File: /hpc/home/connect.zzheng989/researchlib/VeriFlatten/eq_check/cascade_boom/boom.v Line: 5500)  (FMR_VLOG-026)
Warning: You are redefining a macro 'wordLength'.  (File: /hpc/home/connect.zzheng989/researchlib/VeriFlatten/eq_check/cascade_boom/boom.v Line: 5501)  (FMR_VLOG-026)
Warning: You are redefining a macro 'wordLength'.  (File: /hpc/home/connect.zzheng989/researchlib/VeriFlatten/eq_check/cascade_boom/boom.v Line: 5624)  (FMR_VLOG-026)
Warning: You are redefining a macro 'wordLength'.  (File: /hpc/home/connect.zzheng989/researchlib/VeriFlatten/eq_check/cascade_boom/boom.v Line: 5753)  (FMR_VLOG-026)
Warning: You are redefining a macro 'wordLength'.  (File: /hpc/home/connect.zzheng989/researchlib/VeriFlatten/eq_check/cascade_boom/boom.v Line: 5892)  (FMR_VLOG-026)
Warning: You are redefining a macro 'wordLength'.  (File: /hpc/home/connect.zzheng989/researchlib/VeriFlatten/eq_check/cascade_boom/boom.v Line: 6032)  (FMR_VLOG-026)
Warning: You are redefining a macro 'wordLength'.  (File: /hpc/home/connect.zzheng989/researchlib/VeriFlatten/eq_check/cascade_boom/boom.v Line: 6178)  (FMR_VLOG-026)
Warning: You are redefining a macro 'wordLength'.  (File: /hpc/home/connect.zzheng989/researchlib/VeriFlatten/eq_check/cascade_boom/boom.v Line: 6289)  (FMR_VLOG-026)
Warning: You are redefining a macro 'numAddr'.  (File: /hpc/home/connect.zzheng989/researchlib/VeriFlatten/eq_check/cascade_boom/boom.v Line: 6402)  (FMR_VLOG-026)
Warning: You are redefining a macro 'numWords'.  (File: /hpc/home/connect.zzheng989/researchlib/VeriFlatten/eq_check/cascade_boom/boom.v Line: 6403)  (FMR_VLOG-026)
Warning: You are redefining a macro 'wordLength'.  (File: /hpc/home/connect.zzheng989/researchlib/VeriFlatten/eq_check/cascade_boom/boom.v Line: 6404)  (FMR_VLOG-026)
Warning: You are redefining a macro 'wordLength'.  (File: /hpc/home/connect.zzheng989/researchlib/VeriFlatten/eq_check/cascade_boom/boom.v Line: 6527)  (FMR_VLOG-026)
Warning: You are redefining a macro 'wordLength'.  (File: /hpc/home/connect.zzheng989/researchlib/VeriFlatten/eq_check/cascade_boom/boom.v Line: 6658)  (FMR_VLOG-026)
Warning: You are redefining a macro 'wordLength'.  (File: /hpc/home/connect.zzheng989/researchlib/VeriFlatten/eq_check/cascade_boom/boom.v Line: 6797)  (FMR_VLOG-026)
Warning: You are redefining a macro 'wordLength'.  (File: /hpc/home/connect.zzheng989/researchlib/VeriFlatten/eq_check/cascade_boom/boom.v Line: 6908)  (FMR_VLOG-026)
Current container set to 'i'
   ATTENTION: RTL interpretation messages were produced during read.
              Verification results may disagree with a logic simulator.
1
set_top BoomTile
Setting top design to 'i:/WORK/BoomTile'
Status:   Elaborating design BoomTile   ...  
Status:   Elaborating design TLXbar_8   ...  
Status:   Elaborating design TLMonitor_29   ...  
Warning: Signed to unsigned assignment occurs. (File: /hpc/home/connect.zzheng989/researchlib/VeriFlatten/eq_check/cascade_boom/boom.v Line: 122444)  (FMR_VLOG-063)
Warning: Signed to unsigned assignment occurs. (File: /hpc/home/connect.zzheng989/researchlib/VeriFlatten/eq_check/cascade_boom/boom.v Line: 122448)  (FMR_VLOG-063)
Warning: Signed to unsigned assignment occurs. (File: /hpc/home/connect.zzheng989/researchlib/VeriFlatten/eq_check/cascade_boom/boom.v Line: 122452)  (FMR_VLOG-063)
Warning: Signed to unsigned assignment occurs. (File: /hpc/home/connect.zzheng989/researchlib/VeriFlatten/eq_check/cascade_boom/boom.v Line: 122456)  (FMR_VLOG-063)
Warning: Signed to unsigned assignment occurs. (File: /hpc/home/connect.zzheng989/researchlib/VeriFlatten/eq_check/cascade_boom/boom.v Line: 122460)  (FMR_VLOG-063)
Warning: Signed to unsigned assignment occurs. (File: /hpc/home/connect.zzheng989/researchlib/VeriFlatten/eq_check/cascade_boom/boom.v Line: 122464)  (FMR_VLOG-063)
Warning: Signed to unsigned assignment occurs. (File: /hpc/home/connect.zzheng989/researchlib/VeriFlatten/eq_check/cascade_boom/boom.v Line: 122468)  (FMR_VLOG-063)
Warning: Signed to unsigned assignment occurs. (File: /hpc/home/connect.zzheng989/researchlib/VeriFlatten/eq_check/cascade_boom/boom.v Line: 122473)  (FMR_VLOG-063)
Warning: Signed to unsigned assignment occurs. (File: /hpc/home/connect.zzheng989/researchlib/VeriFlatten/eq_check/cascade_boom/boom.v Line: 122538)  (FMR_VLOG-063)
Warning: Signed to unsigned assignment occurs. (File: /hpc/home/connect.zzheng989/researchlib/VeriFlatten/eq_check/cascade_boom/boom.v Line: 122542)  (FMR_VLOG-063)
Warning: Signed to unsigned assignment occurs. (File: /hpc/home/connect.zzheng989/researchlib/VeriFlatten/eq_check/cascade_boom/boom.v Line: 122546)  (FMR_VLOG-063)
Warning: Signed to unsigned assignment occurs. (File: /hpc/home/connect.zzheng989/researchlib/VeriFlatten/eq_check/cascade_boom/boom.v Line: 122550)  (FMR_VLOG-063)
Warning: Signed to unsigned assignment occurs. (File: /hpc/home/connect.zzheng989/researchlib/VeriFlatten/eq_check/cascade_boom/boom.v Line: 122554)  (FMR_VLOG-063)
Warning: Signed to unsigned assignment occurs. (File: /hpc/home/connect.zzheng989/researchlib/VeriFlatten/eq_check/cascade_boom/boom.v Line: 122558)  (FMR_VLOG-063)
Warning: Signed to unsigned assignment occurs. (File: /hpc/home/connect.zzheng989/researchlib/VeriFlatten/eq_check/cascade_boom/boom.v Line: 122562)  (FMR_VLOG-063)
Warning: Signed to unsigned assignment occurs. (File: /hpc/home/connect.zzheng989/researchlib/VeriFlatten/eq_check/cascade_boom/boom.v Line: 122566)  (FMR_VLOG-063)
Warning: Signed to unsigned assignment occurs. (File: /hpc/home/connect.zzheng989/researchlib/VeriFlatten/eq_check/cascade_boom/boom.v Line: 122570)  (FMR_VLOG-063)
Warning: Signed to unsigned assignment occurs. (File: /hpc/home/connect.zzheng989/researchlib/VeriFlatten/eq_check/cascade_boom/boom.v Line: 122626)  (FMR_VLOG-063)
Warning: Signed to unsigned assignment occurs. (File: /hpc/home/connect.zzheng989/researchlib/VeriFlatten/eq_check/cascade_boom/boom.v Line: 122660)  (FMR_VLOG-063)
Warning: Signed to unsigned assignment occurs. (File: /hpc/home/connect.zzheng989/researchlib/VeriFlatten/eq_check/cascade_boom/boom.v Line: 122664)  (FMR_VLOG-063)
Warning: Signed to unsigned assignment occurs. (File: /hpc/home/connect.zzheng989/researchlib/VeriFlatten/eq_check/cascade_boom/boom.v Line: 122668)  (FMR_VLOG-063)
Warning: Signed to unsigned assignment occurs. (File: /hpc/home/connect.zzheng989/researchlib/VeriFlatten/eq_check/cascade_boom/boom.v Line: 122672)  (FMR_VLOG-063)
Warning: Signed to unsigned assignment occurs. (File: /hpc/home/connect.zzheng989/researchlib/VeriFlatten/eq_check/cascade_boom/boom.v Line: 122676)  (FMR_VLOG-063)
Warning: Signed to unsigned assignment occurs. (File: /hpc/home/connect.zzheng989/researchlib/VeriFlatten/eq_check/cascade_boom/boom.v Line: 122680)  (FMR_VLOG-063)
Warning: Signed to unsigned assignment occurs. (File: /hpc/home/connect.zzheng989/researchlib/VeriFlatten/eq_check/cascade_boom/boom.v Line: 122684)  (FMR_VLOG-063)
Warning: Signed to unsigned assignment occurs. (File: /hpc/home/connect.zzheng989/researchlib/VeriFlatten/eq_check/cascade_boom/boom.v Line: 122688)  (FMR_VLOG-063)
Warning: Signed to unsigned assignment occurs. (File: /hpc/home/connect.zzheng989/researchlib/VeriFlatten/eq_check/cascade_boom/boom.v Line: 122692)  (FMR_VLOG-063)
Warning: Signed to unsigned assignment occurs. (File: /hpc/home/connect.zzheng989/researchlib/VeriFlatten/eq_check/cascade_boom/boom.v Line: 122704)  (FMR_VLOG-063)
Status:   Elaborating design plusarg_reader  FORMAT="tilelink_timeout=%d", WIDTH=32, DEFAULT=0 ...  
Information: Created design named 'plusarg_reader_FORMATtilelink_timeout=%d_WIDTH32_DEFAULT0'. (FE-LINK-13)
Status:   Elaborating design TLMonitor_30   ...  
Warning: Signed to unsigned assignment occurs. (File: /hpc/home/connect.zzheng989/researchlib/VeriFlatten/eq_check/cascade_boom/boom.v Line: 127699)  (FMR_VLOG-063)
Warning: Signed to unsigned assignment occurs. (File: /hpc/home/connect.zzheng989/researchlib/VeriFlatten/eq_check/cascade_boom/boom.v Line: 127703)  (FMR_VLOG-063)
Warning: Signed to unsigned assignment occurs. (File: /hpc/home/connect.zzheng989/researchlib/VeriFlatten/eq_check/cascade_boom/boom.v Line: 127707)  (FMR_VLOG-063)
Warning: Signed to unsigned assignment occurs. (File: /hpc/home/connect.zzheng989/researchlib/VeriFlatten/eq_check/cascade_boom/boom.v Line: 127711)  (FMR_VLOG-063)
Warning: Signed to unsigned assignment occurs. (File: /hpc/home/connect.zzheng989/researchlib/VeriFlatten/eq_check/cascade_boom/boom.v Line: 127715)  (FMR_VLOG-063)
Warning: Signed to unsigned assignment occurs. (File: /hpc/home/connect.zzheng989/researchlib/VeriFlatten/eq_check/cascade_boom/boom.v Line: 127719)  (FMR_VLOG-063)
Warning: Signed to unsigned assignment occurs. (File: /hpc/home/connect.zzheng989/researchlib/VeriFlatten/eq_check/cascade_boom/boom.v Line: 127723)  (FMR_VLOG-063)
Warning: Signed to unsigned assignment occurs. (File: /hpc/home/connect.zzheng989/researchlib/VeriFlatten/eq_check/cascade_boom/boom.v Line: 127727)  (FMR_VLOG-063)
Status:   Elaborating design IntXbar_1   ...  
Status:   Elaborating design BundleBridgeNexus_6   ...  
Status:   Elaborating design BoomNonBlockingDCache   ...  
Status:   Elaborating design BoomWritebackUnit   ...  
Status:   Elaborating design BoomProbeUnit   ...  
Status:   Elaborating design BoomMSHRFile   ...  
Warning: Signed to unsigned assignment occurs. (File: /hpc/home/connect.zzheng989/researchlib/VeriFlatten/eq_check/cascade_boom/boom.v Line: 134167)  (FMR_VLOG-063)
Status:   Elaborating design Arbiter   ...  
Status:   Elaborating design Arbiter_1   ...  
Status:   Elaborating design Arbiter_2   ...  
Status:   Elaborating design Arbiter_3   ...  
Status:   Elaborating design Arbiter_4   ...  
Status:   Elaborating design Arbiter_5   ...  
Status:   Elaborating design Arbiter_6   ...  
Status:   Elaborating design Arbiter_7   ...  
Status:   Elaborating design BoomMSHR   ...  
Status:   Elaborating design BranchKillableQueue   ...  
Status:   Elaborating design Arbiter_8   ...  
Status:   Elaborating design BoomIOMSHR   ...  
Status:   Elaborating design BranchKillableQueue_2   ...  
Status:   Elaborating design L1MetadataArray   ...  
Warning: Signed to unsigned assignment occurs. (File: /hpc/home/connect.zzheng989/researchlib/VeriFlatten/eq_check/cascade_boom/boom.v Line: 135514)  (FMR_VLOG-063)
Status:   Elaborating design tag_array   ...  
Status:   Elaborating design tag_array_ext   ...  
Status:   Elaborating design split_tag_array_ext   ...  
Status:   Elaborating design Arbiter_10   ...  
Status:   Elaborating design BoomDuplicatedDataArray   ...  
Status:   Elaborating design array_0_0   ...  
Status:   Elaborating design array_0_0_ext   ...  
Status:   Elaborating design split_array_0_0_ext   ...  
Status:   Elaborating design Arbiter_12   ...  
Status:   Elaborating design MaxPeriodFibonacciLFSR   ...  
Status:   Elaborating design Arbiter_14   ...  
Status:   Elaborating design AMOALU   ...  
Status:   Elaborating design BoomFrontend   ...  
Status:   Elaborating design ICache   ...  
Status:   Elaborating design tag_array_0   ...  
Status:   Elaborating design tag_array_0_ext   ...  
Status:   Elaborating design split_tag_array_0_ext   ...  
Status:   Elaborating design dataArrayWay_0   ...  
Status:   Elaborating design dataArrayWay_0_ext   ...  
Status:   Elaborating design split_dataArrayWay_0_ext   ...  
Status:   Elaborating design BranchPredictor   ...  
Status:   Elaborating design ComposedBranchPredictorBank   ...  
Status:   Elaborating design LoopBranchPredictorBank   ...  
Status:   Elaborating design LoopBranchPredictorColumn   ...  
Status:   Elaborating design TageBranchPredictorBank   ...  
Status:   Elaborating design TageTable   ...  
Status:   Elaborating design hi_us   ...  
Status:   Elaborating design hi_us_ext   ...  
Status:   Elaborating design split_hi_us_ext   ...  
Status:   Elaborating design table_   ...  
Status:   Elaborating design table_ext   ...  
Status:   Elaborating design split_table_ext   ...  
Status:   Elaborating design TageTable_1   ...  
Status:   Elaborating design TageTable_2   ...  
Status:   Elaborating design hi_us_0   ...  
Status:   Elaborating design hi_us_0_ext   ...  
Status:   Elaborating design split_hi_us_0_ext   ...  
Status:   Elaborating design table_0   ...  
Status:   Elaborating design table_0_ext   ...  
Status:   Elaborating design split_table_0_ext   ...  
Status:   Elaborating design TageTable_3   ...  
Status:   Elaborating design TageTable_4   ...  
Status:   Elaborating design table_1   ...  
Status:   Elaborating design table_1_ext   ...  
Status:   Elaborating design split_table_1_ext   ...  
Status:   Elaborating design TageTable_5   ...  
Status:   Elaborating design MaxPeriodFibonacciLFSR_2   ...  
Status:   Elaborating design BTBBranchPredictorBank   ...  
Warning: Signed to unsigned assignment occurs. (File: /hpc/home/connect.zzheng989/researchlib/VeriFlatten/eq_check/cascade_boom/boom.v Line: 146936)  (FMR_VLOG-063)
Warning: Signed to unsigned assignment occurs. (File: /hpc/home/connect.zzheng989/researchlib/VeriFlatten/eq_check/cascade_boom/boom.v Line: 146938)  (FMR_VLOG-063)
Warning: Signed to unsigned assignment occurs. (File: /hpc/home/connect.zzheng989/researchlib/VeriFlatten/eq_check/cascade_boom/boom.v Line: 146957)  (FMR_VLOG-063)
Warning: Signed to unsigned assignment occurs. (File: /hpc/home/connect.zzheng989/researchlib/VeriFlatten/eq_check/cascade_boom/boom.v Line: 146958)  (FMR_VLOG-063)
Warning: Signed to unsigned assignment occurs. (File: /hpc/home/connect.zzheng989/researchlib/VeriFlatten/eq_check/cascade_boom/boom.v Line: 146960)  (FMR_VLOG-063)
Warning: Signed to unsigned assignment occurs. (File: /hpc/home/connect.zzheng989/researchlib/VeriFlatten/eq_check/cascade_boom/boom.v Line: 146979)  (FMR_VLOG-063)
Warning: Signed to unsigned assignment occurs. (File: /hpc/home/connect.zzheng989/researchlib/VeriFlatten/eq_check/cascade_boom/boom.v Line: 146980)  (FMR_VLOG-063)
Warning: Signed to unsigned assignment occurs. (File: /hpc/home/connect.zzheng989/researchlib/VeriFlatten/eq_check/cascade_boom/boom.v Line: 146982)  (FMR_VLOG-063)
Warning: Signed to unsigned assignment occurs. (File: /hpc/home/connect.zzheng989/researchlib/VeriFlatten/eq_check/cascade_boom/boom.v Line: 147001)  (FMR_VLOG-063)
Warning: Signed to unsigned assignment occurs. (File: /hpc/home/connect.zzheng989/researchlib/VeriFlatten/eq_check/cascade_boom/boom.v Line: 147002)  (FMR_VLOG-063)
Warning: Signed to unsigned assignment occurs. (File: /hpc/home/connect.zzheng989/researchlib/VeriFlatten/eq_check/cascade_boom/boom.v Line: 147004)  (FMR_VLOG-063)
Warning: Signed to unsigned assignment occurs. (File: /hpc/home/connect.zzheng989/researchlib/VeriFlatten/eq_check/cascade_boom/boom.v Line: 147368)  (FMR_VLOG-063)
Status:   Elaborating design meta_0   ...  
Status:   Elaborating design meta_0_ext   ...  
Status:   Elaborating design split_meta_0_ext   ...  
Status:   Elaborating design btb_0   ...  
Status:   Elaborating design btb_0_ext   ...  
Status:   Elaborating design split_btb_0_ext   ...  
Status:   Elaborating design ebtb   ...  
Status:   Elaborating design ebtb_ext   ...  
Status:   Elaborating design split_ebtb_ext   ...  
Status:   Elaborating design BIMBranchPredictorBank   ...  
Status:   Elaborating design data   ...  
Status:   Elaborating design data_ext   ...  
Status:   Elaborating design split_data_ext   ...  
Status:   Elaborating design FAMicroBTBBranchPredictorBank   ...  
Warning: Signed to unsigned assignment occurs. (File: /hpc/home/connect.zzheng989/researchlib/VeriFlatten/eq_check/cascade_boom/boom.v Line: 149930)  (FMR_VLOG-063)
Warning: Signed to unsigned assignment occurs. (File: /hpc/home/connect.zzheng989/researchlib/VeriFlatten/eq_check/cascade_boom/boom.v Line: 149931)  (FMR_VLOG-063)
Warning: Signed to unsigned assignment occurs. (File: /hpc/home/connect.zzheng989/researchlib/VeriFlatten/eq_check/cascade_boom/boom.v Line: 149932)  (FMR_VLOG-063)
Warning: Signed to unsigned assignment occurs. (File: /hpc/home/connect.zzheng989/researchlib/VeriFlatten/eq_check/cascade_boom/boom.v Line: 149933)  (FMR_VLOG-063)
Warning: Signed to unsigned assignment occurs. (File: /hpc/home/connect.zzheng989/researchlib/VeriFlatten/eq_check/cascade_boom/boom.v Line: 149934)  (FMR_VLOG-063)
Warning: Signed to unsigned assignment occurs. (File: /hpc/home/connect.zzheng989/researchlib/VeriFlatten/eq_check/cascade_boom/boom.v Line: 149935)  (FMR_VLOG-063)
Warning: Signed to unsigned assignment occurs. (File: /hpc/home/connect.zzheng989/researchlib/VeriFlatten/eq_check/cascade_boom/boom.v Line: 149936)  (FMR_VLOG-063)
Warning: Signed to unsigned assignment occurs. (File: /hpc/home/connect.zzheng989/researchlib/VeriFlatten/eq_check/cascade_boom/boom.v Line: 149937)  (FMR_VLOG-063)
Warning: Signed to unsigned assignment occurs. (File: /hpc/home/connect.zzheng989/researchlib/VeriFlatten/eq_check/cascade_boom/boom.v Line: 149938)  (FMR_VLOG-063)
Warning: Signed to unsigned assignment occurs. (File: /hpc/home/connect.zzheng989/researchlib/VeriFlatten/eq_check/cascade_boom/boom.v Line: 149939)  (FMR_VLOG-063)
Warning: Signed to unsigned assignment occurs. (File: /hpc/home/connect.zzheng989/researchlib/VeriFlatten/eq_check/cascade_boom/boom.v Line: 149940)  (FMR_VLOG-063)
Warning: Signed to unsigned assignment occurs. (File: /hpc/home/connect.zzheng989/researchlib/VeriFlatten/eq_check/cascade_boom/boom.v Line: 149941)  (FMR_VLOG-063)
Warning: Signed to unsigned assignment occurs. (File: /hpc/home/connect.zzheng989/researchlib/VeriFlatten/eq_check/cascade_boom/boom.v Line: 149942)  (FMR_VLOG-063)
Warning: Signed to unsigned assignment occurs. (File: /hpc/home/connect.zzheng989/researchlib/VeriFlatten/eq_check/cascade_boom/boom.v Line: 149943)  (FMR_VLOG-063)
Warning: Signed to unsigned assignment occurs. (File: /hpc/home/connect.zzheng989/researchlib/VeriFlatten/eq_check/cascade_boom/boom.v Line: 149944)  (FMR_VLOG-063)
Warning: Signed to unsigned assignment occurs. (File: /hpc/home/connect.zzheng989/researchlib/VeriFlatten/eq_check/cascade_boom/boom.v Line: 149978)  (FMR_VLOG-063)
Warning: Signed to unsigned assignment occurs. (File: /hpc/home/connect.zzheng989/researchlib/VeriFlatten/eq_check/cascade_boom/boom.v Line: 149979)  (FMR_VLOG-063)
Warning: Signed to unsigned assignment occurs. (File: /hpc/home/connect.zzheng989/researchlib/VeriFlatten/eq_check/cascade_boom/boom.v Line: 149980)  (FMR_VLOG-063)
Warning: Signed to unsigned assignment occurs. (File: /hpc/home/connect.zzheng989/researchlib/VeriFlatten/eq_check/cascade_boom/boom.v Line: 149981)  (FMR_VLOG-063)
Warning: Signed to unsigned assignment occurs. (File: /hpc/home/connect.zzheng989/researchlib/VeriFlatten/eq_check/cascade_boom/boom.v Line: 149982)  (FMR_VLOG-063)
Warning: Signed to unsigned assignment occurs. (File: /hpc/home/connect.zzheng989/researchlib/VeriFlatten/eq_check/cascade_boom/boom.v Line: 149983)  (FMR_VLOG-063)
Warning: Signed to unsigned assignment occurs. (File: /hpc/home/connect.zzheng989/researchlib/VeriFlatten/eq_check/cascade_boom/boom.v Line: 149984)  (FMR_VLOG-063)
Warning: Signed to unsigned assignment occurs. (File: /hpc/home/connect.zzheng989/researchlib/VeriFlatten/eq_check/cascade_boom/boom.v Line: 149985)  (FMR_VLOG-063)
Warning: Signed to unsigned assignment occurs. (File: /hpc/home/connect.zzheng989/researchlib/VeriFlatten/eq_check/cascade_boom/boom.v Line: 149986)  (FMR_VLOG-063)
Warning: Signed to unsigned assignment occurs. (File: /hpc/home/connect.zzheng989/researchlib/VeriFlatten/eq_check/cascade_boom/boom.v Line: 149987)  (FMR_VLOG-063)
Warning: Signed to unsigned assignment occurs. (File: /hpc/home/connect.zzheng989/researchlib/VeriFlatten/eq_check/cascade_boom/boom.v Line: 149988)  (FMR_VLOG-063)
Warning: Signed to unsigned assignment occurs. (File: /hpc/home/connect.zzheng989/researchlib/VeriFlatten/eq_check/cascade_boom/boom.v Line: 149989)  (FMR_VLOG-063)
Warning: Signed to unsigned assignment occurs. (File: /hpc/home/connect.zzheng989/researchlib/VeriFlatten/eq_check/cascade_boom/boom.v Line: 149990)  (FMR_VLOG-063)
Warning: Signed to unsigned assignment occurs. (File: /hpc/home/connect.zzheng989/researchlib/VeriFlatten/eq_check/cascade_boom/boom.v Line: 149991)  (FMR_VLOG-063)
Warning: Signed to unsigned assignment occurs. (File: /hpc/home/connect.zzheng989/researchlib/VeriFlatten/eq_check/cascade_boom/boom.v Line: 149992)  (FMR_VLOG-063)
Warning: Signed to unsigned assignment occurs. (File: /hpc/home/connect.zzheng989/researchlib/VeriFlatten/eq_check/cascade_boom/boom.v Line: 149993)  (FMR_VLOG-063)
Warning: Signed to unsigned assignment occurs. (File: /hpc/home/connect.zzheng989/researchlib/VeriFlatten/eq_check/cascade_boom/boom.v Line: 150027)  (FMR_VLOG-063)
Warning: Signed to unsigned assignment occurs. (File: /hpc/home/connect.zzheng989/researchlib/VeriFlatten/eq_check/cascade_boom/boom.v Line: 150028)  (FMR_VLOG-063)
Warning: Signed to unsigned assignment occurs. (File: /hpc/home/connect.zzheng989/researchlib/VeriFlatten/eq_check/cascade_boom/boom.v Line: 150029)  (FMR_VLOG-063)
Warning: Signed to unsigned assignment occurs. (File: /hpc/home/connect.zzheng989/researchlib/VeriFlatten/eq_check/cascade_boom/boom.v Line: 150030)  (FMR_VLOG-063)
Warning: Signed to unsigned assignment occurs. (File: /hpc/home/connect.zzheng989/researchlib/VeriFlatten/eq_check/cascade_boom/boom.v Line: 150031)  (FMR_VLOG-063)
Warning: Signed to unsigned assignment occurs. (File: /hpc/home/connect.zzheng989/researchlib/VeriFlatten/eq_check/cascade_boom/boom.v Line: 150032)  (FMR_VLOG-063)
Warning: Signed to unsigned assignment occurs. (File: /hpc/home/connect.zzheng989/researchlib/VeriFlatten/eq_check/cascade_boom/boom.v Line: 150033)  (FMR_VLOG-063)
Warning: Signed to unsigned assignment occurs. (File: /hpc/home/connect.zzheng989/researchlib/VeriFlatten/eq_check/cascade_boom/boom.v Line: 150034)  (FMR_VLOG-063)
Warning: Signed to unsigned assignment occurs. (File: /hpc/home/connect.zzheng989/researchlib/VeriFlatten/eq_check/cascade_boom/boom.v Line: 150035)  (FMR_VLOG-063)
Warning: Signed to unsigned assignment occurs. (File: /hpc/home/connect.zzheng989/researchlib/VeriFlatten/eq_check/cascade_boom/boom.v Line: 150036)  (FMR_VLOG-063)
Warning: Signed to unsigned assignment occurs. (File: /hpc/home/connect.zzheng989/researchlib/VeriFlatten/eq_check/cascade_boom/boom.v Line: 150037)  (FMR_VLOG-063)
Warning: Signed to unsigned assignment occurs. (File: /hpc/home/connect.zzheng989/researchlib/VeriFlatten/eq_check/cascade_boom/boom.v Line: 150038)  (FMR_VLOG-063)
Warning: Signed to unsigned assignment occurs. (File: /hpc/home/connect.zzheng989/researchlib/VeriFlatten/eq_check/cascade_boom/boom.v Line: 150039)  (FMR_VLOG-063)
Warning: Signed to unsigned assignment occurs. (File: /hpc/home/connect.zzheng989/researchlib/VeriFlatten/eq_check/cascade_boom/boom.v Line: 150040)  (FMR_VLOG-063)
Warning: Signed to unsigned assignment occurs. (File: /hpc/home/connect.zzheng989/researchlib/VeriFlatten/eq_check/cascade_boom/boom.v Line: 150041)  (FMR_VLOG-063)
Warning: Signed to unsigned assignment occurs. (File: /hpc/home/connect.zzheng989/researchlib/VeriFlatten/eq_check/cascade_boom/boom.v Line: 150042)  (FMR_VLOG-063)
Warning: Signed to unsigned assignment occurs. (File: /hpc/home/connect.zzheng989/researchlib/VeriFlatten/eq_check/cascade_boom/boom.v Line: 150076)  (FMR_VLOG-063)
Warning: Signed to unsigned assignment occurs. (File: /hpc/home/connect.zzheng989/researchlib/VeriFlatten/eq_check/cascade_boom/boom.v Line: 150077)  (FMR_VLOG-063)
Warning: Signed to unsigned assignment occurs. (File: /hpc/home/connect.zzheng989/researchlib/VeriFlatten/eq_check/cascade_boom/boom.v Line: 150078)  (FMR_VLOG-063)
Warning: Signed to unsigned assignment occurs. (File: /hpc/home/connect.zzheng989/researchlib/VeriFlatten/eq_check/cascade_boom/boom.v Line: 150079)  (FMR_VLOG-063)
Warning: Signed to unsigned assignment occurs. (File: /hpc/home/connect.zzheng989/researchlib/VeriFlatten/eq_check/cascade_boom/boom.v Line: 150080)  (FMR_VLOG-063)
Warning: Signed to unsigned assignment occurs. (File: /hpc/home/connect.zzheng989/researchlib/VeriFlatten/eq_check/cascade_boom/boom.v Line: 150081)  (FMR_VLOG-063)
Warning: Signed to unsigned assignment occurs. (File: /hpc/home/connect.zzheng989/researchlib/VeriFlatten/eq_check/cascade_boom/boom.v Line: 150082)  (FMR_VLOG-063)
Warning: Signed to unsigned assignment occurs. (File: /hpc/home/connect.zzheng989/researchlib/VeriFlatten/eq_check/cascade_boom/boom.v Line: 150083)  (FMR_VLOG-063)
Warning: Signed to unsigned assignment occurs. (File: /hpc/home/connect.zzheng989/researchlib/VeriFlatten/eq_check/cascade_boom/boom.v Line: 150084)  (FMR_VLOG-063)
Warning: Signed to unsigned assignment occurs. (File: /hpc/home/connect.zzheng989/researchlib/VeriFlatten/eq_check/cascade_boom/boom.v Line: 150085)  (FMR_VLOG-063)
Warning: Signed to unsigned assignment occurs. (File: /hpc/home/connect.zzheng989/researchlib/VeriFlatten/eq_check/cascade_boom/boom.v Line: 150086)  (FMR_VLOG-063)
Warning: Signed to unsigned assignment occurs. (File: /hpc/home/connect.zzheng989/researchlib/VeriFlatten/eq_check/cascade_boom/boom.v Line: 150087)  (FMR_VLOG-063)
Warning: Signed to unsigned assignment occurs. (File: /hpc/home/connect.zzheng989/researchlib/VeriFlatten/eq_check/cascade_boom/boom.v Line: 150088)  (FMR_VLOG-063)
Warning: Signed to unsigned assignment occurs. (File: /hpc/home/connect.zzheng989/researchlib/VeriFlatten/eq_check/cascade_boom/boom.v Line: 150089)  (FMR_VLOG-063)
Warning: Signed to unsigned assignment occurs. (File: /hpc/home/connect.zzheng989/researchlib/VeriFlatten/eq_check/cascade_boom/boom.v Line: 150090)  (FMR_VLOG-063)
Warning: Signed to unsigned assignment occurs. (File: /hpc/home/connect.zzheng989/researchlib/VeriFlatten/eq_check/cascade_boom/boom.v Line: 150091)  (FMR_VLOG-063)
Warning: Signed to unsigned assignment occurs. (File: /hpc/home/connect.zzheng989/researchlib/VeriFlatten/eq_check/cascade_boom/boom.v Line: 150158)  (FMR_VLOG-063)
Warning: Signed to unsigned assignment occurs. (File: /hpc/home/connect.zzheng989/researchlib/VeriFlatten/eq_check/cascade_boom/boom.v Line: 150281)  (FMR_VLOG-063)
Warning: Signed to unsigned assignment occurs. (File: /hpc/home/connect.zzheng989/researchlib/VeriFlatten/eq_check/cascade_boom/boom.v Line: 150286)  (FMR_VLOG-063)
Warning: Signed to unsigned assignment occurs. (File: /hpc/home/connect.zzheng989/researchlib/VeriFlatten/eq_check/cascade_boom/boom.v Line: 150291)  (FMR_VLOG-063)
Warning: Signed to unsigned assignment occurs. (File: /hpc/home/connect.zzheng989/researchlib/VeriFlatten/eq_check/cascade_boom/boom.v Line: 150296)  (FMR_VLOG-063)
Status:   Elaborating design BoomRAS   ...  
Status:   Elaborating design TLB   ...  
Warning: Signed to unsigned assignment occurs. (File: /hpc/home/connect.zzheng989/researchlib/VeriFlatten/eq_check/cascade_boom/boom.v Line: 155263)  (FMR_VLOG-063)
Warning: Signed to unsigned assignment occurs. (File: /hpc/home/connect.zzheng989/researchlib/VeriFlatten/eq_check/cascade_boom/boom.v Line: 155267)  (FMR_VLOG-063)
Warning: Signed to unsigned assignment occurs. (File: /hpc/home/connect.zzheng989/researchlib/VeriFlatten/eq_check/cascade_boom/boom.v Line: 155271)  (FMR_VLOG-063)
Warning: Signed to unsigned assignment occurs. (File: /hpc/home/connect.zzheng989/researchlib/VeriFlatten/eq_check/cascade_boom/boom.v Line: 155275)  (FMR_VLOG-063)
Warning: Signed to unsigned assignment occurs. (File: /hpc/home/connect.zzheng989/researchlib/VeriFlatten/eq_check/cascade_boom/boom.v Line: 155279)  (FMR_VLOG-063)
Warning: Signed to unsigned assignment occurs. (File: /hpc/home/connect.zzheng989/researchlib/VeriFlatten/eq_check/cascade_boom/boom.v Line: 155283)  (FMR_VLOG-063)
Warning: Signed to unsigned assignment occurs. (File: /hpc/home/connect.zzheng989/researchlib/VeriFlatten/eq_check/cascade_boom/boom.v Line: 155287)  (FMR_VLOG-063)
Warning: Signed to unsigned assignment occurs. (File: /hpc/home/connect.zzheng989/researchlib/VeriFlatten/eq_check/cascade_boom/boom.v Line: 155291)  (FMR_VLOG-063)
Warning: Signed to unsigned assignment occurs. (File: /hpc/home/connect.zzheng989/researchlib/VeriFlatten/eq_check/cascade_boom/boom.v Line: 155295)  (FMR_VLOG-063)
Warning: Signed to unsigned assignment occurs. (File: /hpc/home/connect.zzheng989/researchlib/VeriFlatten/eq_check/cascade_boom/boom.v Line: 155300)  (FMR_VLOG-063)
Warning: Signed to unsigned assignment occurs. (File: /hpc/home/connect.zzheng989/researchlib/VeriFlatten/eq_check/cascade_boom/boom.v Line: 155303)  (FMR_VLOG-063)
Warning: Signed to unsigned assignment occurs. (File: /hpc/home/connect.zzheng989/researchlib/VeriFlatten/eq_check/cascade_boom/boom.v Line: 155305)  (FMR_VLOG-063)
Warning: Signed to unsigned assignment occurs. (File: /hpc/home/connect.zzheng989/researchlib/VeriFlatten/eq_check/cascade_boom/boom.v Line: 155307)  (FMR_VLOG-063)
Warning: Signed to unsigned assignment occurs. (File: /hpc/home/connect.zzheng989/researchlib/VeriFlatten/eq_check/cascade_boom/boom.v Line: 155309)  (FMR_VLOG-063)
Warning: Signed to unsigned assignment occurs. (File: /hpc/home/connect.zzheng989/researchlib/VeriFlatten/eq_check/cascade_boom/boom.v Line: 155313)  (FMR_VLOG-063)
Warning: Signed to unsigned assignment occurs. (File: /hpc/home/connect.zzheng989/researchlib/VeriFlatten/eq_check/cascade_boom/boom.v Line: 155318)  (FMR_VLOG-063)
Warning: Signed to unsigned assignment occurs. (File: /hpc/home/connect.zzheng989/researchlib/VeriFlatten/eq_check/cascade_boom/boom.v Line: 155320)  (FMR_VLOG-063)
Warning: Signed to unsigned assignment occurs. (File: /hpc/home/connect.zzheng989/researchlib/VeriFlatten/eq_check/cascade_boom/boom.v Line: 155323)  (FMR_VLOG-063)
Warning: Signed to unsigned assignment occurs. (File: /hpc/home/connect.zzheng989/researchlib/VeriFlatten/eq_check/cascade_boom/boom.v Line: 155325)  (FMR_VLOG-063)
Warning: Signed to unsigned assignment occurs. (File: /hpc/home/connect.zzheng989/researchlib/VeriFlatten/eq_check/cascade_boom/boom.v Line: 155332)  (FMR_VLOG-063)
Status:   Elaborating design OptimizationBarrier   ...  
Status:   Elaborating design PMPChecker   ...  
Status:   Elaborating design Queue_31   ...  
Warning: Index may take values outside array bound, may cause simulation mismatch .. (Signal: ram_pc Block: /Queue_31 File: /hpc/home/connect.zzheng989/researchlib/VeriFlatten/eq_check/cascade_boom/boom.v Line: 157969)  (FMR_ELAB-147)
Warning: Index may take values outside array bound, may cause simulation mismatch .. (Signal: ram_data Block: /Queue_31 File: /hpc/home/connect.zzheng989/researchlib/VeriFlatten/eq_check/cascade_boom/boom.v Line: 157976)  (FMR_ELAB-147)
Warning: Index may take values outside array bound, may cause simulation mismatch .. (Signal: ram_mask Block: /Queue_31 File: /hpc/home/connect.zzheng989/researchlib/VeriFlatten/eq_check/cascade_boom/boom.v Line: 157983)  (FMR_ELAB-147)
Warning: Index may take values outside array bound, may cause simulation mismatch .. (Signal: ram_xcpt_pf_inst Block: /Queue_31 File: /hpc/home/connect.zzheng989/researchlib/VeriFlatten/eq_check/cascade_boom/boom.v Line: 157990)  (FMR_ELAB-147)
Warning: Index may take values outside array bound, may cause simulation mismatch .. (Signal: ram_xcpt_ae_inst Block: /Queue_31 File: /hpc/home/connect.zzheng989/researchlib/VeriFlatten/eq_check/cascade_boom/boom.v Line: 157997)  (FMR_ELAB-147)
Warning: Index may take values outside array bound, may cause simulation mismatch .. (Signal: ram_ghist_old_history Block: /Queue_31 File: /hpc/home/connect.zzheng989/researchlib/VeriFlatten/eq_check/cascade_boom/boom.v Line: 158005)  (FMR_ELAB-147)
Warning: Index may take values outside array bound, may cause simulation mismatch .. (Signal: ram_ghist_current_saw_branch_not_taken Block: /Queue_31 File: /hpc/home/connect.zzheng989/researchlib/VeriFlatten/eq_check/cascade_boom/boom.v Line: 158013)  (FMR_ELAB-147)
Warning: Index may take values outside array bound, may cause simulation mismatch .. (Signal: ram_ghist_new_saw_branch_not_taken Block: /Queue_31 File: /hpc/home/connect.zzheng989/researchlib/VeriFlatten/eq_check/cascade_boom/boom.v Line: 158021)  (FMR_ELAB-147)
Warning: Index may take values outside array bound, may cause simulation mismatch .. (Signal: ram_ghist_new_saw_branch_taken Block: /Queue_31 File: /hpc/home/connect.zzheng989/researchlib/VeriFlatten/eq_check/cascade_boom/boom.v Line: 158029)  (FMR_ELAB-147)
Warning: Index may take values outside array bound, may cause simulation mismatch .. (Signal: ram_ghist_ras_idx Block: /Queue_31 File: /hpc/home/connect.zzheng989/researchlib/VeriFlatten/eq_check/cascade_boom/boom.v Line: 158036)  (FMR_ELAB-147)
Warning: Index may take values outside array bound, may cause simulation mismatch .. (Signal: ram_fsrc Block: /Queue_31 File: /hpc/home/connect.zzheng989/researchlib/VeriFlatten/eq_check/cascade_boom/boom.v Line: 158043)  (FMR_ELAB-147)
Status:   Elaborating design Queue_32   ...  
Warning: Index may take values outside array bound, may cause simulation mismatch .. (Signal: ram_pc Block: /Queue_32 File: /hpc/home/connect.zzheng989/researchlib/VeriFlatten/eq_check/cascade_boom/boom.v Line: 158262)  (FMR_ELAB-147)
Warning: Index may take values outside array bound, may cause simulation mismatch .. (Signal: ram_preds_0_taken Block: /Queue_32 File: /hpc/home/connect.zzheng989/researchlib/VeriFlatten/eq_check/cascade_boom/boom.v Line: 158269)  (FMR_ELAB-147)
Warning: Index may take values outside array bound, may cause simulation mismatch .. (Signal: ram_preds_0_predicted_pc_valid Block: /Queue_32 File: /hpc/home/connect.zzheng989/researchlib/VeriFlatten/eq_check/cascade_boom/boom.v Line: 158277)  (FMR_ELAB-147)
Warning: Index may take values outside array bound, may cause simulation mismatch .. (Signal: ram_preds_0_predicted_pc_bits Block: /Queue_32 File: /hpc/home/connect.zzheng989/researchlib/VeriFlatten/eq_check/cascade_boom/boom.v Line: 158285)  (FMR_ELAB-147)
Warning: Index may take values outside array bound, may cause simulation mismatch .. (Signal: ram_preds_1_taken Block: /Queue_32 File: /hpc/home/connect.zzheng989/researchlib/VeriFlatten/eq_check/cascade_boom/boom.v Line: 158292)  (FMR_ELAB-147)
Warning: Index may take values outside array bound, may cause simulation mismatch .. (Signal: ram_preds_1_predicted_pc_valid Block: /Queue_32 File: /hpc/home/connect.zzheng989/researchlib/VeriFlatten/eq_check/cascade_boom/boom.v Line: 158300)  (FMR_ELAB-147)
Warning: Index may take values outside array bound, may cause simulation mismatch .. (Signal: ram_preds_1_predicted_pc_bits Block: /Queue_32 File: /hpc/home/connect.zzheng989/researchlib/VeriFlatten/eq_check/cascade_boom/boom.v Line: 158308)  (FMR_ELAB-147)
Warning: Index may take values outside array bound, may cause simulation mismatch .. (Signal: ram_preds_2_taken Block: /Queue_32 File: /hpc/home/connect.zzheng989/researchlib/VeriFlatten/eq_check/cascade_boom/boom.v Line: 158315)  (FMR_ELAB-147)
Warning: Index may take values outside array bound, may cause simulation mismatch .. (Signal: ram_preds_2_predicted_pc_valid Block: /Queue_32 File: /hpc/home/connect.zzheng989/researchlib/VeriFlatten/eq_check/cascade_boom/boom.v Line: 158323)  (FMR_ELAB-147)
Warning: Index may take values outside array bound, may cause simulation mismatch .. (Signal: ram_preds_2_predicted_pc_bits Block: /Queue_32 File: /hpc/home/connect.zzheng989/researchlib/VeriFlatten/eq_check/cascade_boom/boom.v Line: 158331)  (FMR_ELAB-147)
Warning: Index may take values outside array bound, may cause simulation mismatch .. (Signal: ram_preds_3_taken Block: /Queue_32 File: /hpc/home/connect.zzheng989/researchlib/VeriFlatten/eq_check/cascade_boom/boom.v Line: 158338)  (FMR_ELAB-147)
Warning: Index may take values outside array bound, may cause simulation mismatch .. (Signal: ram_preds_3_predicted_pc_valid Block: /Queue_32 File: /hpc/home/connect.zzheng989/researchlib/VeriFlatten/eq_check/cascade_boom/boom.v Line: 158346)  (FMR_ELAB-147)
Warning: Index may take values outside array bound, may cause simulation mismatch .. (Signal: ram_preds_3_predicted_pc_bits Block: /Queue_32 File: /hpc/home/connect.zzheng989/researchlib/VeriFlatten/eq_check/cascade_boom/boom.v Line: 158354)  (FMR_ELAB-147)
Warning: Index may take values outside array bound, may cause simulation mismatch .. (Signal: ram_meta_0 Block: /Queue_32 File: /hpc/home/connect.zzheng989/researchlib/VeriFlatten/eq_check/cascade_boom/boom.v Line: 158361)  (FMR_ELAB-147)
Status:   Elaborating design RVCExpander   ...  
Status:   Elaborating design BranchDecode   ...  
Warning: Signed to unsigned assignment occurs. (File: /hpc/home/connect.zzheng989/researchlib/VeriFlatten/eq_check/cascade_boom/boom.v Line: 158754)  (FMR_VLOG-063)
Warning: Signed to unsigned assignment occurs. (File: /hpc/home/connect.zzheng989/researchlib/VeriFlatten/eq_check/cascade_boom/boom.v Line: 158755)  (FMR_VLOG-063)
Warning: Signed to unsigned assignment occurs. (File: /hpc/home/connect.zzheng989/researchlib/VeriFlatten/eq_check/cascade_boom/boom.v Line: 158760)  (FMR_VLOG-063)
Warning: Signed to unsigned assignment occurs. (File: /hpc/home/connect.zzheng989/researchlib/VeriFlatten/eq_check/cascade_boom/boom.v Line: 158761)  (FMR_VLOG-063)
Status:   Elaborating design Queue_33   ...  
Status:   Elaborating design Queue_34   ...  
Warning: Index may take values outside array bound, may cause simulation mismatch .. (Signal: ram_pc Block: /Queue_34 File: /hpc/home/connect.zzheng989/researchlib/VeriFlatten/eq_check/cascade_boom/boom.v Line: 159528)  (FMR_ELAB-147)
Warning: Index may take values outside array bound, may cause simulation mismatch .. (Signal: ram_edge_inst_0 Block: /Queue_34 File: /hpc/home/connect.zzheng989/researchlib/VeriFlatten/eq_check/cascade_boom/boom.v Line: 159535)  (FMR_ELAB-147)
Warning: Index may take values outside array bound, may cause simulation mismatch .. (Signal: ram_insts_0 Block: /Queue_34 File: /hpc/home/connect.zzheng989/researchlib/VeriFlatten/eq_check/cascade_boom/boom.v Line: 159542)  (FMR_ELAB-147)
Warning: Index may take values outside array bound, may cause simulation mismatch .. (Signal: ram_insts_1 Block: /Queue_34 File: /hpc/home/connect.zzheng989/researchlib/VeriFlatten/eq_check/cascade_boom/boom.v Line: 159549)  (FMR_ELAB-147)
Warning: Index may take values outside array bound, may cause simulation mismatch .. (Signal: ram_insts_2 Block: /Queue_34 File: /hpc/home/connect.zzheng989/researchlib/VeriFlatten/eq_check/cascade_boom/boom.v Line: 159556)  (FMR_ELAB-147)
Warning: Index may take values outside array bound, may cause simulation mismatch .. (Signal: ram_insts_3 Block: /Queue_34 File: /hpc/home/connect.zzheng989/researchlib/VeriFlatten/eq_check/cascade_boom/boom.v Line: 159563)  (FMR_ELAB-147)
Warning: Index may take values outside array bound, may cause simulation mismatch .. (Signal: ram_exp_insts_0 Block: /Queue_34 File: /hpc/home/connect.zzheng989/researchlib/VeriFlatten/eq_check/cascade_boom/boom.v Line: 159570)  (FMR_ELAB-147)
Warning: Index may take values outside array bound, may cause simulation mismatch .. (Signal: ram_exp_insts_1 Block: /Queue_34 File: /hpc/home/connect.zzheng989/researchlib/VeriFlatten/eq_check/cascade_boom/boom.v Line: 159577)  (FMR_ELAB-147)
Warning: Index may take values outside array bound, may cause simulation mismatch .. (Signal: ram_exp_insts_2 Block: /Queue_34 File: /hpc/home/connect.zzheng989/researchlib/VeriFlatten/eq_check/cascade_boom/boom.v Line: 159584)  (FMR_ELAB-147)
Warning: Index may take values outside array bound, may cause simulation mismatch .. (Signal: ram_exp_insts_3 Block: /Queue_34 File: /hpc/home/connect.zzheng989/researchlib/VeriFlatten/eq_check/cascade_boom/boom.v Line: 159591)  (FMR_ELAB-147)
Warning: Index may take values outside array bound, may cause simulation mismatch .. (Signal: ram_sfbs_0 Block: /Queue_34 File: /hpc/home/connect.zzheng989/researchlib/VeriFlatten/eq_check/cascade_boom/boom.v Line: 159598)  (FMR_ELAB-147)
Warning: Index may take values outside array bound, may cause simulation mismatch .. (Signal: ram_sfbs_1 Block: /Queue_34 File: /hpc/home/connect.zzheng989/researchlib/VeriFlatten/eq_check/cascade_boom/boom.v Line: 159605)  (FMR_ELAB-147)
Warning: Index may take values outside array bound, may cause simulation mismatch .. (Signal: ram_sfbs_2 Block: /Queue_34 File: /hpc/home/connect.zzheng989/researchlib/VeriFlatten/eq_check/cascade_boom/boom.v Line: 159612)  (FMR_ELAB-147)
Warning: Index may take values outside array bound, may cause simulation mismatch .. (Signal: ram_sfbs_3 Block: /Queue_34 File: /hpc/home/connect.zzheng989/researchlib/VeriFlatten/eq_check/cascade_boom/boom.v Line: 159619)  (FMR_ELAB-147)
Warning: Index may take values outside array bound, may cause simulation mismatch .. (Signal: ram_shadowed_mask_0 Block: /Queue_34 File: /hpc/home/connect.zzheng989/researchlib/VeriFlatten/eq_check/cascade_boom/boom.v Line: 159626)  (FMR_ELAB-147)
Warning: Index may take values outside array bound, may cause simulation mismatch .. (Signal: ram_shadowed_mask_1 Block: /Queue_34 File: /hpc/home/connect.zzheng989/researchlib/VeriFlatten/eq_check/cascade_boom/boom.v Line: 159633)  (FMR_ELAB-147)
Warning: Index may take values outside array bound, may cause simulation mismatch .. (Signal: ram_shadowed_mask_2 Block: /Queue_34 File: /hpc/home/connect.zzheng989/researchlib/VeriFlatten/eq_check/cascade_boom/boom.v Line: 159640)  (FMR_ELAB-147)
Warning: Index may take values outside array bound, may cause simulation mismatch .. (Signal: ram_shadowed_mask_3 Block: /Queue_34 File: /hpc/home/connect.zzheng989/researchlib/VeriFlatten/eq_check/cascade_boom/boom.v Line: 159647)  (FMR_ELAB-147)
Warning: Index may take values outside array bound, may cause simulation mismatch .. (Signal: ram_cfi_idx_valid Block: /Queue_34 File: /hpc/home/connect.zzheng989/researchlib/VeriFlatten/eq_check/cascade_boom/boom.v Line: 159654)  (FMR_ELAB-147)
Warning: Index may take values outside array bound, may cause simulation mismatch .. (Signal: ram_cfi_idx_bits Block: /Queue_34 File: /hpc/home/connect.zzheng989/researchlib/VeriFlatten/eq_check/cascade_boom/boom.v Line: 159661)  (FMR_ELAB-147)
Warning: Index may take values outside array bound, may cause simulation mismatch .. (Signal: ram_cfi_type Block: /Queue_34 File: /hpc/home/connect.zzheng989/researchlib/VeriFlatten/eq_check/cascade_boom/boom.v Line: 159668)  (FMR_ELAB-147)
Warning: Index may take values outside array bound, may cause simulation mismatch .. (Signal: ram_cfi_is_call Block: /Queue_34 File: /hpc/home/connect.zzheng989/researchlib/VeriFlatten/eq_check/cascade_boom/boom.v Line: 159675)  (FMR_ELAB-147)
Warning: Index may take values outside array bound, may cause simulation mismatch .. (Signal: ram_cfi_is_ret Block: /Queue_34 File: /hpc/home/connect.zzheng989/researchlib/VeriFlatten/eq_check/cascade_boom/boom.v Line: 159682)  (FMR_ELAB-147)
Warning: Index may take values outside array bound, may cause simulation mismatch .. (Signal: ram_ras_top Block: /Queue_34 File: /hpc/home/connect.zzheng989/researchlib/VeriFlatten/eq_check/cascade_boom/boom.v Line: 159689)  (FMR_ELAB-147)
Warning: Index may take values outside array bound, may cause simulation mismatch .. (Signal: ram_mask Block: /Queue_34 File: /hpc/home/connect.zzheng989/researchlib/VeriFlatten/eq_check/cascade_boom/boom.v Line: 159696)  (FMR_ELAB-147)
Warning: Index may take values outside array bound, may cause simulation mismatch .. (Signal: ram_br_mask Block: /Queue_34 File: /hpc/home/connect.zzheng989/researchlib/VeriFlatten/eq_check/cascade_boom/boom.v Line: 159703)  (FMR_ELAB-147)
Warning: Index may take values outside array bound, may cause simulation mismatch .. (Signal: ram_ghist_old_history Block: /Queue_34 File: /hpc/home/connect.zzheng989/researchlib/VeriFlatten/eq_check/cascade_boom/boom.v Line: 159711)  (FMR_ELAB-147)
Warning: Index may take values outside array bound, may cause simulation mismatch .. (Signal: ram_ghist_current_saw_branch_not_taken Block: /Queue_34 File: /hpc/home/connect.zzheng989/researchlib/VeriFlatten/eq_check/cascade_boom/boom.v Line: 159719)  (FMR_ELAB-147)
Warning: Index may take values outside array bound, may cause simulation mismatch .. (Signal: ram_ghist_new_saw_branch_not_taken Block: /Queue_34 File: /hpc/home/connect.zzheng989/researchlib/VeriFlatten/eq_check/cascade_boom/boom.v Line: 159727)  (FMR_ELAB-147)
Warning: Index may take values outside array bound, may cause simulation mismatch .. (Signal: ram_ghist_new_saw_branch_taken Block: /Queue_34 File: /hpc/home/connect.zzheng989/researchlib/VeriFlatten/eq_check/cascade_boom/boom.v Line: 159735)  (FMR_ELAB-147)
Warning: Index may take values outside array bound, may cause simulation mismatch .. (Signal: ram_ghist_ras_idx Block: /Queue_34 File: /hpc/home/connect.zzheng989/researchlib/VeriFlatten/eq_check/cascade_boom/boom.v Line: 159742)  (FMR_ELAB-147)
Warning: Index may take values outside array bound, may cause simulation mismatch .. (Signal: ram_xcpt_pf_if Block: /Queue_34 File: /hpc/home/connect.zzheng989/researchlib/VeriFlatten/eq_check/cascade_boom/boom.v Line: 159749)  (FMR_ELAB-147)
Warning: Index may take values outside array bound, may cause simulation mismatch .. (Signal: ram_xcpt_ae_if Block: /Queue_34 File: /hpc/home/connect.zzheng989/researchlib/VeriFlatten/eq_check/cascade_boom/boom.v Line: 159756)  (FMR_ELAB-147)
Warning: Index may take values outside array bound, may cause simulation mismatch .. (Signal: ram_bp_debug_if_oh_0 Block: /Queue_34 File: /hpc/home/connect.zzheng989/researchlib/VeriFlatten/eq_check/cascade_boom/boom.v Line: 159763)  (FMR_ELAB-147)
Warning: Index may take values outside array bound, may cause simulation mismatch .. (Signal: ram_bp_debug_if_oh_1 Block: /Queue_34 File: /hpc/home/connect.zzheng989/researchlib/VeriFlatten/eq_check/cascade_boom/boom.v Line: 159771)  (FMR_ELAB-147)
Warning: Index may take values outside array bound, may cause simulation mismatch .. (Signal: ram_bp_debug_if_oh_2 Block: /Queue_34 File: /hpc/home/connect.zzheng989/researchlib/VeriFlatten/eq_check/cascade_boom/boom.v Line: 159779)  (FMR_ELAB-147)
Warning: Index may take values outside array bound, may cause simulation mismatch .. (Signal: ram_bp_debug_if_oh_3 Block: /Queue_34 File: /hpc/home/connect.zzheng989/researchlib/VeriFlatten/eq_check/cascade_boom/boom.v Line: 159787)  (FMR_ELAB-147)
Warning: Index may take values outside array bound, may cause simulation mismatch .. (Signal: ram_bp_xcpt_if_oh_0 Block: /Queue_34 File: /hpc/home/connect.zzheng989/researchlib/VeriFlatten/eq_check/cascade_boom/boom.v Line: 159795)  (FMR_ELAB-147)
Warning: Index may take values outside array bound, may cause simulation mismatch .. (Signal: ram_bp_xcpt_if_oh_1 Block: /Queue_34 File: /hpc/home/connect.zzheng989/researchlib/VeriFlatten/eq_check/cascade_boom/boom.v Line: 159802)  (FMR_ELAB-147)
Warning: Index may take values outside array bound, may cause simulation mismatch .. (Signal: ram_bp_xcpt_if_oh_2 Block: /Queue_34 File: /hpc/home/connect.zzheng989/researchlib/VeriFlatten/eq_check/cascade_boom/boom.v Line: 159809)  (FMR_ELAB-147)
Warning: Index may take values outside array bound, may cause simulation mismatch .. (Signal: ram_bp_xcpt_if_oh_3 Block: /Queue_34 File: /hpc/home/connect.zzheng989/researchlib/VeriFlatten/eq_check/cascade_boom/boom.v Line: 159816)  (FMR_ELAB-147)
Warning: Index may take values outside array bound, may cause simulation mismatch .. (Signal: ram_bpd_meta_0 Block: /Queue_34 File: /hpc/home/connect.zzheng989/researchlib/VeriFlatten/eq_check/cascade_boom/boom.v Line: 159823)  (FMR_ELAB-147)
Warning: Index may take values outside array bound, may cause simulation mismatch .. (Signal: ram_fsrc Block: /Queue_34 File: /hpc/home/connect.zzheng989/researchlib/VeriFlatten/eq_check/cascade_boom/boom.v Line: 159830)  (FMR_ELAB-147)
Status:   Elaborating design FetchBuffer   ...  
Status:   Elaborating design FetchTargetQueue   ...  
Status:   Elaborating design meta   ...  
Status:   Elaborating design meta_ext   ...  
Status:   Elaborating design split_meta_ext   ...  
Status:   Elaborating design ghist_0   ...  
Status:   Elaborating design ghist_0_ext   ...  
Status:   Elaborating design split_ghist_0_ext   ...  
Status:   Elaborating design Arbiter_15   ...  
Status:   Elaborating design BoomCore   ...  
Warning: Signed to unsigned assignment occurs. (File: /hpc/home/connect.zzheng989/researchlib/VeriFlatten/eq_check/cascade_boom/boom.v Line: 260659)  (FMR_VLOG-063)
Warning: Signed to unsigned assignment occurs. (File: /hpc/home/connect.zzheng989/researchlib/VeriFlatten/eq_check/cascade_boom/boom.v Line: 260662)  (FMR_VLOG-063)
Status:   Elaborating design ALUExeUnit   ...  
Status:   Elaborating design MemAddrCalcUnit   ...  
Warning: Signed to unsigned assignment occurs. (File: /hpc/home/connect.zzheng989/researchlib/VeriFlatten/eq_check/cascade_boom/boom.v Line: 172307)  (FMR_VLOG-063)
Status:   Elaborating design ALUExeUnit_1   ...  
Status:   Elaborating design ALUUnit   ...  
Warning: Signed to unsigned assignment occurs. (File: /hpc/home/connect.zzheng989/researchlib/VeriFlatten/eq_check/cascade_boom/boom.v Line: 172938)  (FMR_VLOG-063)
Warning: Signed to unsigned assignment occurs. (File: /hpc/home/connect.zzheng989/researchlib/VeriFlatten/eq_check/cascade_boom/boom.v Line: 172942)  (FMR_VLOG-063)
Warning: Signed to unsigned assignment occurs. (File: /hpc/home/connect.zzheng989/researchlib/VeriFlatten/eq_check/cascade_boom/boom.v Line: 172944)  (FMR_VLOG-063)
Warning: Signed to unsigned assignment occurs. (File: /hpc/home/connect.zzheng989/researchlib/VeriFlatten/eq_check/cascade_boom/boom.v Line: 172945)  (FMR_VLOG-063)
Warning: Signed to unsigned assignment occurs. (File: /hpc/home/connect.zzheng989/researchlib/VeriFlatten/eq_check/cascade_boom/boom.v Line: 172946)  (FMR_VLOG-063)
Warning: Signed to unsigned assignment occurs. (File: /hpc/home/connect.zzheng989/researchlib/VeriFlatten/eq_check/cascade_boom/boom.v Line: 172947)  (FMR_VLOG-063)
Warning: Signed to unsigned assignment occurs. (File: /hpc/home/connect.zzheng989/researchlib/VeriFlatten/eq_check/cascade_boom/boom.v Line: 172949)  (FMR_VLOG-063)
Warning: Signed to unsigned assignment occurs. (File: /hpc/home/connect.zzheng989/researchlib/VeriFlatten/eq_check/cascade_boom/boom.v Line: 173006)  (FMR_VLOG-063)
Warning: Signed to unsigned assignment occurs. (File: /hpc/home/connect.zzheng989/researchlib/VeriFlatten/eq_check/cascade_boom/boom.v Line: 173007)  (FMR_VLOG-063)
Warning: Signed to unsigned assignment occurs. (File: /hpc/home/connect.zzheng989/researchlib/VeriFlatten/eq_check/cascade_boom/boom.v Line: 173011)  (FMR_VLOG-063)
Warning: Signed to unsigned assignment occurs. (File: /hpc/home/connect.zzheng989/researchlib/VeriFlatten/eq_check/cascade_boom/boom.v Line: 173069)  (FMR_VLOG-063)
Status:   Elaborating design ALU   ...  
Warning: Signed to unsigned assignment occurs. (File: /hpc/home/connect.zzheng989/researchlib/VeriFlatten/eq_check/cascade_boom/boom.v Line: 172761)  (FMR_VLOG-063)
Status:   Elaborating design PipelinedMulUnit   ...  
Status:   Elaborating design PipelinedMultiplier   ...  
Warning: Signed to unsigned assignment occurs. (File: /hpc/home/connect.zzheng989/researchlib/VeriFlatten/eq_check/cascade_boom/boom.v Line: 173174)  (FMR_VLOG-063)
Status:   Elaborating design IntToFPUnit   ...  
Status:   Elaborating design UOPCodeFPUDecoder   ...  
Status:   Elaborating design IntToFP   ...  
Warning: Signed to unsigned assignment occurs. (File: /hpc/home/connect.zzheng989/researchlib/VeriFlatten/eq_check/cascade_boom/boom.v Line: 174173)  (FMR_VLOG-063)
Warning: Signed to unsigned assignment occurs. (File: /hpc/home/connect.zzheng989/researchlib/VeriFlatten/eq_check/cascade_boom/boom.v Line: 174200)  (FMR_VLOG-063)
Warning: Signed to unsigned assignment occurs. (File: /hpc/home/connect.zzheng989/researchlib/VeriFlatten/eq_check/cascade_boom/boom.v Line: 174204)  (FMR_VLOG-063)
Status:   Elaborating design INToRecFN   ...  
Status:   Elaborating design RoundAnyRawFNToRecFN   ...  
Warning: Signed to unsigned assignment occurs. (File: /hpc/home/connect.zzheng989/researchlib/VeriFlatten/eq_check/cascade_boom/boom.v Line: 173578)  (FMR_VLOG-063)
Warning: Signed to unsigned assignment occurs. (File: /hpc/home/connect.zzheng989/researchlib/VeriFlatten/eq_check/cascade_boom/boom.v Line: 173603)  (FMR_VLOG-063)
Status:   Elaborating design INToRecFN_1   ...  
Status:   Elaborating design RoundAnyRawFNToRecFN_1   ...  
Warning: Signed to unsigned assignment occurs. (File: /hpc/home/connect.zzheng989/researchlib/VeriFlatten/eq_check/cascade_boom/boom.v Line: 173798)  (FMR_VLOG-063)
Warning: Signed to unsigned assignment occurs. (File: /hpc/home/connect.zzheng989/researchlib/VeriFlatten/eq_check/cascade_boom/boom.v Line: 173823)  (FMR_VLOG-063)
Status:   Elaborating design BranchKillableQueue_3   ...  
Status:   Elaborating design ALUExeUnit_2   ...  
Status:   Elaborating design ALUUnit_1   ...  
Warning: Signed to unsigned assignment occurs. (File: /hpc/home/connect.zzheng989/researchlib/VeriFlatten/eq_check/cascade_boom/boom.v Line: 175992)  (FMR_VLOG-063)
Warning: Signed to unsigned assignment occurs. (File: /hpc/home/connect.zzheng989/researchlib/VeriFlatten/eq_check/cascade_boom/boom.v Line: 175996)  (FMR_VLOG-063)
Warning: Signed to unsigned assignment occurs. (File: /hpc/home/connect.zzheng989/researchlib/VeriFlatten/eq_check/cascade_boom/boom.v Line: 175998)  (FMR_VLOG-063)
Warning: Signed to unsigned assignment occurs. (File: /hpc/home/connect.zzheng989/researchlib/VeriFlatten/eq_check/cascade_boom/boom.v Line: 175999)  (FMR_VLOG-063)
Warning: Signed to unsigned assignment occurs. (File: /hpc/home/connect.zzheng989/researchlib/VeriFlatten/eq_check/cascade_boom/boom.v Line: 176000)  (FMR_VLOG-063)
Warning: Signed to unsigned assignment occurs. (File: /hpc/home/connect.zzheng989/researchlib/VeriFlatten/eq_check/cascade_boom/boom.v Line: 176001)  (FMR_VLOG-063)
Warning: Signed to unsigned assignment occurs. (File: /hpc/home/connect.zzheng989/researchlib/VeriFlatten/eq_check/cascade_boom/boom.v Line: 176003)  (FMR_VLOG-063)
Status:   Elaborating design DivUnit   ...  
Status:   Elaborating design MulDiv   ...  
Warning: Signed to unsigned assignment occurs. (File: /hpc/home/connect.zzheng989/researchlib/VeriFlatten/eq_check/cascade_boom/boom.v Line: 176210)  (FMR_VLOG-063)
Warning: Signed to unsigned assignment occurs. (File: /hpc/home/connect.zzheng989/researchlib/VeriFlatten/eq_check/cascade_boom/boom.v Line: 176212)  (FMR_VLOG-063)
Status:   Elaborating design FpPipeline   ...  
Status:   Elaborating design FPUExeUnit   ...  
Status:   Elaborating design FPUUnit   ...  
Status:   Elaborating design FPU   ...  
Status:   Elaborating design FPUFMAPipe   ...  
Status:   Elaborating design MulAddRecFNPipe   ...  
Status:   Elaborating design MulAddRecFNToRaw_preMul   ...  
Warning: Signed to unsigned assignment occurs. (File: /hpc/home/connect.zzheng989/researchlib/VeriFlatten/eq_check/cascade_boom/boom.v Line: 177106)  (FMR_VLOG-063)
Warning: Signed to unsigned assignment occurs. (File: /hpc/home/connect.zzheng989/researchlib/VeriFlatten/eq_check/cascade_boom/boom.v Line: 177107)  (FMR_VLOG-063)
Warning: Signed to unsigned assignment occurs. (File: /hpc/home/connect.zzheng989/researchlib/VeriFlatten/eq_check/cascade_boom/boom.v Line: 177110)  (FMR_VLOG-063)
Warning: Signed to unsigned assignment occurs. (File: /hpc/home/connect.zzheng989/researchlib/VeriFlatten/eq_check/cascade_boom/boom.v Line: 177120)  (FMR_VLOG-063)
Warning: Signed to unsigned assignment occurs. (File: /hpc/home/connect.zzheng989/researchlib/VeriFlatten/eq_check/cascade_boom/boom.v Line: 177169)  (FMR_VLOG-063)
Warning: Signed to unsigned assignment occurs. (File: /hpc/home/connect.zzheng989/researchlib/VeriFlatten/eq_check/cascade_boom/boom.v Line: 177170)  (FMR_VLOG-063)
Status:   Elaborating design MulAddRecFNToRaw_postMul   ...  
Warning: Signed to unsigned assignment occurs. (File: /hpc/home/connect.zzheng989/researchlib/VeriFlatten/eq_check/cascade_boom/boom.v Line: 177227)  (FMR_VLOG-063)
Warning: Signed to unsigned assignment occurs. (File: /hpc/home/connect.zzheng989/researchlib/VeriFlatten/eq_check/cascade_boom/boom.v Line: 177434)  (FMR_VLOG-063)
Warning: Signed to unsigned assignment occurs. (File: /hpc/home/connect.zzheng989/researchlib/VeriFlatten/eq_check/cascade_boom/boom.v Line: 177513)  (FMR_VLOG-063)
Status:   Elaborating design RoundRawFNToRecFN   ...  
Status:   Elaborating design RoundAnyRawFNToRecFN_2   ...  
Warning: Signed to unsigned assignment occurs. (File: /hpc/home/connect.zzheng989/researchlib/VeriFlatten/eq_check/cascade_boom/boom.v Line: 177645)  (FMR_VLOG-063)
Status:   Elaborating design FMADecoder   ...  
Status:   Elaborating design FPUFMAPipe_1   ...  
Status:   Elaborating design MulAddRecFNPipe_1   ...  
Status:   Elaborating design MulAddRecFNToRaw_preMul_1   ...  
Warning: Signed to unsigned assignment occurs. (File: /hpc/home/connect.zzheng989/researchlib/VeriFlatten/eq_check/cascade_boom/boom.v Line: 178260)  (FMR_VLOG-063)
Warning: Signed to unsigned assignment occurs. (File: /hpc/home/connect.zzheng989/researchlib/VeriFlatten/eq_check/cascade_boom/boom.v Line: 178261)  (FMR_VLOG-063)
Warning: Signed to unsigned assignment occurs. (File: /hpc/home/connect.zzheng989/researchlib/VeriFlatten/eq_check/cascade_boom/boom.v Line: 178264)  (FMR_VLOG-063)
Warning: Signed to unsigned assignment occurs. (File: /hpc/home/connect.zzheng989/researchlib/VeriFlatten/eq_check/cascade_boom/boom.v Line: 178274)  (FMR_VLOG-063)
Warning: Signed to unsigned assignment occurs. (File: /hpc/home/connect.zzheng989/researchlib/VeriFlatten/eq_check/cascade_boom/boom.v Line: 178299)  (FMR_VLOG-063)
Warning: Signed to unsigned assignment occurs. (File: /hpc/home/connect.zzheng989/researchlib/VeriFlatten/eq_check/cascade_boom/boom.v Line: 178300)  (FMR_VLOG-063)
Status:   Elaborating design MulAddRecFNToRaw_postMul_1   ...  
Warning: Signed to unsigned assignment occurs. (File: /hpc/home/connect.zzheng989/researchlib/VeriFlatten/eq_check/cascade_boom/boom.v Line: 178357)  (FMR_VLOG-063)
Warning: Signed to unsigned assignment occurs. (File: /hpc/home/connect.zzheng989/researchlib/VeriFlatten/eq_check/cascade_boom/boom.v Line: 178464)  (FMR_VLOG-063)
Warning: Signed to unsigned assignment occurs. (File: /hpc/home/connect.zzheng989/researchlib/VeriFlatten/eq_check/cascade_boom/boom.v Line: 178517)  (FMR_VLOG-063)
Status:   Elaborating design RoundRawFNToRecFN_1   ...  
Status:   Elaborating design RoundAnyRawFNToRecFN_3   ...  
Warning: Signed to unsigned assignment occurs. (File: /hpc/home/connect.zzheng989/researchlib/VeriFlatten/eq_check/cascade_boom/boom.v Line: 178606)  (FMR_VLOG-063)
Status:   Elaborating design FPToInt   ...  
Status:   Elaborating design CompareRecFN   ...  
Status:   Elaborating design RecFNToIN   ...  
Status:   Elaborating design RecFNToIN_1   ...  
Status:   Elaborating design FPToFP   ...  
Status:   Elaborating design RecFNToRecFN   ...  
Status:   Elaborating design RoundAnyRawFNToRecFN_4   ...  
Warning: Signed to unsigned assignment occurs. (File: /hpc/home/connect.zzheng989/researchlib/VeriFlatten/eq_check/cascade_boom/boom.v Line: 179560)  (FMR_VLOG-063)
Warning: Signed to unsigned assignment occurs. (File: /hpc/home/connect.zzheng989/researchlib/VeriFlatten/eq_check/cascade_boom/boom.v Line: 179628)  (FMR_VLOG-063)
Status:   Elaborating design FDivSqrtUnit   ...  
Status:   Elaborating design UOPCodeFDivDecoder   ...  
Status:   Elaborating design RecFNToRecFN_1   ...  
Status:   Elaborating design RoundAnyRawFNToRecFN_5   ...  
Warning: Signed to unsigned assignment occurs. (File: /hpc/home/connect.zzheng989/researchlib/VeriFlatten/eq_check/cascade_boom/boom.v Line: 180563)  (FMR_VLOG-063)
Status:   Elaborating design DivSqrtRecF64   ...  
Status:   Elaborating design DivSqrtRecF64_mulAddZ31   ...  
Status:   Elaborating design DivSqrtRecF64ToRaw_mulAddZ31   ...  
Warning: Signed to unsigned assignment occurs. (File: /hpc/home/connect.zzheng989/researchlib/VeriFlatten/eq_check/cascade_boom/boom.v Line: 180748)  (FMR_VLOG-063)
Warning: Signed to unsigned assignment occurs. (File: /hpc/home/connect.zzheng989/researchlib/VeriFlatten/eq_check/cascade_boom/boom.v Line: 181126)  (FMR_VLOG-063)
Warning: Signed to unsigned assignment occurs. (File: /hpc/home/connect.zzheng989/researchlib/VeriFlatten/eq_check/cascade_boom/boom.v Line: 181128)  (FMR_VLOG-063)
Warning: Signed to unsigned assignment occurs. (File: /hpc/home/connect.zzheng989/researchlib/VeriFlatten/eq_check/cascade_boom/boom.v Line: 181129)  (FMR_VLOG-063)
Warning: Signed to unsigned assignment occurs. (File: /hpc/home/connect.zzheng989/researchlib/VeriFlatten/eq_check/cascade_boom/boom.v Line: 181130)  (FMR_VLOG-063)
Warning: Signed to unsigned assignment occurs. (File: /hpc/home/connect.zzheng989/researchlib/VeriFlatten/eq_check/cascade_boom/boom.v Line: 181132)  (FMR_VLOG-063)
Warning: Signed to unsigned assignment occurs. (File: /hpc/home/connect.zzheng989/researchlib/VeriFlatten/eq_check/cascade_boom/boom.v Line: 181133)  (FMR_VLOG-063)
Warning: Signed to unsigned assignment occurs. (File: /hpc/home/connect.zzheng989/researchlib/VeriFlatten/eq_check/cascade_boom/boom.v Line: 181152)  (FMR_VLOG-063)
Status:   Elaborating design RoundRawFNToRecFN_2   ...  
Status:   Elaborating design RoundAnyRawFNToRecFN_7   ...  
Warning: Signed to unsigned assignment occurs. (File: /hpc/home/connect.zzheng989/researchlib/VeriFlatten/eq_check/cascade_boom/boom.v Line: 181564)  (FMR_VLOG-063)
Status:   Elaborating design Mul54   ...  
Status:   Elaborating design BranchKillableQueue_4   ...  
Status:   Elaborating design BranchKillableQueue_5   ...  
Status:   Elaborating design Arbiter_16   ...  
Status:   Elaborating design IssueUnitCollapsing   ...  
Status:   Elaborating design IssueSlot   ...  
Status:   Elaborating design RegisterFileSynthesizable   ...  
Status:   Elaborating design RegisterRead   ...  
Status:   Elaborating design RegisterReadDecode   ...  
Status:   Elaborating design DecodeUnit   ...  
Status:   Elaborating design BranchMaskGenerationLogic   ...  
Status:   Elaborating design RenameStage   ...  
Status:   Elaborating design RenameMapTable   ...  
Status:   Elaborating design RenameFreeList   ...  
Status:   Elaborating design RenameBusyTable   ...  
Status:   Elaborating design RenameStage_1   ...  
Status:   Elaborating design RenameMapTable_1   ...  
Status:   Elaborating design RenameFreeList_1   ...  
Status:   Elaborating design RenameBusyTable_1   ...  
Status:   Elaborating design IssueUnitCollapsing_1   ...  
Status:   Elaborating design IssueSlot_16   ...  
Status:   Elaborating design IssueUnitCollapsing_2   ...  
Status:   Elaborating design BasicDispatcher   ...  
Status:   Elaborating design RegisterFileSynthesizable_1   ...  
Status:   Elaborating design Arbiter_18   ...  
Status:   Elaborating design RegisterRead_1   ...  
Status:   Elaborating design RegisterReadDecode_1   ...  
Status:   Elaborating design RegisterReadDecode_2   ...  
Status:   Elaborating design RegisterReadDecode_3   ...  
Status:   Elaborating design Rob   ...  
Status:   Elaborating design rob_debug_inst_mem   ...  
Status:   Elaborating design rob_debug_inst_mem_ext   ...  
Status:   Elaborating design split_rob_debug_inst_mem_ext   ...  
Status:   Elaborating design CSRFile   ...  
Status:   Elaborating design Arbiter_19   ...  
Status:   Elaborating design LSU   ...  
Status:   Elaborating design NBDTLB   ...  
Warning: Signed to unsigned assignment occurs. (File: /hpc/home/connect.zzheng989/researchlib/VeriFlatten/eq_check/cascade_boom/boom.v Line: 266107)  (FMR_VLOG-063)
Warning: Signed to unsigned assignment occurs. (File: /hpc/home/connect.zzheng989/researchlib/VeriFlatten/eq_check/cascade_boom/boom.v Line: 266111)  (FMR_VLOG-063)
Warning: Signed to unsigned assignment occurs. (File: /hpc/home/connect.zzheng989/researchlib/VeriFlatten/eq_check/cascade_boom/boom.v Line: 266115)  (FMR_VLOG-063)
Warning: Signed to unsigned assignment occurs. (File: /hpc/home/connect.zzheng989/researchlib/VeriFlatten/eq_check/cascade_boom/boom.v Line: 266119)  (FMR_VLOG-063)
Warning: Signed to unsigned assignment occurs. (File: /hpc/home/connect.zzheng989/researchlib/VeriFlatten/eq_check/cascade_boom/boom.v Line: 266123)  (FMR_VLOG-063)
Warning: Signed to unsigned assignment occurs. (File: /hpc/home/connect.zzheng989/researchlib/VeriFlatten/eq_check/cascade_boom/boom.v Line: 266127)  (FMR_VLOG-063)
Warning: Signed to unsigned assignment occurs. (File: /hpc/home/connect.zzheng989/researchlib/VeriFlatten/eq_check/cascade_boom/boom.v Line: 266131)  (FMR_VLOG-063)
Warning: Signed to unsigned assignment occurs. (File: /hpc/home/connect.zzheng989/researchlib/VeriFlatten/eq_check/cascade_boom/boom.v Line: 266135)  (FMR_VLOG-063)
Warning: Signed to unsigned assignment occurs. (File: /hpc/home/connect.zzheng989/researchlib/VeriFlatten/eq_check/cascade_boom/boom.v Line: 266139)  (FMR_VLOG-063)
Warning: Signed to unsigned assignment occurs. (File: /hpc/home/connect.zzheng989/researchlib/VeriFlatten/eq_check/cascade_boom/boom.v Line: 266144)  (FMR_VLOG-063)
Warning: Signed to unsigned assignment occurs. (File: /hpc/home/connect.zzheng989/researchlib/VeriFlatten/eq_check/cascade_boom/boom.v Line: 266147)  (FMR_VLOG-063)
Warning: Signed to unsigned assignment occurs. (File: /hpc/home/connect.zzheng989/researchlib/VeriFlatten/eq_check/cascade_boom/boom.v Line: 266149)  (FMR_VLOG-063)
Warning: Signed to unsigned assignment occurs. (File: /hpc/home/connect.zzheng989/researchlib/VeriFlatten/eq_check/cascade_boom/boom.v Line: 266151)  (FMR_VLOG-063)
Warning: Signed to unsigned assignment occurs. (File: /hpc/home/connect.zzheng989/researchlib/VeriFlatten/eq_check/cascade_boom/boom.v Line: 266153)  (FMR_VLOG-063)
Warning: Signed to unsigned assignment occurs. (File: /hpc/home/connect.zzheng989/researchlib/VeriFlatten/eq_check/cascade_boom/boom.v Line: 266157)  (FMR_VLOG-063)
Warning: Signed to unsigned assignment occurs. (File: /hpc/home/connect.zzheng989/researchlib/VeriFlatten/eq_check/cascade_boom/boom.v Line: 266162)  (FMR_VLOG-063)
Warning: Signed to unsigned assignment occurs. (File: /hpc/home/connect.zzheng989/researchlib/VeriFlatten/eq_check/cascade_boom/boom.v Line: 266164)  (FMR_VLOG-063)
Warning: Signed to unsigned assignment occurs. (File: /hpc/home/connect.zzheng989/researchlib/VeriFlatten/eq_check/cascade_boom/boom.v Line: 266167)  (FMR_VLOG-063)
Warning: Signed to unsigned assignment occurs. (File: /hpc/home/connect.zzheng989/researchlib/VeriFlatten/eq_check/cascade_boom/boom.v Line: 266169)  (FMR_VLOG-063)
Warning: Signed to unsigned assignment occurs. (File: /hpc/home/connect.zzheng989/researchlib/VeriFlatten/eq_check/cascade_boom/boom.v Line: 266176)  (FMR_VLOG-063)
Status:   Elaborating design OptimizationBarrier_14   ...  
Status:   Elaborating design PMPChecker_1   ...  
Status:   Elaborating design ForwardingAgeLogic   ...  
Status:   Elaborating design PTW   ...  
Warning: Signed to unsigned assignment occurs. (File: /hpc/home/connect.zzheng989/researchlib/VeriFlatten/eq_check/cascade_boom/boom.v Line: 292415)  (FMR_VLOG-063)
Warning: Signed to unsigned assignment occurs. (File: /hpc/home/connect.zzheng989/researchlib/VeriFlatten/eq_check/cascade_boom/boom.v Line: 292419)  (FMR_VLOG-063)
Warning: Signed to unsigned assignment occurs. (File: /hpc/home/connect.zzheng989/researchlib/VeriFlatten/eq_check/cascade_boom/boom.v Line: 292423)  (FMR_VLOG-063)
Warning: Signed to unsigned assignment occurs. (File: /hpc/home/connect.zzheng989/researchlib/VeriFlatten/eq_check/cascade_boom/boom.v Line: 292429)  (FMR_VLOG-063)
Warning: Signed to unsigned assignment occurs. (File: /hpc/home/connect.zzheng989/researchlib/VeriFlatten/eq_check/cascade_boom/boom.v Line: 292433)  (FMR_VLOG-063)
Warning: Signed to unsigned assignment occurs. (File: /hpc/home/connect.zzheng989/researchlib/VeriFlatten/eq_check/cascade_boom/boom.v Line: 292437)  (FMR_VLOG-063)
Warning: Signed to unsigned assignment occurs. (File: /hpc/home/connect.zzheng989/researchlib/VeriFlatten/eq_check/cascade_boom/boom.v Line: 292441)  (FMR_VLOG-063)
Warning: Signed to unsigned assignment occurs. (File: /hpc/home/connect.zzheng989/researchlib/VeriFlatten/eq_check/cascade_boom/boom.v Line: 292445)  (FMR_VLOG-063)
Status:   Elaborating design Arbiter_20   ...  
Status:   Elaborating design l2_tlb_ram   ...  
Status:   Elaborating design l2_tlb_ram_ext   ...  
Status:   Elaborating design split_l2_tlb_ram_ext   ...  
Status:   Elaborating design OptimizationBarrier_35   ...  
Status:   Elaborating design OptimizationBarrier_36   ...  
Status:   Elaborating design HellaCacheArbiter   ...  
Status:  Implementing inferred operators...
Top design set to 'i:/WORK/BoomTile' with warnings
   ATTENTION: RTL interpretation messages were produced during link.
              Verification results may disagree with a logic simulator.

************ RTL Interpretation Summary ************
************ Design: i:/WORK/BoomTile
68 FMR_ELAB-147 messages produced   

Please refer to the Formality log file for more details,
or execute report_hdlin_mismatches.
****************************************************

Implementation design set to 'i:/WORK/BoomTile'
1
read_sverilog -r -17 f_boom.v
No target library specified, default is WORK
Loading verilog file '/hpc/home/connect.zzheng989/researchlib/VeriFlatten/eq_check/cascade_boom/f_boom.v'
Current container set to 'r'
1
set_top BoomTile
Setting top design to 'r:/WORK/BoomTile'
Status:   Elaborating design BoomTile   ...  
Warning: Signed to unsigned assignment occurs. (File: /hpc/home/connect.zzheng989/researchlib/VeriFlatten/eq_check/cascade_boom/f_boom.v Line: 105123)  (FMR_VLOG-063)
Warning: Signed to unsigned assignment occurs. (File: /hpc/home/connect.zzheng989/researchlib/VeriFlatten/eq_check/cascade_boom/f_boom.v Line: 105280)  (FMR_VLOG-063)
Warning: Signed to unsigned assignment occurs. (File: /hpc/home/connect.zzheng989/researchlib/VeriFlatten/eq_check/cascade_boom/f_boom.v Line: 105475)  (FMR_VLOG-063)
Warning: Signed to unsigned assignment occurs. (File: /hpc/home/connect.zzheng989/researchlib/VeriFlatten/eq_check/cascade_boom/f_boom.v Line: 105484)  (FMR_VLOG-063)
Warning: Signed to unsigned assignment occurs. (File: /hpc/home/connect.zzheng989/researchlib/VeriFlatten/eq_check/cascade_boom/f_boom.v Line: 105499)  (FMR_VLOG-063)
Warning: Signed to unsigned assignment occurs. (File: /hpc/home/connect.zzheng989/researchlib/VeriFlatten/eq_check/cascade_boom/f_boom.v Line: 105508)  (FMR_VLOG-063)
Warning: Signed to unsigned assignment occurs. (File: /hpc/home/connect.zzheng989/researchlib/VeriFlatten/eq_check/cascade_boom/f_boom.v Line: 105531)  (FMR_VLOG-063)
Warning: Signed to unsigned assignment occurs. (File: /hpc/home/connect.zzheng989/researchlib/VeriFlatten/eq_check/cascade_boom/f_boom.v Line: 105539)  (FMR_VLOG-063)
Warning: Signed to unsigned assignment occurs. (File: /hpc/home/connect.zzheng989/researchlib/VeriFlatten/eq_check/cascade_boom/f_boom.v Line: 105959)  (FMR_VLOG-063)
Warning: Signed to unsigned assignment occurs. (File: /hpc/home/connect.zzheng989/researchlib/VeriFlatten/eq_check/cascade_boom/f_boom.v Line: 105974)  (FMR_VLOG-063)
Warning: Signed to unsigned assignment occurs. (File: /hpc/home/connect.zzheng989/researchlib/VeriFlatten/eq_check/cascade_boom/f_boom.v Line: 106023)  (FMR_VLOG-063)
Warning: Signed to unsigned assignment occurs. (File: /hpc/home/connect.zzheng989/researchlib/VeriFlatten/eq_check/cascade_boom/f_boom.v Line: 106041)  (FMR_VLOG-063)
Warning: Signed to unsigned assignment occurs. (File: /hpc/home/connect.zzheng989/researchlib/VeriFlatten/eq_check/cascade_boom/f_boom.v Line: 121024)  (FMR_VLOG-063)
Warning: Signed to unsigned assignment occurs. (File: /hpc/home/connect.zzheng989/researchlib/VeriFlatten/eq_check/cascade_boom/f_boom.v Line: 121139)  (FMR_VLOG-063)
Warning: Signed to unsigned assignment occurs. (File: /hpc/home/connect.zzheng989/researchlib/VeriFlatten/eq_check/cascade_boom/f_boom.v Line: 121339)  (FMR_VLOG-063)
Warning: Signed to unsigned assignment occurs. (File: /hpc/home/connect.zzheng989/researchlib/VeriFlatten/eq_check/cascade_boom/f_boom.v Line: 121348)  (FMR_VLOG-063)
Warning: Signed to unsigned assignment occurs. (File: /hpc/home/connect.zzheng989/researchlib/VeriFlatten/eq_check/cascade_boom/f_boom.v Line: 121480)  (FMR_VLOG-063)
Warning: Signed to unsigned assignment occurs. (File: /hpc/home/connect.zzheng989/researchlib/VeriFlatten/eq_check/cascade_boom/f_boom.v Line: 121498)  (FMR_VLOG-063)
Warning: Signed to unsigned assignment occurs. (File: /hpc/home/connect.zzheng989/researchlib/VeriFlatten/eq_check/cascade_boom/f_boom.v Line: 121547)  (FMR_VLOG-063)
Warning: Signed to unsigned assignment occurs. (File: /hpc/home/connect.zzheng989/researchlib/VeriFlatten/eq_check/cascade_boom/f_boom.v Line: 121574)  (FMR_VLOG-063)
Warning: Signed to unsigned assignment occurs. (File: /hpc/home/connect.zzheng989/researchlib/VeriFlatten/eq_check/cascade_boom/f_boom.v Line: 121598)  (FMR_VLOG-063)
Warning: Signed to unsigned assignment occurs. (File: /hpc/home/connect.zzheng989/researchlib/VeriFlatten/eq_check/cascade_boom/f_boom.v Line: 121616)  (FMR_VLOG-063)
Warning: Signed to unsigned assignment occurs. (File: /hpc/home/connect.zzheng989/researchlib/VeriFlatten/eq_check/cascade_boom/f_boom.v Line: 121661)  (FMR_VLOG-063)
Warning: Signed to unsigned assignment occurs. (File: /hpc/home/connect.zzheng989/researchlib/VeriFlatten/eq_check/cascade_boom/f_boom.v Line: 121689)  (FMR_VLOG-063)
Warning: Signed to unsigned assignment occurs. (File: /hpc/home/connect.zzheng989/researchlib/VeriFlatten/eq_check/cascade_boom/f_boom.v Line: 121752)  (FMR_VLOG-063)
Warning: Signed to unsigned assignment occurs. (File: /hpc/home/connect.zzheng989/researchlib/VeriFlatten/eq_check/cascade_boom/f_boom.v Line: 121779)  (FMR_VLOG-063)
Warning: Signed to unsigned assignment occurs. (File: /hpc/home/connect.zzheng989/researchlib/VeriFlatten/eq_check/cascade_boom/f_boom.v Line: 121799)  (FMR_VLOG-063)
Warning: Signed to unsigned assignment occurs. (File: /hpc/home/connect.zzheng989/researchlib/VeriFlatten/eq_check/cascade_boom/f_boom.v Line: 121813)  (FMR_VLOG-063)
Warning: Signed to unsigned assignment occurs. (File: /hpc/home/connect.zzheng989/researchlib/VeriFlatten/eq_check/cascade_boom/f_boom.v Line: 121844)  (FMR_VLOG-063)
Warning: Signed to unsigned assignment occurs. (File: /hpc/home/connect.zzheng989/researchlib/VeriFlatten/eq_check/cascade_boom/f_boom.v Line: 121857)  (FMR_VLOG-063)
Warning: Index may take values outside array bound, may cause simulation mismatch .. (Signal: BoomTile___frontend___f3___ram_xcpt_ae_inst Block: /BoomTile File: /hpc/home/connect.zzheng989/researchlib/VeriFlatten/eq_check/cascade_boom/f_boom.v Line: 100991)  (FMR_ELAB-147)
Warning: Index may take values outside array bound, may cause simulation mismatch .. (Signal: BoomTile___frontend___f3___ram_data Block: /BoomTile File: /hpc/home/connect.zzheng989/researchlib/VeriFlatten/eq_check/cascade_boom/f_boom.v Line: 101003)  (FMR_ELAB-147)
Warning: Index may take values outside array bound, may cause simulation mismatch .. (Signal: BoomTile___frontend___f3___ram_ghist_old_history Block: /BoomTile File: /hpc/home/connect.zzheng989/researchlib/VeriFlatten/eq_check/cascade_boom/f_boom.v Line: 101006)  (FMR_ELAB-147)
Warning: Index may take values outside array bound, may cause simulation mismatch .. (Signal: BoomTile___frontend___f3___ram_ghist_old_history Block: /BoomTile File: /hpc/home/connect.zzheng989/researchlib/VeriFlatten/eq_check/cascade_boom/f_boom.v Line: 101007)  (FMR_ELAB-147)
Warning: Index may take values outside array bound, may cause simulation mismatch .. (Signal: BoomTile___frontend___f3___ram_ghist_ras_idx Block: /BoomTile File: /hpc/home/connect.zzheng989/researchlib/VeriFlatten/eq_check/cascade_boom/f_boom.v Line: 101015)  (FMR_ELAB-147)
Warning: Index may take values outside array bound, may cause simulation mismatch .. (Signal: BoomTile___frontend___f3___ram_ghist_ras_idx Block: /BoomTile File: /hpc/home/connect.zzheng989/researchlib/VeriFlatten/eq_check/cascade_boom/f_boom.v Line: 101017)  (FMR_ELAB-147)
Warning: Index may take values outside array bound, may cause simulation mismatch .. (Signal: BoomTile___frontend___f3___ram_mask Block: /BoomTile File: /hpc/home/connect.zzheng989/researchlib/VeriFlatten/eq_check/cascade_boom/f_boom.v Line: 101033)  (FMR_ELAB-147)
Warning: Index may take values outside array bound, may cause simulation mismatch .. (Signal: BoomTile___frontend___f3___ram_mask Block: /BoomTile File: /hpc/home/connect.zzheng989/researchlib/VeriFlatten/eq_check/cascade_boom/f_boom.v Line: 101034)  (FMR_ELAB-147)
Warning: Index may take values outside array bound, may cause simulation mismatch .. (Signal: BoomTile___frontend___f3_bpd_resp___ram_preds_0_taken Block: /BoomTile File: /hpc/home/connect.zzheng989/researchlib/VeriFlatten/eq_check/cascade_boom/f_boom.v Line: 101041)  (FMR_ELAB-147)
Warning: Index may take values outside array bound, may cause simulation mismatch .. (Signal: BoomTile___frontend___f3___ram_mask Block: /BoomTile File: /hpc/home/connect.zzheng989/researchlib/VeriFlatten/eq_check/cascade_boom/f_boom.v Line: 101046)  (FMR_ELAB-147)
Warning: Index may take values outside array bound, may cause simulation mismatch .. (Signal: BoomTile___frontend___f3_bpd_resp___ram_preds_1_taken Block: /BoomTile File: /hpc/home/connect.zzheng989/researchlib/VeriFlatten/eq_check/cascade_boom/f_boom.v Line: 101051)  (FMR_ELAB-147)
Warning: Index may take values outside array bound, may cause simulation mismatch .. (Signal: BoomTile___frontend___f3___ram_data Block: /BoomTile File: /hpc/home/connect.zzheng989/researchlib/VeriFlatten/eq_check/cascade_boom/f_boom.v Line: 101054)  (FMR_ELAB-147)
Warning: Index may take values outside array bound, may cause simulation mismatch .. (Signal: BoomTile___frontend___f3___ram_mask Block: /BoomTile File: /hpc/home/connect.zzheng989/researchlib/VeriFlatten/eq_check/cascade_boom/f_boom.v Line: 101057)  (FMR_ELAB-147)
Warning: Index may take values outside array bound, may cause simulation mismatch .. (Signal: BoomTile___frontend___f3_bpd_resp___ram_preds_2_taken Block: /BoomTile File: /hpc/home/connect.zzheng989/researchlib/VeriFlatten/eq_check/cascade_boom/f_boom.v Line: 101062)  (FMR_ELAB-147)
Warning: Index may take values outside array bound, may cause simulation mismatch .. (Signal: BoomTile___frontend___f3___ram_mask Block: /BoomTile File: /hpc/home/connect.zzheng989/researchlib/VeriFlatten/eq_check/cascade_boom/f_boom.v Line: 101069)  (FMR_ELAB-147)
Warning: Index may take values outside array bound, may cause simulation mismatch .. (Signal: BoomTile___frontend___f3_bpd_resp___ram_preds_3_predicted_pc_bits Block: /BoomTile File: /hpc/home/connect.zzheng989/researchlib/VeriFlatten/eq_check/cascade_boom/f_boom.v Line: 101080)  (FMR_ELAB-147)
Warning: Index may take values outside array bound, may cause simulation mismatch .. (Signal: BoomTile___frontend___f3_bpd_resp___ram_preds_2_predicted_pc_bits Block: /BoomTile File: /hpc/home/connect.zzheng989/researchlib/VeriFlatten/eq_check/cascade_boom/f_boom.v Line: 101083)  (FMR_ELAB-147)
Warning: Index may take values outside array bound, may cause simulation mismatch .. (Signal: BoomTile___frontend___f3_bpd_resp___ram_preds_1_predicted_pc_bits Block: /BoomTile File: /hpc/home/connect.zzheng989/researchlib/VeriFlatten/eq_check/cascade_boom/f_boom.v Line: 101086)  (FMR_ELAB-147)
Warning: Index may take values outside array bound, may cause simulation mismatch .. (Signal: BoomTile___frontend___f3_bpd_resp___ram_preds_0_predicted_pc_bits Block: /BoomTile File: /hpc/home/connect.zzheng989/researchlib/VeriFlatten/eq_check/cascade_boom/f_boom.v Line: 101088)  (FMR_ELAB-147)
Warning: Index may take values outside array bound, may cause simulation mismatch .. (Signal: BoomTile___frontend___f3___ram_pc Block: /BoomTile File: /hpc/home/connect.zzheng989/researchlib/VeriFlatten/eq_check/cascade_boom/f_boom.v Line: 101089)  (FMR_ELAB-147)
Warning: Index may take values outside array bound, may cause simulation mismatch .. (Signal: BoomTile___frontend___f3___ram_ghist_old_history Block: /BoomTile File: /hpc/home/connect.zzheng989/researchlib/VeriFlatten/eq_check/cascade_boom/f_boom.v Line: 101094)  (FMR_ELAB-147)
Warning: Index may take values outside array bound, may cause simulation mismatch .. (Signal: BoomTile___frontend___f3___ram_ghist_current_saw_branch_not_taken Block: /BoomTile File: /hpc/home/connect.zzheng989/researchlib/VeriFlatten/eq_check/cascade_boom/f_boom.v Line: 101095)  (FMR_ELAB-147)
Warning: Index may take values outside array bound, may cause simulation mismatch .. (Signal: BoomTile___frontend___f3_bpd_resp___ram_preds_0_predicted_pc_valid Block: /BoomTile File: /hpc/home/connect.zzheng989/researchlib/VeriFlatten/eq_check/cascade_boom/f_boom.v Line: 101162)  (FMR_ELAB-147)
Warning: Index may take values outside array bound, may cause simulation mismatch .. (Signal: BoomTile___frontend___f3_bpd_resp___ram_preds_1_predicted_pc_valid Block: /BoomTile File: /hpc/home/connect.zzheng989/researchlib/VeriFlatten/eq_check/cascade_boom/f_boom.v Line: 101164)  (FMR_ELAB-147)
Warning: Index may take values outside array bound, may cause simulation mismatch .. (Signal: BoomTile___frontend___f3_bpd_resp___ram_preds_2_predicted_pc_valid Block: /BoomTile File: /hpc/home/connect.zzheng989/researchlib/VeriFlatten/eq_check/cascade_boom/f_boom.v Line: 101166)  (FMR_ELAB-147)
Warning: Index may take values outside array bound, may cause simulation mismatch .. (Signal: BoomTile___frontend___f3_bpd_resp___ram_preds_3_predicted_pc_valid Block: /BoomTile File: /hpc/home/connect.zzheng989/researchlib/VeriFlatten/eq_check/cascade_boom/f_boom.v Line: 101168)  (FMR_ELAB-147)
Warning: Index may take values outside array bound, may cause simulation mismatch .. (Signal: BoomTile___frontend___f3___ram_ghist_ras_idx Block: /BoomTile File: /hpc/home/connect.zzheng989/researchlib/VeriFlatten/eq_check/cascade_boom/f_boom.v Line: 101172)  (FMR_ELAB-147)
Warning: Index may take values outside array bound, may cause simulation mismatch .. (Signal: BoomTile___frontend___f3___ram_xcpt_ae_inst Block: /BoomTile File: /hpc/home/connect.zzheng989/researchlib/VeriFlatten/eq_check/cascade_boom/f_boom.v Line: 101175)  (FMR_ELAB-147)
Warning: Index may take values outside array bound, may cause simulation mismatch .. (Signal: BoomTile___frontend___f3___ram_xcpt_pf_inst Block: /BoomTile File: /hpc/home/connect.zzheng989/researchlib/VeriFlatten/eq_check/cascade_boom/f_boom.v Line: 101176)  (FMR_ELAB-147)
Warning: Index may take values outside array bound, may cause simulation mismatch .. (Signal: BoomTile___frontend___f4___ram_xcpt_ae_if Block: /BoomTile File: /hpc/home/connect.zzheng989/researchlib/VeriFlatten/eq_check/cascade_boom/f_boom.v Line: 101178)  (FMR_ELAB-147)
Warning: Index may take values outside array bound, may cause simulation mismatch .. (Signal: BoomTile___frontend___f4___ram_xcpt_pf_if Block: /BoomTile File: /hpc/home/connect.zzheng989/researchlib/VeriFlatten/eq_check/cascade_boom/f_boom.v Line: 101179)  (FMR_ELAB-147)
Warning: Index may take values outside array bound, may cause simulation mismatch .. (Signal: BoomTile___frontend___f4___ram_cfi_idx_valid Block: /BoomTile File: /hpc/home/connect.zzheng989/researchlib/VeriFlatten/eq_check/cascade_boom/f_boom.v Line: 101180)  (FMR_ELAB-147)
Warning: Index may take values outside array bound, may cause simulation mismatch .. (Signal: BoomTile___frontend___f4___ram_sfbs_0 Block: /BoomTile File: /hpc/home/connect.zzheng989/researchlib/VeriFlatten/eq_check/cascade_boom/f_boom.v Line: 101181)  (FMR_ELAB-147)
Warning: Index may take values outside array bound, may cause simulation mismatch .. (Signal: BoomTile___frontend___f4___ram_sfbs_1 Block: /BoomTile File: /hpc/home/connect.zzheng989/researchlib/VeriFlatten/eq_check/cascade_boom/f_boom.v Line: 101182)  (FMR_ELAB-147)
Warning: Index may take values outside array bound, may cause simulation mismatch .. (Signal: BoomTile___frontend___f4___ram_sfbs_2 Block: /BoomTile File: /hpc/home/connect.zzheng989/researchlib/VeriFlatten/eq_check/cascade_boom/f_boom.v Line: 101183)  (FMR_ELAB-147)
Warning: Index may take values outside array bound, may cause simulation mismatch .. (Signal: BoomTile___frontend___f4___ram_sfbs_3 Block: /BoomTile File: /hpc/home/connect.zzheng989/researchlib/VeriFlatten/eq_check/cascade_boom/f_boom.v Line: 101184)  (FMR_ELAB-147)
Warning: Index may take values outside array bound, may cause simulation mismatch .. (Signal: BoomTile___frontend___f4___ram_xcpt_ae_if Block: /BoomTile File: /hpc/home/connect.zzheng989/researchlib/VeriFlatten/eq_check/cascade_boom/f_boom.v Line: 101185)  (FMR_ELAB-147)
Warning: Index may take values outside array bound, may cause simulation mismatch .. (Signal: BoomTile___frontend___f3___ram_data Block: /BoomTile File: /hpc/home/connect.zzheng989/researchlib/VeriFlatten/eq_check/cascade_boom/f_boom.v Line: 101212)  (FMR_ELAB-147)
Warning: Index may take values outside array bound, may cause simulation mismatch .. (Signal: BoomTile___frontend___f3___ram_data Block: /BoomTile File: /hpc/home/connect.zzheng989/researchlib/VeriFlatten/eq_check/cascade_boom/f_boom.v Line: 101213)  (FMR_ELAB-147)
Warning: Index may take values outside array bound, may cause simulation mismatch .. (Signal: BoomTile___frontend___f3___ram_data Block: /BoomTile File: /hpc/home/connect.zzheng989/researchlib/VeriFlatten/eq_check/cascade_boom/f_boom.v Line: 101243)  (FMR_ELAB-147)
Warning: Index may take values outside array bound, may cause simulation mismatch .. (Signal: BoomTile___frontend___f3___ram_data Block: /BoomTile File: /hpc/home/connect.zzheng989/researchlib/VeriFlatten/eq_check/cascade_boom/f_boom.v Line: 101258)  (FMR_ELAB-147)
Warning: Index may take values outside array bound, may cause simulation mismatch .. (Signal: BoomTile___frontend___f3___ram_data Block: /BoomTile File: /hpc/home/connect.zzheng989/researchlib/VeriFlatten/eq_check/cascade_boom/f_boom.v Line: 101265)  (FMR_ELAB-147)
Warning: Index may take values outside array bound, may cause simulation mismatch .. (Signal: BoomTile___frontend___f3___ram_data Block: /BoomTile File: /hpc/home/connect.zzheng989/researchlib/VeriFlatten/eq_check/cascade_boom/f_boom.v Line: 101267)  (FMR_ELAB-147)
Warning: Index may take values outside array bound, may cause simulation mismatch .. (Signal: BoomTile___frontend___f3___ram_pc Block: /BoomTile File: /hpc/home/connect.zzheng989/researchlib/VeriFlatten/eq_check/cascade_boom/f_boom.v Line: 101269)  (FMR_ELAB-147)
Warning: Index may take values outside array bound, may cause simulation mismatch .. (Signal: BoomTile___frontend___f3___ram_data Block: /BoomTile File: /hpc/home/connect.zzheng989/researchlib/VeriFlatten/eq_check/cascade_boom/f_boom.v Line: 101270)  (FMR_ELAB-147)
Warning: Index may take values outside array bound, may cause simulation mismatch .. (Signal: BoomTile___frontend___f3___ram_data Block: /BoomTile File: /hpc/home/connect.zzheng989/researchlib/VeriFlatten/eq_check/cascade_boom/f_boom.v Line: 101272)  (FMR_ELAB-147)
Warning: Index may take values outside array bound, may cause simulation mismatch .. (Signal: BoomTile___frontend___f3___ram_data Block: /BoomTile File: /hpc/home/connect.zzheng989/researchlib/VeriFlatten/eq_check/cascade_boom/f_boom.v Line: 101287)  (FMR_ELAB-147)
Warning: Index may take values outside array bound, may cause simulation mismatch .. (Signal: BoomTile___frontend___f3___ram_data Block: /BoomTile File: /hpc/home/connect.zzheng989/researchlib/VeriFlatten/eq_check/cascade_boom/f_boom.v Line: 101294)  (FMR_ELAB-147)
Warning: Index may take values outside array bound, may cause simulation mismatch .. (Signal: BoomTile___frontend___f3___ram_data Block: /BoomTile File: /hpc/home/connect.zzheng989/researchlib/VeriFlatten/eq_check/cascade_boom/f_boom.v Line: 101296)  (FMR_ELAB-147)
Warning: Index may take values outside array bound, may cause simulation mismatch .. (Signal: BoomTile___frontend___f3___ram_data Block: /BoomTile File: /hpc/home/connect.zzheng989/researchlib/VeriFlatten/eq_check/cascade_boom/f_boom.v Line: 101299)  (FMR_ELAB-147)
Warning: Index may take values outside array bound, may cause simulation mismatch .. (Signal: BoomTile___frontend___f3___ram_data Block: /BoomTile File: /hpc/home/connect.zzheng989/researchlib/VeriFlatten/eq_check/cascade_boom/f_boom.v Line: 101301)  (FMR_ELAB-147)
Warning: Index may take values outside array bound, may cause simulation mismatch .. (Signal: BoomTile___frontend___f3___ram_data Block: /BoomTile File: /hpc/home/connect.zzheng989/researchlib/VeriFlatten/eq_check/cascade_boom/f_boom.v Line: 101316)  (FMR_ELAB-147)
Warning: Index may take values outside array bound, may cause simulation mismatch .. (Signal: BoomTile___frontend___f3___ram_data Block: /BoomTile File: /hpc/home/connect.zzheng989/researchlib/VeriFlatten/eq_check/cascade_boom/f_boom.v Line: 101323)  (FMR_ELAB-147)
Warning: Index may take values outside array bound, may cause simulation mismatch .. (Signal: BoomTile___frontend___f3___ram_data Block: /BoomTile File: /hpc/home/connect.zzheng989/researchlib/VeriFlatten/eq_check/cascade_boom/f_boom.v Line: 101325)  (FMR_ELAB-147)
Warning: Index may take values outside array bound, may cause simulation mismatch .. (Signal: BoomTile___frontend___f3___ram_data Block: /BoomTile File: /hpc/home/connect.zzheng989/researchlib/VeriFlatten/eq_check/cascade_boom/f_boom.v Line: 101330)  (FMR_ELAB-147)
Warning: Index may take values outside array bound, may cause simulation mismatch .. (Signal: BoomTile___frontend___f3___ram_data Block: /BoomTile File: /hpc/home/connect.zzheng989/researchlib/VeriFlatten/eq_check/cascade_boom/f_boom.v Line: 101345)  (FMR_ELAB-147)
Warning: Index may take values outside array bound, may cause simulation mismatch .. (Signal: BoomTile___frontend___f3___ram_data Block: /BoomTile File: /hpc/home/connect.zzheng989/researchlib/VeriFlatten/eq_check/cascade_boom/f_boom.v Line: 101352)  (FMR_ELAB-147)
Warning: Index may take values outside array bound, may cause simulation mismatch .. (Signal: BoomTile___frontend___f3___ram_data Block: /BoomTile File: /hpc/home/connect.zzheng989/researchlib/VeriFlatten/eq_check/cascade_boom/f_boom.v Line: 101354)  (FMR_ELAB-147)
Warning: Index may take values outside array bound, may cause simulation mismatch .. (Signal: BoomTile___frontend___f3_bpd_resp___ram_preds_3_taken Block: /BoomTile File: /hpc/home/connect.zzheng989/researchlib/VeriFlatten/eq_check/cascade_boom/f_boom.v Line: 101376)  (FMR_ELAB-147)
Warning: Index may take values outside array bound, may cause simulation mismatch .. (Signal: BoomTile___frontend___f3___ram_fsrc Block: /BoomTile File: /hpc/home/connect.zzheng989/researchlib/VeriFlatten/eq_check/cascade_boom/f_boom.v Line: 101390)  (FMR_ELAB-147)
Warning: Index may take values outside array bound, may cause simulation mismatch .. (Signal: BoomTile___frontend___f3___ram_fsrc Block: /BoomTile File: /hpc/home/connect.zzheng989/researchlib/VeriFlatten/eq_check/cascade_boom/f_boom.v Line: 101391)  (FMR_ELAB-147)
Warning: Index may take values outside array bound, may cause simulation mismatch .. (Signal: BoomTile___frontend___f3_bpd_resp___ram_pc Block: /BoomTile File: /hpc/home/connect.zzheng989/researchlib/VeriFlatten/eq_check/cascade_boom/f_boom.v Line: 103635)  (FMR_ELAB-147)
Warning: Index may take values outside array bound, may cause simulation mismatch .. (Signal: BoomTile___frontend___f3_bpd_resp___ram_meta_0 Block: /BoomTile File: /hpc/home/connect.zzheng989/researchlib/VeriFlatten/eq_check/cascade_boom/f_boom.v Line: 103636)  (FMR_ELAB-147)
Warning: Index may take values outside array bound, may cause simulation mismatch .. (Signal: BoomTile___frontend___f3___ram_data Block: /BoomTile File: /hpc/home/connect.zzheng989/researchlib/VeriFlatten/eq_check/cascade_boom/f_boom.v Line: 103675)  (FMR_ELAB-147)
Warning: Index may take values outside array bound, may cause simulation mismatch .. (Signal: BoomTile___frontend___f3___ram_data Block: /BoomTile File: /hpc/home/connect.zzheng989/researchlib/VeriFlatten/eq_check/cascade_boom/f_boom.v Line: 103677)  (FMR_ELAB-147)
Warning: Index may take values outside array bound, may cause simulation mismatch .. (Signal: BoomTile___frontend___f3___ram_data Block: /BoomTile File: /hpc/home/connect.zzheng989/researchlib/VeriFlatten/eq_check/cascade_boom/f_boom.v Line: 103679)  (FMR_ELAB-147)
Warning: Index may take values outside array bound, may cause simulation mismatch .. (Signal: BoomTile___frontend___f3___ram_data Block: /BoomTile File: /hpc/home/connect.zzheng989/researchlib/VeriFlatten/eq_check/cascade_boom/f_boom.v Line: 103682)  (FMR_ELAB-147)
Warning: Index may take values outside array bound, may cause simulation mismatch .. (Signal: BoomTile___frontend___f3___ram_data Block: /BoomTile File: /hpc/home/connect.zzheng989/researchlib/VeriFlatten/eq_check/cascade_boom/f_boom.v Line: 103686)  (FMR_ELAB-147)
Warning: Index may take values outside array bound, may cause simulation mismatch .. (Signal: BoomTile___frontend___f3___ram_data Block: /BoomTile File: /hpc/home/connect.zzheng989/researchlib/VeriFlatten/eq_check/cascade_boom/f_boom.v Line: 103687)  (FMR_ELAB-147)
Warning: Index may take values outside array bound, may cause simulation mismatch .. (Signal: BoomTile___frontend___f3___ram_data Block: /BoomTile File: /hpc/home/connect.zzheng989/researchlib/VeriFlatten/eq_check/cascade_boom/f_boom.v Line: 103691)  (FMR_ELAB-147)
Warning: Index may take values outside array bound, may cause simulation mismatch .. (Signal: BoomTile___frontend___f3___ram_data Block: /BoomTile File: /hpc/home/connect.zzheng989/researchlib/VeriFlatten/eq_check/cascade_boom/f_boom.v Line: 103693)  (FMR_ELAB-147)
Warning: Index may take values outside array bound, may cause simulation mismatch .. (Signal: BoomTile___frontend___f3___ram_data Block: /BoomTile File: /hpc/home/connect.zzheng989/researchlib/VeriFlatten/eq_check/cascade_boom/f_boom.v Line: 103694)  (FMR_ELAB-147)
Warning: Index may take values outside array bound, may cause simulation mismatch .. (Signal: BoomTile___frontend___f3___ram_data Block: /BoomTile File: /hpc/home/connect.zzheng989/researchlib/VeriFlatten/eq_check/cascade_boom/f_boom.v Line: 103695)  (FMR_ELAB-147)
Warning: Index may take values outside array bound, may cause simulation mismatch .. (Signal: BoomTile___frontend___f3___ram_data Block: /BoomTile File: /hpc/home/connect.zzheng989/researchlib/VeriFlatten/eq_check/cascade_boom/f_boom.v Line: 103699)  (FMR_ELAB-147)
Warning: Index may take values outside array bound, may cause simulation mismatch .. (Signal: BoomTile___frontend___f3___ram_data Block: /BoomTile File: /hpc/home/connect.zzheng989/researchlib/VeriFlatten/eq_check/cascade_boom/f_boom.v Line: 103700)  (FMR_ELAB-147)
Warning: Index may take values outside array bound, may cause simulation mismatch .. (Signal: BoomTile___frontend___f3___ram_data Block: /BoomTile File: /hpc/home/connect.zzheng989/researchlib/VeriFlatten/eq_check/cascade_boom/f_boom.v Line: 103705)  (FMR_ELAB-147)
Warning: Index may take values outside array bound, may cause simulation mismatch .. (Signal: BoomTile___frontend___f3___ram_data Block: /BoomTile File: /hpc/home/connect.zzheng989/researchlib/VeriFlatten/eq_check/cascade_boom/f_boom.v Line: 103707)  (FMR_ELAB-147)
Warning: Index may take values outside array bound, may cause simulation mismatch .. (Signal: BoomTile___frontend___f3___ram_data Block: /BoomTile File: /hpc/home/connect.zzheng989/researchlib/VeriFlatten/eq_check/cascade_boom/f_boom.v Line: 103747)  (FMR_ELAB-147)
Warning: Index may take values outside array bound, may cause simulation mismatch .. (Signal: BoomTile___frontend___f3___ram_data Block: /BoomTile File: /hpc/home/connect.zzheng989/researchlib/VeriFlatten/eq_check/cascade_boom/f_boom.v Line: 103749)  (FMR_ELAB-147)
Warning: Index may take values outside array bound, may cause simulation mismatch .. (Signal: BoomTile___frontend___f3___ram_data Block: /BoomTile File: /hpc/home/connect.zzheng989/researchlib/VeriFlatten/eq_check/cascade_boom/f_boom.v Line: 103751)  (FMR_ELAB-147)
Warning: Index may take values outside array bound, may cause simulation mismatch .. (Signal: BoomTile___frontend___f3___ram_data Block: /BoomTile File: /hpc/home/connect.zzheng989/researchlib/VeriFlatten/eq_check/cascade_boom/f_boom.v Line: 103754)  (FMR_ELAB-147)
Warning: Index may take values outside array bound, may cause simulation mismatch .. (Signal: BoomTile___frontend___f3___ram_data Block: /BoomTile File: /hpc/home/connect.zzheng989/researchlib/VeriFlatten/eq_check/cascade_boom/f_boom.v Line: 103758)  (FMR_ELAB-147)
Warning: Index may take values outside array bound, may cause simulation mismatch .. (Signal: BoomTile___frontend___f3___ram_data Block: /BoomTile File: /hpc/home/connect.zzheng989/researchlib/VeriFlatten/eq_check/cascade_boom/f_boom.v Line: 103759)  (FMR_ELAB-147)
Warning: Index may take values outside array bound, may cause simulation mismatch .. (Signal: BoomTile___frontend___f3___ram_data Block: /BoomTile File: /hpc/home/connect.zzheng989/researchlib/VeriFlatten/eq_check/cascade_boom/f_boom.v Line: 103763)  (FMR_ELAB-147)
Warning: Index may take values outside array bound, may cause simulation mismatch .. (Signal: BoomTile___frontend___f3___ram_data Block: /BoomTile File: /hpc/home/connect.zzheng989/researchlib/VeriFlatten/eq_check/cascade_boom/f_boom.v Line: 103765)  (FMR_ELAB-147)
Warning: Index may take values outside array bound, may cause simulation mismatch .. (Signal: BoomTile___frontend___f3___ram_data Block: /BoomTile File: /hpc/home/connect.zzheng989/researchlib/VeriFlatten/eq_check/cascade_boom/f_boom.v Line: 103766)  (FMR_ELAB-147)
Warning: Index may take values outside array bound, may cause simulation mismatch .. (Signal: BoomTile___frontend___f3___ram_data Block: /BoomTile File: /hpc/home/connect.zzheng989/researchlib/VeriFlatten/eq_check/cascade_boom/f_boom.v Line: 103767)  (FMR_ELAB-147)
Warning: Index may take values outside array bound, may cause simulation mismatch .. (Signal: BoomTile___frontend___f3___ram_data Block: /BoomTile File: /hpc/home/connect.zzheng989/researchlib/VeriFlatten/eq_check/cascade_boom/f_boom.v Line: 103771)  (FMR_ELAB-147)
Warning: Index may take values outside array bound, may cause simulation mismatch .. (Signal: BoomTile___frontend___f3___ram_data Block: /BoomTile File: /hpc/home/connect.zzheng989/researchlib/VeriFlatten/eq_check/cascade_boom/f_boom.v Line: 103772)  (FMR_ELAB-147)
Warning: Index may take values outside array bound, may cause simulation mismatch .. (Signal: BoomTile___frontend___f3___ram_data Block: /BoomTile File: /hpc/home/connect.zzheng989/researchlib/VeriFlatten/eq_check/cascade_boom/f_boom.v Line: 103777)  (FMR_ELAB-147)
Warning: Index may take values outside array bound, may cause simulation mismatch .. (Signal: BoomTile___frontend___f3___ram_data Block: /BoomTile File: /hpc/home/connect.zzheng989/researchlib/VeriFlatten/eq_check/cascade_boom/f_boom.v Line: 103779)  (FMR_ELAB-147)
Warning: Index may take values outside array bound, may cause simulation mismatch .. (Signal: BoomTile___frontend___f3___ram_data Block: /BoomTile File: /hpc/home/connect.zzheng989/researchlib/VeriFlatten/eq_check/cascade_boom/f_boom.v Line: 103800)  (FMR_ELAB-147)
Warning: Index may take values outside array bound, may cause simulation mismatch .. (Signal: BoomTile___frontend___f3___ram_data Block: /BoomTile File: /hpc/home/connect.zzheng989/researchlib/VeriFlatten/eq_check/cascade_boom/f_boom.v Line: 103802)  (FMR_ELAB-147)
Warning: Index may take values outside array bound, may cause simulation mismatch .. (Signal: BoomTile___frontend___f3___ram_data Block: /BoomTile File: /hpc/home/connect.zzheng989/researchlib/VeriFlatten/eq_check/cascade_boom/f_boom.v Line: 103804)  (FMR_ELAB-147)
Warning: Index may take values outside array bound, may cause simulation mismatch .. (Signal: BoomTile___frontend___f3___ram_data Block: /BoomTile File: /hpc/home/connect.zzheng989/researchlib/VeriFlatten/eq_check/cascade_boom/f_boom.v Line: 103807)  (FMR_ELAB-147)
Warning: Index may take values outside array bound, may cause simulation mismatch .. (Signal: BoomTile___frontend___f3___ram_data Block: /BoomTile File: /hpc/home/connect.zzheng989/researchlib/VeriFlatten/eq_check/cascade_boom/f_boom.v Line: 103811)  (FMR_ELAB-147)
Warning: Index may take values outside array bound, may cause simulation mismatch .. (Signal: BoomTile___frontend___f3___ram_data Block: /BoomTile File: /hpc/home/connect.zzheng989/researchlib/VeriFlatten/eq_check/cascade_boom/f_boom.v Line: 103812)  (FMR_ELAB-147)
Warning: Index may take values outside array bound, may cause simulation mismatch .. (Signal: BoomTile___frontend___f3___ram_data Block: /BoomTile File: /hpc/home/connect.zzheng989/researchlib/VeriFlatten/eq_check/cascade_boom/f_boom.v Line: 103816)  (FMR_ELAB-147)
Warning: Index may take values outside array bound, may cause simulation mismatch .. (Signal: BoomTile___frontend___f3___ram_data Block: /BoomTile File: /hpc/home/connect.zzheng989/researchlib/VeriFlatten/eq_check/cascade_boom/f_boom.v Line: 103818)  (FMR_ELAB-147)
Warning: Index may take values outside array bound, may cause simulation mismatch .. (Signal: BoomTile___frontend___f3___ram_data Block: /BoomTile File: /hpc/home/connect.zzheng989/researchlib/VeriFlatten/eq_check/cascade_boom/f_boom.v Line: 103819)  (FMR_ELAB-147)
Warning: Index may take values outside array bound, may cause simulation mismatch .. (Signal: BoomTile___frontend___f3___ram_data Block: /BoomTile File: /hpc/home/connect.zzheng989/researchlib/VeriFlatten/eq_check/cascade_boom/f_boom.v Line: 103820)  (FMR_ELAB-147)
Warning: Index may take values outside array bound, may cause simulation mismatch .. (Signal: BoomTile___frontend___f3___ram_data Block: /BoomTile File: /hpc/home/connect.zzheng989/researchlib/VeriFlatten/eq_check/cascade_boom/f_boom.v Line: 103824)  (FMR_ELAB-147)
Warning: Index may take values outside array bound, may cause simulation mismatch .. (Signal: BoomTile___frontend___f3___ram_data Block: /BoomTile File: /hpc/home/connect.zzheng989/researchlib/VeriFlatten/eq_check/cascade_boom/f_boom.v Line: 103825)  (FMR_ELAB-147)
Warning: Index may take values outside array bound, may cause simulation mismatch .. (Signal: BoomTile___frontend___f3___ram_data Block: /BoomTile File: /hpc/home/connect.zzheng989/researchlib/VeriFlatten/eq_check/cascade_boom/f_boom.v Line: 103830)  (FMR_ELAB-147)
Warning: Index may take values outside array bound, may cause simulation mismatch .. (Signal: BoomTile___frontend___f3___ram_data Block: /BoomTile File: /hpc/home/connect.zzheng989/researchlib/VeriFlatten/eq_check/cascade_boom/f_boom.v Line: 103832)  (FMR_ELAB-147)
Warning: Index may take values outside array bound, may cause simulation mismatch .. (Signal: BoomTile___frontend___f3___ram_data Block: /BoomTile File: /hpc/home/connect.zzheng989/researchlib/VeriFlatten/eq_check/cascade_boom/f_boom.v Line: 103853)  (FMR_ELAB-147)
Warning: Index may take values outside array bound, may cause simulation mismatch .. (Signal: BoomTile___frontend___f3___ram_data Block: /BoomTile File: /hpc/home/connect.zzheng989/researchlib/VeriFlatten/eq_check/cascade_boom/f_boom.v Line: 103855)  (FMR_ELAB-147)
Warning: Index may take values outside array bound, may cause simulation mismatch .. (Signal: BoomTile___frontend___f3___ram_data Block: /BoomTile File: /hpc/home/connect.zzheng989/researchlib/VeriFlatten/eq_check/cascade_boom/f_boom.v Line: 103857)  (FMR_ELAB-147)
Warning: Index may take values outside array bound, may cause simulation mismatch .. (Signal: BoomTile___frontend___f3___ram_data Block: /BoomTile File: /hpc/home/connect.zzheng989/researchlib/VeriFlatten/eq_check/cascade_boom/f_boom.v Line: 103860)  (FMR_ELAB-147)
Warning: Index may take values outside array bound, may cause simulation mismatch .. (Signal: BoomTile___frontend___f3___ram_data Block: /BoomTile File: /hpc/home/connect.zzheng989/researchlib/VeriFlatten/eq_check/cascade_boom/f_boom.v Line: 103864)  (FMR_ELAB-147)
Warning: Index may take values outside array bound, may cause simulation mismatch .. (Signal: BoomTile___frontend___f3___ram_data Block: /BoomTile File: /hpc/home/connect.zzheng989/researchlib/VeriFlatten/eq_check/cascade_boom/f_boom.v Line: 103865)  (FMR_ELAB-147)
Warning: Index may take values outside array bound, may cause simulation mismatch .. (Signal: BoomTile___frontend___f3___ram_data Block: /BoomTile File: /hpc/home/connect.zzheng989/researchlib/VeriFlatten/eq_check/cascade_boom/f_boom.v Line: 103869)  (FMR_ELAB-147)
Warning: Index may take values outside array bound, may cause simulation mismatch .. (Signal: BoomTile___frontend___f3___ram_data Block: /BoomTile File: /hpc/home/connect.zzheng989/researchlib/VeriFlatten/eq_check/cascade_boom/f_boom.v Line: 103871)  (FMR_ELAB-147)
Warning: Index may take values outside array bound, may cause simulation mismatch .. (Signal: BoomTile___frontend___f3___ram_data Block: /BoomTile File: /hpc/home/connect.zzheng989/researchlib/VeriFlatten/eq_check/cascade_boom/f_boom.v Line: 103872)  (FMR_ELAB-147)
Warning: Index may take values outside array bound, may cause simulation mismatch .. (Signal: BoomTile___frontend___f3___ram_data Block: /BoomTile File: /hpc/home/connect.zzheng989/researchlib/VeriFlatten/eq_check/cascade_boom/f_boom.v Line: 103873)  (FMR_ELAB-147)
Warning: Index may take values outside array bound, may cause simulation mismatch .. (Signal: BoomTile___frontend___f3___ram_data Block: /BoomTile File: /hpc/home/connect.zzheng989/researchlib/VeriFlatten/eq_check/cascade_boom/f_boom.v Line: 103877)  (FMR_ELAB-147)
Warning: Index may take values outside array bound, may cause simulation mismatch .. (Signal: BoomTile___frontend___f3___ram_data Block: /BoomTile File: /hpc/home/connect.zzheng989/researchlib/VeriFlatten/eq_check/cascade_boom/f_boom.v Line: 103878)  (FMR_ELAB-147)
Warning: Index may take values outside array bound, may cause simulation mismatch .. (Signal: BoomTile___frontend___f3___ram_data Block: /BoomTile File: /hpc/home/connect.zzheng989/researchlib/VeriFlatten/eq_check/cascade_boom/f_boom.v Line: 103883)  (FMR_ELAB-147)
Warning: Index may take values outside array bound, may cause simulation mismatch .. (Signal: BoomTile___frontend___f3___ram_data Block: /BoomTile File: /hpc/home/connect.zzheng989/researchlib/VeriFlatten/eq_check/cascade_boom/f_boom.v Line: 103885)  (FMR_ELAB-147)
Warning: Index may take values outside array bound, may cause simulation mismatch .. (Signal: BoomTile___frontend___f4___ram_cfi_idx_bits Block: /BoomTile File: /hpc/home/connect.zzheng989/researchlib/VeriFlatten/eq_check/cascade_boom/f_boom.v Line: 103926)  (FMR_ELAB-147)
Warning: Index may take values outside array bound, may cause simulation mismatch .. (Signal: BoomTile___frontend___f4___ram_cfi_type Block: /BoomTile File: /hpc/home/connect.zzheng989/researchlib/VeriFlatten/eq_check/cascade_boom/f_boom.v Line: 103927)  (FMR_ELAB-147)
Warning: Index may take values outside array bound, may cause simulation mismatch .. (Signal: BoomTile___frontend___f4___ram_cfi_is_call Block: /BoomTile File: /hpc/home/connect.zzheng989/researchlib/VeriFlatten/eq_check/cascade_boom/f_boom.v Line: 103928)  (FMR_ELAB-147)
Warning: Index may take values outside array bound, may cause simulation mismatch .. (Signal: BoomTile___frontend___f4___ram_cfi_is_ret Block: /BoomTile File: /hpc/home/connect.zzheng989/researchlib/VeriFlatten/eq_check/cascade_boom/f_boom.v Line: 103929)  (FMR_ELAB-147)
Warning: Index may take values outside array bound, may cause simulation mismatch .. (Signal: BoomTile___frontend___f4___ram_ras_top Block: /BoomTile File: /hpc/home/connect.zzheng989/researchlib/VeriFlatten/eq_check/cascade_boom/f_boom.v Line: 103930)  (FMR_ELAB-147)
Warning: Index may take values outside array bound, may cause simulation mismatch .. (Signal: BoomTile___frontend___f4___ram_mask Block: /BoomTile File: /hpc/home/connect.zzheng989/researchlib/VeriFlatten/eq_check/cascade_boom/f_boom.v Line: 103931)  (FMR_ELAB-147)
Warning: Index may take values outside array bound, may cause simulation mismatch .. (Signal: BoomTile___frontend___f4___ram_br_mask Block: /BoomTile File: /hpc/home/connect.zzheng989/researchlib/VeriFlatten/eq_check/cascade_boom/f_boom.v Line: 103932)  (FMR_ELAB-147)
Warning: Index may take values outside array bound, may cause simulation mismatch .. (Signal: BoomTile___frontend___f4___ram_ghist_old_history Block: /BoomTile File: /hpc/home/connect.zzheng989/researchlib/VeriFlatten/eq_check/cascade_boom/f_boom.v Line: 103933)  (FMR_ELAB-147)
Warning: Index may take values outside array bound, may cause simulation mismatch .. (Signal: BoomTile___frontend___f4___ram_ghist_current_saw_branch_not_taken Block: /BoomTile File: /hpc/home/connect.zzheng989/researchlib/VeriFlatten/eq_check/cascade_boom/f_boom.v Line: 103934)  (FMR_ELAB-147)
Warning: Index may take values outside array bound, may cause simulation mismatch .. (Signal: BoomTile___frontend___f4___ram_ghist_new_saw_branch_not_taken Block: /BoomTile File: /hpc/home/connect.zzheng989/researchlib/VeriFlatten/eq_check/cascade_boom/f_boom.v Line: 103935)  (FMR_ELAB-147)
Warning: Index may take values outside array bound, may cause simulation mismatch .. (Signal: BoomTile___frontend___f4___ram_ghist_new_saw_branch_taken Block: /BoomTile File: /hpc/home/connect.zzheng989/researchlib/VeriFlatten/eq_check/cascade_boom/f_boom.v Line: 103936)  (FMR_ELAB-147)
Warning: Index may take values outside array bound, may cause simulation mismatch .. (Signal: BoomTile___frontend___f4___ram_ghist_ras_idx Block: /BoomTile File: /hpc/home/connect.zzheng989/researchlib/VeriFlatten/eq_check/cascade_boom/f_boom.v Line: 103937)  (FMR_ELAB-147)
Warning: Index may take values outside array bound, may cause simulation mismatch .. (Signal: BoomTile___frontend___f4___ram_mask Block: /BoomTile File: /hpc/home/connect.zzheng989/researchlib/VeriFlatten/eq_check/cascade_boom/f_boom.v Line: 103940)  (FMR_ELAB-147)
Warning: Index may take values outside array bound, may cause simulation mismatch .. (Signal: BoomTile___frontend___f4___ram_mask Block: /BoomTile File: /hpc/home/connect.zzheng989/researchlib/VeriFlatten/eq_check/cascade_boom/f_boom.v Line: 103942)  (FMR_ELAB-147)
Warning: Index may take values outside array bound, may cause simulation mismatch .. (Signal: BoomTile___frontend___f4___ram_mask Block: /BoomTile File: /hpc/home/connect.zzheng989/researchlib/VeriFlatten/eq_check/cascade_boom/f_boom.v Line: 103944)  (FMR_ELAB-147)
Warning: Index may take values outside array bound, may cause simulation mismatch .. (Signal: BoomTile___frontend___f4___ram_mask Block: /BoomTile File: /hpc/home/connect.zzheng989/researchlib/VeriFlatten/eq_check/cascade_boom/f_boom.v Line: 103946)  (FMR_ELAB-147)
Warning: Index may take values outside array bound, may cause simulation mismatch .. (Signal: BoomTile___frontend___f4___ram_cfi_idx_bits Block: /BoomTile File: /hpc/home/connect.zzheng989/researchlib/VeriFlatten/eq_check/cascade_boom/f_boom.v Line: 103947)  (FMR_ELAB-147)
Warning: Index may take values outside array bound, may cause simulation mismatch .. (Signal: BoomTile___frontend___f4___ram_cfi_idx_bits Block: /BoomTile File: /hpc/home/connect.zzheng989/researchlib/VeriFlatten/eq_check/cascade_boom/f_boom.v Line: 103948)  (FMR_ELAB-147)
Warning: Index may take values outside array bound, may cause simulation mismatch .. (Signal: BoomTile___frontend___f4___ram_cfi_idx_bits Block: /BoomTile File: /hpc/home/connect.zzheng989/researchlib/VeriFlatten/eq_check/cascade_boom/f_boom.v Line: 103949)  (FMR_ELAB-147)
Warning: Index may take values outside array bound, may cause simulation mismatch .. (Signal: BoomTile___frontend___f4___ram_cfi_idx_bits Block: /BoomTile File: /hpc/home/connect.zzheng989/researchlib/VeriFlatten/eq_check/cascade_boom/f_boom.v Line: 103950)  (FMR_ELAB-147)
Warning: Index may take values outside array bound, may cause simulation mismatch .. (Signal: BoomTile___frontend___f4___ram_cfi_idx_valid Block: /BoomTile File: /hpc/home/connect.zzheng989/researchlib/VeriFlatten/eq_check/cascade_boom/f_boom.v Line: 103997)  (FMR_ELAB-147)
Warning: Index may take values outside array bound, may cause simulation mismatch .. (Signal: BoomTile___frontend___f4___ram_cfi_idx_bits Block: /BoomTile File: /hpc/home/connect.zzheng989/researchlib/VeriFlatten/eq_check/cascade_boom/f_boom.v Line: 103998)  (FMR_ELAB-147)
Warning: Index may take values outside array bound, may cause simulation mismatch .. (Signal: BoomTile___frontend___f4___ram_cfi_idx_valid Block: /BoomTile File: /hpc/home/connect.zzheng989/researchlib/VeriFlatten/eq_check/cascade_boom/f_boom.v Line: 103999)  (FMR_ELAB-147)
Warning: Index may take values outside array bound, may cause simulation mismatch .. (Signal: BoomTile___frontend___f4___ram_cfi_type Block: /BoomTile File: /hpc/home/connect.zzheng989/researchlib/VeriFlatten/eq_check/cascade_boom/f_boom.v Line: 104001)  (FMR_ELAB-147)
Warning: Index may take values outside array bound, may cause simulation mismatch .. (Signal: BoomTile___frontend___f4___ram_cfi_is_call Block: /BoomTile File: /hpc/home/connect.zzheng989/researchlib/VeriFlatten/eq_check/cascade_boom/f_boom.v Line: 104003)  (FMR_ELAB-147)
Warning: Index may take values outside array bound, may cause simulation mismatch .. (Signal: BoomTile___frontend___f4___ram_cfi_is_ret Block: /BoomTile File: /hpc/home/connect.zzheng989/researchlib/VeriFlatten/eq_check/cascade_boom/f_boom.v Line: 104004)  (FMR_ELAB-147)
Warning: Index may take values outside array bound, may cause simulation mismatch .. (Signal: BoomTile___frontend___f4___ram_ras_top Block: /BoomTile File: /hpc/home/connect.zzheng989/researchlib/VeriFlatten/eq_check/cascade_boom/f_boom.v Line: 104005)  (FMR_ELAB-147)
Warning: Index may take values outside array bound, may cause simulation mismatch .. (Signal: BoomTile___frontend___f4___ram_ghist_ras_idx Block: /BoomTile File: /hpc/home/connect.zzheng989/researchlib/VeriFlatten/eq_check/cascade_boom/f_boom.v Line: 104006)  (FMR_ELAB-147)
Warning: Index may take values outside array bound, may cause simulation mismatch .. (Signal: BoomTile___frontend___f4___ram_cfi_idx_valid Block: /BoomTile File: /hpc/home/connect.zzheng989/researchlib/VeriFlatten/eq_check/cascade_boom/f_boom.v Line: 104008)  (FMR_ELAB-147)
Warning: Index may take values outside array bound, may cause simulation mismatch .. (Signal: BoomTile___frontend___f4___ram_cfi_idx_bits Block: /BoomTile File: /hpc/home/connect.zzheng989/researchlib/VeriFlatten/eq_check/cascade_boom/f_boom.v Line: 104009)  (FMR_ELAB-147)
Warning: Index may take values outside array bound, may cause simulation mismatch .. (Signal: BoomTile___frontend___f4___ram_cfi_idx_valid Block: /BoomTile File: /hpc/home/connect.zzheng989/researchlib/VeriFlatten/eq_check/cascade_boom/f_boom.v Line: 104010)  (FMR_ELAB-147)
Warning: Index may take values outside array bound, may cause simulation mismatch .. (Signal: BoomTile___frontend___f4___ram_cfi_type Block: /BoomTile File: /hpc/home/connect.zzheng989/researchlib/VeriFlatten/eq_check/cascade_boom/f_boom.v Line: 104012)  (FMR_ELAB-147)
Warning: Index may take values outside array bound, may cause simulation mismatch .. (Signal: BoomTile___frontend___f4___ram_cfi_is_call Block: /BoomTile File: /hpc/home/connect.zzheng989/researchlib/VeriFlatten/eq_check/cascade_boom/f_boom.v Line: 104014)  (FMR_ELAB-147)
Warning: Index may take values outside array bound, may cause simulation mismatch .. (Signal: BoomTile___frontend___f4___ram_cfi_is_ret Block: /BoomTile File: /hpc/home/connect.zzheng989/researchlib/VeriFlatten/eq_check/cascade_boom/f_boom.v Line: 104015)  (FMR_ELAB-147)
Warning: Index may take values outside array bound, may cause simulation mismatch .. (Signal: BoomTile___frontend___f4___ram_ras_top Block: /BoomTile File: /hpc/home/connect.zzheng989/researchlib/VeriFlatten/eq_check/cascade_boom/f_boom.v Line: 104016)  (FMR_ELAB-147)
Warning: Index may take values outside array bound, may cause simulation mismatch .. (Signal: BoomTile___frontend___f4___ram_ghist_ras_idx Block: /BoomTile File: /hpc/home/connect.zzheng989/researchlib/VeriFlatten/eq_check/cascade_boom/f_boom.v Line: 104017)  (FMR_ELAB-147)
Warning: Index may take values outside array bound, may cause simulation mismatch .. (Signal: BoomTile___frontend___f4___ram_cfi_idx_valid Block: /BoomTile File: /hpc/home/connect.zzheng989/researchlib/VeriFlatten/eq_check/cascade_boom/f_boom.v Line: 104019)  (FMR_ELAB-147)
Warning: Index may take values outside array bound, may cause simulation mismatch .. (Signal: BoomTile___frontend___f4___ram_cfi_idx_bits Block: /BoomTile File: /hpc/home/connect.zzheng989/researchlib/VeriFlatten/eq_check/cascade_boom/f_boom.v Line: 104020)  (FMR_ELAB-147)
Warning: Index may take values outside array bound, may cause simulation mismatch .. (Signal: BoomTile___frontend___f4___ram_cfi_idx_valid Block: /BoomTile File: /hpc/home/connect.zzheng989/researchlib/VeriFlatten/eq_check/cascade_boom/f_boom.v Line: 104021)  (FMR_ELAB-147)
Warning: Index may take values outside array bound, may cause simulation mismatch .. (Signal: BoomTile___frontend___f4___ram_cfi_type Block: /BoomTile File: /hpc/home/connect.zzheng989/researchlib/VeriFlatten/eq_check/cascade_boom/f_boom.v Line: 104023)  (FMR_ELAB-147)
Warning: Index may take values outside array bound, may cause simulation mismatch .. (Signal: BoomTile___frontend___f4___ram_cfi_is_call Block: /BoomTile File: /hpc/home/connect.zzheng989/researchlib/VeriFlatten/eq_check/cascade_boom/f_boom.v Line: 104025)  (FMR_ELAB-147)
Warning: Index may take values outside array bound, may cause simulation mismatch .. (Signal: BoomTile___frontend___f4___ram_cfi_is_ret Block: /BoomTile File: /hpc/home/connect.zzheng989/researchlib/VeriFlatten/eq_check/cascade_boom/f_boom.v Line: 104026)  (FMR_ELAB-147)
Warning: Index may take values outside array bound, may cause simulation mismatch .. (Signal: BoomTile___frontend___f4___ram_ras_top Block: /BoomTile File: /hpc/home/connect.zzheng989/researchlib/VeriFlatten/eq_check/cascade_boom/f_boom.v Line: 104027)  (FMR_ELAB-147)
Warning: Index may take values outside array bound, may cause simulation mismatch .. (Signal: BoomTile___frontend___f4___ram_ghist_ras_idx Block: /BoomTile File: /hpc/home/connect.zzheng989/researchlib/VeriFlatten/eq_check/cascade_boom/f_boom.v Line: 104028)  (FMR_ELAB-147)
Warning: Index may take values outside array bound, may cause simulation mismatch .. (Signal: BoomTile___frontend___f4___ram_cfi_idx_valid Block: /BoomTile File: /hpc/home/connect.zzheng989/researchlib/VeriFlatten/eq_check/cascade_boom/f_boom.v Line: 104030)  (FMR_ELAB-147)
Warning: Index may take values outside array bound, may cause simulation mismatch .. (Signal: BoomTile___frontend___f4___ram_cfi_idx_bits Block: /BoomTile File: /hpc/home/connect.zzheng989/researchlib/VeriFlatten/eq_check/cascade_boom/f_boom.v Line: 104031)  (FMR_ELAB-147)
Warning: Index may take values outside array bound, may cause simulation mismatch .. (Signal: BoomTile___frontend___f4___ram_cfi_idx_valid Block: /BoomTile File: /hpc/home/connect.zzheng989/researchlib/VeriFlatten/eq_check/cascade_boom/f_boom.v Line: 104032)  (FMR_ELAB-147)
Warning: Index may take values outside array bound, may cause simulation mismatch .. (Signal: BoomTile___frontend___f4___ram_cfi_type Block: /BoomTile File: /hpc/home/connect.zzheng989/researchlib/VeriFlatten/eq_check/cascade_boom/f_boom.v Line: 104034)  (FMR_ELAB-147)
Warning: Index may take values outside array bound, may cause simulation mismatch .. (Signal: BoomTile___frontend___f4___ram_cfi_is_call Block: /BoomTile File: /hpc/home/connect.zzheng989/researchlib/VeriFlatten/eq_check/cascade_boom/f_boom.v Line: 104036)  (FMR_ELAB-147)
Warning: Index may take values outside array bound, may cause simulation mismatch .. (Signal: BoomTile___frontend___f4___ram_cfi_is_ret Block: /BoomTile File: /hpc/home/connect.zzheng989/researchlib/VeriFlatten/eq_check/cascade_boom/f_boom.v Line: 104037)  (FMR_ELAB-147)
Warning: Index may take values outside array bound, may cause simulation mismatch .. (Signal: BoomTile___frontend___f4___ram_ras_top Block: /BoomTile File: /hpc/home/connect.zzheng989/researchlib/VeriFlatten/eq_check/cascade_boom/f_boom.v Line: 104038)  (FMR_ELAB-147)
Warning: Index may take values outside array bound, may cause simulation mismatch .. (Signal: BoomTile___frontend___f4___ram_ghist_ras_idx Block: /BoomTile File: /hpc/home/connect.zzheng989/researchlib/VeriFlatten/eq_check/cascade_boom/f_boom.v Line: 104039)  (FMR_ELAB-147)
Warning: Index may take values outside array bound, may cause simulation mismatch .. (Signal: BoomTile___frontend___f4___ram_cfi_idx_valid Block: /BoomTile File: /hpc/home/connect.zzheng989/researchlib/VeriFlatten/eq_check/cascade_boom/f_boom.v Line: 104041)  (FMR_ELAB-147)
Warning: Index may take values outside array bound, may cause simulation mismatch .. (Signal: BoomTile___frontend___f4___ram_cfi_idx_bits Block: /BoomTile File: /hpc/home/connect.zzheng989/researchlib/VeriFlatten/eq_check/cascade_boom/f_boom.v Line: 104042)  (FMR_ELAB-147)
Warning: Index may take values outside array bound, may cause simulation mismatch .. (Signal: BoomTile___frontend___f4___ram_cfi_idx_valid Block: /BoomTile File: /hpc/home/connect.zzheng989/researchlib/VeriFlatten/eq_check/cascade_boom/f_boom.v Line: 104043)  (FMR_ELAB-147)
Warning: Index may take values outside array bound, may cause simulation mismatch .. (Signal: BoomTile___frontend___f4___ram_cfi_type Block: /BoomTile File: /hpc/home/connect.zzheng989/researchlib/VeriFlatten/eq_check/cascade_boom/f_boom.v Line: 104045)  (FMR_ELAB-147)
Warning: Index may take values outside array bound, may cause simulation mismatch .. (Signal: BoomTile___frontend___f4___ram_cfi_is_call Block: /BoomTile File: /hpc/home/connect.zzheng989/researchlib/VeriFlatten/eq_check/cascade_boom/f_boom.v Line: 104047)  (FMR_ELAB-147)
Warning: Index may take values outside array bound, may cause simulation mismatch .. (Signal: BoomTile___frontend___f4___ram_cfi_is_ret Block: /BoomTile File: /hpc/home/connect.zzheng989/researchlib/VeriFlatten/eq_check/cascade_boom/f_boom.v Line: 104048)  (FMR_ELAB-147)
Warning: Index may take values outside array bound, may cause simulation mismatch .. (Signal: BoomTile___frontend___f4___ram_ras_top Block: /BoomTile File: /hpc/home/connect.zzheng989/researchlib/VeriFlatten/eq_check/cascade_boom/f_boom.v Line: 104049)  (FMR_ELAB-147)
Warning: Index may take values outside array bound, may cause simulation mismatch .. (Signal: BoomTile___frontend___f4___ram_ghist_ras_idx Block: /BoomTile File: /hpc/home/connect.zzheng989/researchlib/VeriFlatten/eq_check/cascade_boom/f_boom.v Line: 104050)  (FMR_ELAB-147)
Warning: Index may take values outside array bound, may cause simulation mismatch .. (Signal: BoomTile___frontend___f4___ram_cfi_idx_valid Block: /BoomTile File: /hpc/home/connect.zzheng989/researchlib/VeriFlatten/eq_check/cascade_boom/f_boom.v Line: 104052)  (FMR_ELAB-147)
Warning: Index may take values outside array bound, may cause simulation mismatch .. (Signal: BoomTile___frontend___f4___ram_cfi_idx_bits Block: /BoomTile File: /hpc/home/connect.zzheng989/researchlib/VeriFlatten/eq_check/cascade_boom/f_boom.v Line: 104053)  (FMR_ELAB-147)
Warning: Index may take values outside array bound, may cause simulation mismatch .. (Signal: BoomTile___frontend___f4___ram_cfi_idx_valid Block: /BoomTile File: /hpc/home/connect.zzheng989/researchlib/VeriFlatten/eq_check/cascade_boom/f_boom.v Line: 104054)  (FMR_ELAB-147)
Warning: Index may take values outside array bound, may cause simulation mismatch .. (Signal: BoomTile___frontend___f4___ram_cfi_type Block: /BoomTile File: /hpc/home/connect.zzheng989/researchlib/VeriFlatten/eq_check/cascade_boom/f_boom.v Line: 104056)  (FMR_ELAB-147)
Warning: Index may take values outside array bound, may cause simulation mismatch .. (Signal: BoomTile___frontend___f4___ram_cfi_is_call Block: /BoomTile File: /hpc/home/connect.zzheng989/researchlib/VeriFlatten/eq_check/cascade_boom/f_boom.v Line: 104058)  (FMR_ELAB-147)
Warning: Index may take values outside array bound, may cause simulation mismatch .. (Signal: BoomTile___frontend___f4___ram_cfi_is_ret Block: /BoomTile File: /hpc/home/connect.zzheng989/researchlib/VeriFlatten/eq_check/cascade_boom/f_boom.v Line: 104059)  (FMR_ELAB-147)
Warning: Index may take values outside array bound, may cause simulation mismatch .. (Signal: BoomTile___frontend___f4___ram_ras_top Block: /BoomTile File: /hpc/home/connect.zzheng989/researchlib/VeriFlatten/eq_check/cascade_boom/f_boom.v Line: 104060)  (FMR_ELAB-147)
Warning: Index may take values outside array bound, may cause simulation mismatch .. (Signal: BoomTile___frontend___f4___ram_ghist_ras_idx Block: /BoomTile File: /hpc/home/connect.zzheng989/researchlib/VeriFlatten/eq_check/cascade_boom/f_boom.v Line: 104061)  (FMR_ELAB-147)
Warning: Index may take values outside array bound, may cause simulation mismatch .. (Signal: BoomTile___frontend___f4___ram_cfi_idx_valid Block: /BoomTile File: /hpc/home/connect.zzheng989/researchlib/VeriFlatten/eq_check/cascade_boom/f_boom.v Line: 104063)  (FMR_ELAB-147)
Warning: Index may take values outside array bound, may cause simulation mismatch .. (Signal: BoomTile___frontend___f4___ram_cfi_idx_bits Block: /BoomTile File: /hpc/home/connect.zzheng989/researchlib/VeriFlatten/eq_check/cascade_boom/f_boom.v Line: 104064)  (FMR_ELAB-147)
Warning: Index may take values outside array bound, may cause simulation mismatch .. (Signal: BoomTile___frontend___f4___ram_cfi_idx_valid Block: /BoomTile File: /hpc/home/connect.zzheng989/researchlib/VeriFlatten/eq_check/cascade_boom/f_boom.v Line: 104065)  (FMR_ELAB-147)
Warning: Index may take values outside array bound, may cause simulation mismatch .. (Signal: BoomTile___frontend___f4___ram_cfi_type Block: /BoomTile File: /hpc/home/connect.zzheng989/researchlib/VeriFlatten/eq_check/cascade_boom/f_boom.v Line: 104067)  (FMR_ELAB-147)
Warning: Index may take values outside array bound, may cause simulation mismatch .. (Signal: BoomTile___frontend___f4___ram_cfi_is_call Block: /BoomTile File: /hpc/home/connect.zzheng989/researchlib/VeriFlatten/eq_check/cascade_boom/f_boom.v Line: 104069)  (FMR_ELAB-147)
Warning: Index may take values outside array bound, may cause simulation mismatch .. (Signal: BoomTile___frontend___f4___ram_cfi_is_ret Block: /BoomTile File: /hpc/home/connect.zzheng989/researchlib/VeriFlatten/eq_check/cascade_boom/f_boom.v Line: 104070)  (FMR_ELAB-147)
Warning: Index may take values outside array bound, may cause simulation mismatch .. (Signal: BoomTile___frontend___f4___ram_ras_top Block: /BoomTile File: /hpc/home/connect.zzheng989/researchlib/VeriFlatten/eq_check/cascade_boom/f_boom.v Line: 104071)  (FMR_ELAB-147)
Warning: Index may take values outside array bound, may cause simulation mismatch .. (Signal: BoomTile___frontend___f4___ram_ghist_ras_idx Block: /BoomTile File: /hpc/home/connect.zzheng989/researchlib/VeriFlatten/eq_check/cascade_boom/f_boom.v Line: 104072)  (FMR_ELAB-147)
Warning: Index may take values outside array bound, may cause simulation mismatch .. (Signal: BoomTile___frontend___f4___ram_cfi_idx_valid Block: /BoomTile File: /hpc/home/connect.zzheng989/researchlib/VeriFlatten/eq_check/cascade_boom/f_boom.v Line: 104074)  (FMR_ELAB-147)
Warning: Index may take values outside array bound, may cause simulation mismatch .. (Signal: BoomTile___frontend___f4___ram_cfi_idx_bits Block: /BoomTile File: /hpc/home/connect.zzheng989/researchlib/VeriFlatten/eq_check/cascade_boom/f_boom.v Line: 104075)  (FMR_ELAB-147)
Warning: Index may take values outside array bound, may cause simulation mismatch .. (Signal: BoomTile___frontend___f4___ram_cfi_idx_valid Block: /BoomTile File: /hpc/home/connect.zzheng989/researchlib/VeriFlatten/eq_check/cascade_boom/f_boom.v Line: 104076)  (FMR_ELAB-147)
Warning: Index may take values outside array bound, may cause simulation mismatch .. (Signal: BoomTile___frontend___f4___ram_cfi_type Block: /BoomTile File: /hpc/home/connect.zzheng989/researchlib/VeriFlatten/eq_check/cascade_boom/f_boom.v Line: 104078)  (FMR_ELAB-147)
Warning: Index may take values outside array bound, may cause simulation mismatch .. (Signal: BoomTile___frontend___f4___ram_cfi_is_call Block: /BoomTile File: /hpc/home/connect.zzheng989/researchlib/VeriFlatten/eq_check/cascade_boom/f_boom.v Line: 104080)  (FMR_ELAB-147)
Warning: Index may take values outside array bound, may cause simulation mismatch .. (Signal: BoomTile___frontend___f4___ram_cfi_is_ret Block: /BoomTile File: /hpc/home/connect.zzheng989/researchlib/VeriFlatten/eq_check/cascade_boom/f_boom.v Line: 104081)  (FMR_ELAB-147)
Warning: Index may take values outside array bound, may cause simulation mismatch .. (Signal: BoomTile___frontend___f4___ram_ras_top Block: /BoomTile File: /hpc/home/connect.zzheng989/researchlib/VeriFlatten/eq_check/cascade_boom/f_boom.v Line: 104082)  (FMR_ELAB-147)
Warning: Index may take values outside array bound, may cause simulation mismatch .. (Signal: BoomTile___frontend___f4___ram_ghist_ras_idx Block: /BoomTile File: /hpc/home/connect.zzheng989/researchlib/VeriFlatten/eq_check/cascade_boom/f_boom.v Line: 104083)  (FMR_ELAB-147)
Warning: Index may take values outside array bound, may cause simulation mismatch .. (Signal: BoomTile___frontend___f4___ram_cfi_idx_valid Block: /BoomTile File: /hpc/home/connect.zzheng989/researchlib/VeriFlatten/eq_check/cascade_boom/f_boom.v Line: 104085)  (FMR_ELAB-147)
Warning: Index may take values outside array bound, may cause simulation mismatch .. (Signal: BoomTile___frontend___f4___ram_cfi_idx_bits Block: /BoomTile File: /hpc/home/connect.zzheng989/researchlib/VeriFlatten/eq_check/cascade_boom/f_boom.v Line: 104086)  (FMR_ELAB-147)
Warning: Index may take values outside array bound, may cause simulation mismatch .. (Signal: BoomTile___frontend___f4___ram_cfi_idx_valid Block: /BoomTile File: /hpc/home/connect.zzheng989/researchlib/VeriFlatten/eq_check/cascade_boom/f_boom.v Line: 104087)  (FMR_ELAB-147)
Warning: Index may take values outside array bound, may cause simulation mismatch .. (Signal: BoomTile___frontend___f4___ram_cfi_type Block: /BoomTile File: /hpc/home/connect.zzheng989/researchlib/VeriFlatten/eq_check/cascade_boom/f_boom.v Line: 104089)  (FMR_ELAB-147)
Warning: Index may take values outside array bound, may cause simulation mismatch .. (Signal: BoomTile___frontend___f4___ram_cfi_is_call Block: /BoomTile File: /hpc/home/connect.zzheng989/researchlib/VeriFlatten/eq_check/cascade_boom/f_boom.v Line: 104091)  (FMR_ELAB-147)
Warning: Index may take values outside array bound, may cause simulation mismatch .. (Signal: BoomTile___frontend___f4___ram_cfi_is_ret Block: /BoomTile File: /hpc/home/connect.zzheng989/researchlib/VeriFlatten/eq_check/cascade_boom/f_boom.v Line: 104092)  (FMR_ELAB-147)
Warning: Index may take values outside array bound, may cause simulation mismatch .. (Signal: BoomTile___frontend___f4___ram_ras_top Block: /BoomTile File: /hpc/home/connect.zzheng989/researchlib/VeriFlatten/eq_check/cascade_boom/f_boom.v Line: 104093)  (FMR_ELAB-147)
Warning: Index may take values outside array bound, may cause simulation mismatch .. (Signal: BoomTile___frontend___f4___ram_ghist_ras_idx Block: /BoomTile File: /hpc/home/connect.zzheng989/researchlib/VeriFlatten/eq_check/cascade_boom/f_boom.v Line: 104094)  (FMR_ELAB-147)
Warning: Index may take values outside array bound, may cause simulation mismatch .. (Signal: BoomTile___frontend___f4___ram_cfi_idx_valid Block: /BoomTile File: /hpc/home/connect.zzheng989/researchlib/VeriFlatten/eq_check/cascade_boom/f_boom.v Line: 104096)  (FMR_ELAB-147)
Warning: Index may take values outside array bound, may cause simulation mismatch .. (Signal: BoomTile___frontend___f4___ram_cfi_idx_bits Block: /BoomTile File: /hpc/home/connect.zzheng989/researchlib/VeriFlatten/eq_check/cascade_boom/f_boom.v Line: 104097)  (FMR_ELAB-147)
Warning: Index may take values outside array bound, may cause simulation mismatch .. (Signal: BoomTile___frontend___f4___ram_cfi_idx_valid Block: /BoomTile File: /hpc/home/connect.zzheng989/researchlib/VeriFlatten/eq_check/cascade_boom/f_boom.v Line: 104098)  (FMR_ELAB-147)
Warning: Index may take values outside array bound, may cause simulation mismatch .. (Signal: BoomTile___frontend___f4___ram_cfi_type Block: /BoomTile File: /hpc/home/connect.zzheng989/researchlib/VeriFlatten/eq_check/cascade_boom/f_boom.v Line: 104100)  (FMR_ELAB-147)
Warning: Index may take values outside array bound, may cause simulation mismatch .. (Signal: BoomTile___frontend___f4___ram_cfi_is_call Block: /BoomTile File: /hpc/home/connect.zzheng989/researchlib/VeriFlatten/eq_check/cascade_boom/f_boom.v Line: 104102)  (FMR_ELAB-147)
Warning: Index may take values outside array bound, may cause simulation mismatch .. (Signal: BoomTile___frontend___f4___ram_cfi_is_ret Block: /BoomTile File: /hpc/home/connect.zzheng989/researchlib/VeriFlatten/eq_check/cascade_boom/f_boom.v Line: 104103)  (FMR_ELAB-147)
Warning: Index may take values outside array bound, may cause simulation mismatch .. (Signal: BoomTile___frontend___f4___ram_ras_top Block: /BoomTile File: /hpc/home/connect.zzheng989/researchlib/VeriFlatten/eq_check/cascade_boom/f_boom.v Line: 104104)  (FMR_ELAB-147)
Warning: Index may take values outside array bound, may cause simulation mismatch .. (Signal: BoomTile___frontend___f4___ram_ghist_ras_idx Block: /BoomTile File: /hpc/home/connect.zzheng989/researchlib/VeriFlatten/eq_check/cascade_boom/f_boom.v Line: 104105)  (FMR_ELAB-147)
Warning: Index may take values outside array bound, may cause simulation mismatch .. (Signal: BoomTile___frontend___f4___ram_cfi_idx_valid Block: /BoomTile File: /hpc/home/connect.zzheng989/researchlib/VeriFlatten/eq_check/cascade_boom/f_boom.v Line: 104107)  (FMR_ELAB-147)
Warning: Index may take values outside array bound, may cause simulation mismatch .. (Signal: BoomTile___frontend___f4___ram_cfi_idx_bits Block: /BoomTile File: /hpc/home/connect.zzheng989/researchlib/VeriFlatten/eq_check/cascade_boom/f_boom.v Line: 104108)  (FMR_ELAB-147)
Warning: Index may take values outside array bound, may cause simulation mismatch .. (Signal: BoomTile___frontend___f4___ram_cfi_idx_valid Block: /BoomTile File: /hpc/home/connect.zzheng989/researchlib/VeriFlatten/eq_check/cascade_boom/f_boom.v Line: 104109)  (FMR_ELAB-147)
Warning: Index may take values outside array bound, may cause simulation mismatch .. (Signal: BoomTile___frontend___f4___ram_cfi_type Block: /BoomTile File: /hpc/home/connect.zzheng989/researchlib/VeriFlatten/eq_check/cascade_boom/f_boom.v Line: 104111)  (FMR_ELAB-147)
Warning: Index may take values outside array bound, may cause simulation mismatch .. (Signal: BoomTile___frontend___f4___ram_cfi_is_call Block: /BoomTile File: /hpc/home/connect.zzheng989/researchlib/VeriFlatten/eq_check/cascade_boom/f_boom.v Line: 104113)  (FMR_ELAB-147)
Warning: Index may take values outside array bound, may cause simulation mismatch .. (Signal: BoomTile___frontend___f4___ram_cfi_is_ret Block: /BoomTile File: /hpc/home/connect.zzheng989/researchlib/VeriFlatten/eq_check/cascade_boom/f_boom.v Line: 104114)  (FMR_ELAB-147)
Warning: Index may take values outside array bound, may cause simulation mismatch .. (Signal: BoomTile___frontend___f4___ram_ras_top Block: /BoomTile File: /hpc/home/connect.zzheng989/researchlib/VeriFlatten/eq_check/cascade_boom/f_boom.v Line: 104115)  (FMR_ELAB-147)
Warning: Index may take values outside array bound, may cause simulation mismatch .. (Signal: BoomTile___frontend___f4___ram_ghist_ras_idx Block: /BoomTile File: /hpc/home/connect.zzheng989/researchlib/VeriFlatten/eq_check/cascade_boom/f_boom.v Line: 104116)  (FMR_ELAB-147)
Warning: Index may take values outside array bound, may cause simulation mismatch .. (Signal: BoomTile___frontend___f4___ram_cfi_idx_valid Block: /BoomTile File: /hpc/home/connect.zzheng989/researchlib/VeriFlatten/eq_check/cascade_boom/f_boom.v Line: 104118)  (FMR_ELAB-147)
Warning: Index may take values outside array bound, may cause simulation mismatch .. (Signal: BoomTile___frontend___f4___ram_cfi_idx_bits Block: /BoomTile File: /hpc/home/connect.zzheng989/researchlib/VeriFlatten/eq_check/cascade_boom/f_boom.v Line: 104119)  (FMR_ELAB-147)
Warning: Index may take values outside array bound, may cause simulation mismatch .. (Signal: BoomTile___frontend___f4___ram_cfi_idx_valid Block: /BoomTile File: /hpc/home/connect.zzheng989/researchlib/VeriFlatten/eq_check/cascade_boom/f_boom.v Line: 104120)  (FMR_ELAB-147)
Warning: Index may take values outside array bound, may cause simulation mismatch .. (Signal: BoomTile___frontend___f4___ram_cfi_type Block: /BoomTile File: /hpc/home/connect.zzheng989/researchlib/VeriFlatten/eq_check/cascade_boom/f_boom.v Line: 104122)  (FMR_ELAB-147)
Warning: Index may take values outside array bound, may cause simulation mismatch .. (Signal: BoomTile___frontend___f4___ram_cfi_is_call Block: /BoomTile File: /hpc/home/connect.zzheng989/researchlib/VeriFlatten/eq_check/cascade_boom/f_boom.v Line: 104124)  (FMR_ELAB-147)
Warning: Index may take values outside array bound, may cause simulation mismatch .. (Signal: BoomTile___frontend___f4___ram_cfi_is_ret Block: /BoomTile File: /hpc/home/connect.zzheng989/researchlib/VeriFlatten/eq_check/cascade_boom/f_boom.v Line: 104125)  (FMR_ELAB-147)
Warning: Index may take values outside array bound, may cause simulation mismatch .. (Signal: BoomTile___frontend___f4___ram_ras_top Block: /BoomTile File: /hpc/home/connect.zzheng989/researchlib/VeriFlatten/eq_check/cascade_boom/f_boom.v Line: 104126)  (FMR_ELAB-147)
Warning: Index may take values outside array bound, may cause simulation mismatch .. (Signal: BoomTile___frontend___f4___ram_ghist_ras_idx Block: /BoomTile File: /hpc/home/connect.zzheng989/researchlib/VeriFlatten/eq_check/cascade_boom/f_boom.v Line: 104127)  (FMR_ELAB-147)
Warning: Index may take values outside array bound, may cause simulation mismatch .. (Signal: BoomTile___frontend___f4___ram_cfi_idx_valid Block: /BoomTile File: /hpc/home/connect.zzheng989/researchlib/VeriFlatten/eq_check/cascade_boom/f_boom.v Line: 104129)  (FMR_ELAB-147)
Warning: Index may take values outside array bound, may cause simulation mismatch .. (Signal: BoomTile___frontend___f4___ram_cfi_idx_bits Block: /BoomTile File: /hpc/home/connect.zzheng989/researchlib/VeriFlatten/eq_check/cascade_boom/f_boom.v Line: 104130)  (FMR_ELAB-147)
Warning: Index may take values outside array bound, may cause simulation mismatch .. (Signal: BoomTile___frontend___f4___ram_cfi_idx_valid Block: /BoomTile File: /hpc/home/connect.zzheng989/researchlib/VeriFlatten/eq_check/cascade_boom/f_boom.v Line: 104131)  (FMR_ELAB-147)
Warning: Index may take values outside array bound, may cause simulation mismatch .. (Signal: BoomTile___frontend___f4___ram_cfi_type Block: /BoomTile File: /hpc/home/connect.zzheng989/researchlib/VeriFlatten/eq_check/cascade_boom/f_boom.v Line: 104133)  (FMR_ELAB-147)
Warning: Index may take values outside array bound, may cause simulation mismatch .. (Signal: BoomTile___frontend___f4___ram_cfi_is_call Block: /BoomTile File: /hpc/home/connect.zzheng989/researchlib/VeriFlatten/eq_check/cascade_boom/f_boom.v Line: 104135)  (FMR_ELAB-147)
Warning: Index may take values outside array bound, may cause simulation mismatch .. (Signal: BoomTile___frontend___f4___ram_cfi_is_ret Block: /BoomTile File: /hpc/home/connect.zzheng989/researchlib/VeriFlatten/eq_check/cascade_boom/f_boom.v Line: 104136)  (FMR_ELAB-147)
Warning: Index may take values outside array bound, may cause simulation mismatch .. (Signal: BoomTile___frontend___f4___ram_ras_top Block: /BoomTile File: /hpc/home/connect.zzheng989/researchlib/VeriFlatten/eq_check/cascade_boom/f_boom.v Line: 104137)  (FMR_ELAB-147)
Warning: Index may take values outside array bound, may cause simulation mismatch .. (Signal: BoomTile___frontend___f4___ram_ghist_ras_idx Block: /BoomTile File: /hpc/home/connect.zzheng989/researchlib/VeriFlatten/eq_check/cascade_boom/f_boom.v Line: 104138)  (FMR_ELAB-147)
Warning: Index may take values outside array bound, may cause simulation mismatch .. (Signal: BoomTile___frontend___f4___ram_cfi_idx_valid Block: /BoomTile File: /hpc/home/connect.zzheng989/researchlib/VeriFlatten/eq_check/cascade_boom/f_boom.v Line: 104140)  (FMR_ELAB-147)
Warning: Index may take values outside array bound, may cause simulation mismatch .. (Signal: BoomTile___frontend___f4___ram_cfi_idx_bits Block: /BoomTile File: /hpc/home/connect.zzheng989/researchlib/VeriFlatten/eq_check/cascade_boom/f_boom.v Line: 104141)  (FMR_ELAB-147)
Warning: Index may take values outside array bound, may cause simulation mismatch .. (Signal: BoomTile___frontend___f4___ram_cfi_idx_valid Block: /BoomTile File: /hpc/home/connect.zzheng989/researchlib/VeriFlatten/eq_check/cascade_boom/f_boom.v Line: 104142)  (FMR_ELAB-147)
Warning: Index may take values outside array bound, may cause simulation mismatch .. (Signal: BoomTile___frontend___f4___ram_cfi_type Block: /BoomTile File: /hpc/home/connect.zzheng989/researchlib/VeriFlatten/eq_check/cascade_boom/f_boom.v Line: 104144)  (FMR_ELAB-147)
Warning: Index may take values outside array bound, may cause simulation mismatch .. (Signal: BoomTile___frontend___f4___ram_cfi_is_call Block: /BoomTile File: /hpc/home/connect.zzheng989/researchlib/VeriFlatten/eq_check/cascade_boom/f_boom.v Line: 104146)  (FMR_ELAB-147)
Warning: Index may take values outside array bound, may cause simulation mismatch .. (Signal: BoomTile___frontend___f4___ram_cfi_is_ret Block: /BoomTile File: /hpc/home/connect.zzheng989/researchlib/VeriFlatten/eq_check/cascade_boom/f_boom.v Line: 104147)  (FMR_ELAB-147)
Warning: Index may take values outside array bound, may cause simulation mismatch .. (Signal: BoomTile___frontend___f4___ram_ras_top Block: /BoomTile File: /hpc/home/connect.zzheng989/researchlib/VeriFlatten/eq_check/cascade_boom/f_boom.v Line: 104148)  (FMR_ELAB-147)
Warning: Index may take values outside array bound, may cause simulation mismatch .. (Signal: BoomTile___frontend___f4___ram_ghist_ras_idx Block: /BoomTile File: /hpc/home/connect.zzheng989/researchlib/VeriFlatten/eq_check/cascade_boom/f_boom.v Line: 104149)  (FMR_ELAB-147)
Warning: Index may take values outside array bound, may cause simulation mismatch .. (Signal: BoomTile___frontend___f4___ram_cfi_idx_valid Block: /BoomTile File: /hpc/home/connect.zzheng989/researchlib/VeriFlatten/eq_check/cascade_boom/f_boom.v Line: 104151)  (FMR_ELAB-147)
Warning: Index may take values outside array bound, may cause simulation mismatch .. (Signal: BoomTile___frontend___f4___ram_cfi_idx_bits Block: /BoomTile File: /hpc/home/connect.zzheng989/researchlib/VeriFlatten/eq_check/cascade_boom/f_boom.v Line: 104152)  (FMR_ELAB-147)
Warning: Index may take values outside array bound, may cause simulation mismatch .. (Signal: BoomTile___frontend___f4___ram_cfi_idx_valid Block: /BoomTile File: /hpc/home/connect.zzheng989/researchlib/VeriFlatten/eq_check/cascade_boom/f_boom.v Line: 104153)  (FMR_ELAB-147)
Warning: Index may take values outside array bound, may cause simulation mismatch .. (Signal: BoomTile___frontend___f4___ram_cfi_type Block: /BoomTile File: /hpc/home/connect.zzheng989/researchlib/VeriFlatten/eq_check/cascade_boom/f_boom.v Line: 104155)  (FMR_ELAB-147)
Warning: Index may take values outside array bound, may cause simulation mismatch .. (Signal: BoomTile___frontend___f4___ram_cfi_is_call Block: /BoomTile File: /hpc/home/connect.zzheng989/researchlib/VeriFlatten/eq_check/cascade_boom/f_boom.v Line: 104157)  (FMR_ELAB-147)
Warning: Index may take values outside array bound, may cause simulation mismatch .. (Signal: BoomTile___frontend___f4___ram_cfi_is_ret Block: /BoomTile File: /hpc/home/connect.zzheng989/researchlib/VeriFlatten/eq_check/cascade_boom/f_boom.v Line: 104158)  (FMR_ELAB-147)
Warning: Index may take values outside array bound, may cause simulation mismatch .. (Signal: BoomTile___frontend___f4___ram_ras_top Block: /BoomTile File: /hpc/home/connect.zzheng989/researchlib/VeriFlatten/eq_check/cascade_boom/f_boom.v Line: 104159)  (FMR_ELAB-147)
Warning: Index may take values outside array bound, may cause simulation mismatch .. (Signal: BoomTile___frontend___f4___ram_ghist_ras_idx Block: /BoomTile File: /hpc/home/connect.zzheng989/researchlib/VeriFlatten/eq_check/cascade_boom/f_boom.v Line: 104160)  (FMR_ELAB-147)
Warning: Index may take values outside array bound, may cause simulation mismatch .. (Signal: BoomTile___frontend___f4___ram_cfi_idx_valid Block: /BoomTile File: /hpc/home/connect.zzheng989/researchlib/VeriFlatten/eq_check/cascade_boom/f_boom.v Line: 104162)  (FMR_ELAB-147)
Warning: Index may take values outside array bound, may cause simulation mismatch .. (Signal: BoomTile___frontend___f4___ram_cfi_idx_bits Block: /BoomTile File: /hpc/home/connect.zzheng989/researchlib/VeriFlatten/eq_check/cascade_boom/f_boom.v Line: 104163)  (FMR_ELAB-147)
Warning: Index may take values outside array bound, may cause simulation mismatch .. (Signal: BoomTile___frontend___f4___ram_cfi_idx_valid Block: /BoomTile File: /hpc/home/connect.zzheng989/researchlib/VeriFlatten/eq_check/cascade_boom/f_boom.v Line: 104164)  (FMR_ELAB-147)
Warning: Index may take values outside array bound, may cause simulation mismatch .. (Signal: BoomTile___frontend___f4___ram_cfi_type Block: /BoomTile File: /hpc/home/connect.zzheng989/researchlib/VeriFlatten/eq_check/cascade_boom/f_boom.v Line: 104166)  (FMR_ELAB-147)
Warning: Index may take values outside array bound, may cause simulation mismatch .. (Signal: BoomTile___frontend___f4___ram_cfi_is_call Block: /BoomTile File: /hpc/home/connect.zzheng989/researchlib/VeriFlatten/eq_check/cascade_boom/f_boom.v Line: 104168)  (FMR_ELAB-147)
Warning: Index may take values outside array bound, may cause simulation mismatch .. (Signal: BoomTile___frontend___f4___ram_cfi_is_ret Block: /BoomTile File: /hpc/home/connect.zzheng989/researchlib/VeriFlatten/eq_check/cascade_boom/f_boom.v Line: 104169)  (FMR_ELAB-147)
Warning: Index may take values outside array bound, may cause simulation mismatch .. (Signal: BoomTile___frontend___f4___ram_ras_top Block: /BoomTile File: /hpc/home/connect.zzheng989/researchlib/VeriFlatten/eq_check/cascade_boom/f_boom.v Line: 104170)  (FMR_ELAB-147)
Warning: Index may take values outside array bound, may cause simulation mismatch .. (Signal: BoomTile___frontend___f4___ram_ghist_ras_idx Block: /BoomTile File: /hpc/home/connect.zzheng989/researchlib/VeriFlatten/eq_check/cascade_boom/f_boom.v Line: 104171)  (FMR_ELAB-147)
Warning: Index may take values outside array bound, may cause simulation mismatch .. (Signal: BoomTile___frontend___f4___ram_cfi_idx_valid Block: /BoomTile File: /hpc/home/connect.zzheng989/researchlib/VeriFlatten/eq_check/cascade_boom/f_boom.v Line: 104173)  (FMR_ELAB-147)
Warning: Index may take values outside array bound, may cause simulation mismatch .. (Signal: BoomTile___frontend___f4___ram_cfi_idx_bits Block: /BoomTile File: /hpc/home/connect.zzheng989/researchlib/VeriFlatten/eq_check/cascade_boom/f_boom.v Line: 104174)  (FMR_ELAB-147)
Warning: Index may take values outside array bound, may cause simulation mismatch .. (Signal: BoomTile___frontend___f4___ram_cfi_idx_valid Block: /BoomTile File: /hpc/home/connect.zzheng989/researchlib/VeriFlatten/eq_check/cascade_boom/f_boom.v Line: 104175)  (FMR_ELAB-147)
Warning: Index may take values outside array bound, may cause simulation mismatch .. (Signal: BoomTile___frontend___f4___ram_cfi_type Block: /BoomTile File: /hpc/home/connect.zzheng989/researchlib/VeriFlatten/eq_check/cascade_boom/f_boom.v Line: 104177)  (FMR_ELAB-147)
Warning: Index may take values outside array bound, may cause simulation mismatch .. (Signal: BoomTile___frontend___f4___ram_cfi_is_call Block: /BoomTile File: /hpc/home/connect.zzheng989/researchlib/VeriFlatten/eq_check/cascade_boom/f_boom.v Line: 104179)  (FMR_ELAB-147)
Warning: Index may take values outside array bound, may cause simulation mismatch .. (Signal: BoomTile___frontend___f4___ram_cfi_is_ret Block: /BoomTile File: /hpc/home/connect.zzheng989/researchlib/VeriFlatten/eq_check/cascade_boom/f_boom.v Line: 104180)  (FMR_ELAB-147)
Warning: Index may take values outside array bound, may cause simulation mismatch .. (Signal: BoomTile___frontend___f4___ram_ras_top Block: /BoomTile File: /hpc/home/connect.zzheng989/researchlib/VeriFlatten/eq_check/cascade_boom/f_boom.v Line: 104181)  (FMR_ELAB-147)
Warning: Index may take values outside array bound, may cause simulation mismatch .. (Signal: BoomTile___frontend___f4___ram_ghist_ras_idx Block: /BoomTile File: /hpc/home/connect.zzheng989/researchlib/VeriFlatten/eq_check/cascade_boom/f_boom.v Line: 104182)  (FMR_ELAB-147)
Warning: Index may take values outside array bound, may cause simulation mismatch .. (Signal: BoomTile___frontend___f4___ram_cfi_idx_valid Block: /BoomTile File: /hpc/home/connect.zzheng989/researchlib/VeriFlatten/eq_check/cascade_boom/f_boom.v Line: 104184)  (FMR_ELAB-147)
Warning: Index may take values outside array bound, may cause simulation mismatch .. (Signal: BoomTile___frontend___f4___ram_cfi_idx_bits Block: /BoomTile File: /hpc/home/connect.zzheng989/researchlib/VeriFlatten/eq_check/cascade_boom/f_boom.v Line: 104185)  (FMR_ELAB-147)
Warning: Index may take values outside array bound, may cause simulation mismatch .. (Signal: BoomTile___frontend___f4___ram_cfi_idx_valid Block: /BoomTile File: /hpc/home/connect.zzheng989/researchlib/VeriFlatten/eq_check/cascade_boom/f_boom.v Line: 104186)  (FMR_ELAB-147)
Warning: Index may take values outside array bound, may cause simulation mismatch .. (Signal: BoomTile___frontend___f4___ram_cfi_type Block: /BoomTile File: /hpc/home/connect.zzheng989/researchlib/VeriFlatten/eq_check/cascade_boom/f_boom.v Line: 104188)  (FMR_ELAB-147)
Warning: Index may take values outside array bound, may cause simulation mismatch .. (Signal: BoomTile___frontend___f4___ram_cfi_is_call Block: /BoomTile File: /hpc/home/connect.zzheng989/researchlib/VeriFlatten/eq_check/cascade_boom/f_boom.v Line: 104190)  (FMR_ELAB-147)
Warning: Index may take values outside array bound, may cause simulation mismatch .. (Signal: BoomTile___frontend___f4___ram_cfi_is_ret Block: /BoomTile File: /hpc/home/connect.zzheng989/researchlib/VeriFlatten/eq_check/cascade_boom/f_boom.v Line: 104191)  (FMR_ELAB-147)
Warning: Index may take values outside array bound, may cause simulation mismatch .. (Signal: BoomTile___frontend___f4___ram_ras_top Block: /BoomTile File: /hpc/home/connect.zzheng989/researchlib/VeriFlatten/eq_check/cascade_boom/f_boom.v Line: 104192)  (FMR_ELAB-147)
Warning: Index may take values outside array bound, may cause simulation mismatch .. (Signal: BoomTile___frontend___f4___ram_ghist_ras_idx Block: /BoomTile File: /hpc/home/connect.zzheng989/researchlib/VeriFlatten/eq_check/cascade_boom/f_boom.v Line: 104193)  (FMR_ELAB-147)
Warning: Index may take values outside array bound, may cause simulation mismatch .. (Signal: BoomTile___frontend___f4___ram_cfi_idx_valid Block: /BoomTile File: /hpc/home/connect.zzheng989/researchlib/VeriFlatten/eq_check/cascade_boom/f_boom.v Line: 104195)  (FMR_ELAB-147)
Warning: Index may take values outside array bound, may cause simulation mismatch .. (Signal: BoomTile___frontend___f4___ram_cfi_idx_bits Block: /BoomTile File: /hpc/home/connect.zzheng989/researchlib/VeriFlatten/eq_check/cascade_boom/f_boom.v Line: 104196)  (FMR_ELAB-147)
Warning: Index may take values outside array bound, may cause simulation mismatch .. (Signal: BoomTile___frontend___f4___ram_cfi_idx_valid Block: /BoomTile File: /hpc/home/connect.zzheng989/researchlib/VeriFlatten/eq_check/cascade_boom/f_boom.v Line: 104197)  (FMR_ELAB-147)
Warning: Index may take values outside array bound, may cause simulation mismatch .. (Signal: BoomTile___frontend___f4___ram_cfi_type Block: /BoomTile File: /hpc/home/connect.zzheng989/researchlib/VeriFlatten/eq_check/cascade_boom/f_boom.v Line: 104199)  (FMR_ELAB-147)
Warning: Index may take values outside array bound, may cause simulation mismatch .. (Signal: BoomTile___frontend___f4___ram_cfi_is_call Block: /BoomTile File: /hpc/home/connect.zzheng989/researchlib/VeriFlatten/eq_check/cascade_boom/f_boom.v Line: 104201)  (FMR_ELAB-147)
Warning: Index may take values outside array bound, may cause simulation mismatch .. (Signal: BoomTile___frontend___f4___ram_cfi_is_ret Block: /BoomTile File: /hpc/home/connect.zzheng989/researchlib/VeriFlatten/eq_check/cascade_boom/f_boom.v Line: 104202)  (FMR_ELAB-147)
Warning: Index may take values outside array bound, may cause simulation mismatch .. (Signal: BoomTile___frontend___f4___ram_ras_top Block: /BoomTile File: /hpc/home/connect.zzheng989/researchlib/VeriFlatten/eq_check/cascade_boom/f_boom.v Line: 104203)  (FMR_ELAB-147)
Warning: Index may take values outside array bound, may cause simulation mismatch .. (Signal: BoomTile___frontend___f4___ram_ghist_ras_idx Block: /BoomTile File: /hpc/home/connect.zzheng989/researchlib/VeriFlatten/eq_check/cascade_boom/f_boom.v Line: 104204)  (FMR_ELAB-147)
Warning: Index may take values outside array bound, may cause simulation mismatch .. (Signal: BoomTile___frontend___f4___ram_cfi_idx_valid Block: /BoomTile File: /hpc/home/connect.zzheng989/researchlib/VeriFlatten/eq_check/cascade_boom/f_boom.v Line: 104206)  (FMR_ELAB-147)
Warning: Index may take values outside array bound, may cause simulation mismatch .. (Signal: BoomTile___frontend___f4___ram_cfi_idx_bits Block: /BoomTile File: /hpc/home/connect.zzheng989/researchlib/VeriFlatten/eq_check/cascade_boom/f_boom.v Line: 104207)  (FMR_ELAB-147)
Warning: Index may take values outside array bound, may cause simulation mismatch .. (Signal: BoomTile___frontend___f4___ram_cfi_idx_valid Block: /BoomTile File: /hpc/home/connect.zzheng989/researchlib/VeriFlatten/eq_check/cascade_boom/f_boom.v Line: 104208)  (FMR_ELAB-147)
Warning: Index may take values outside array bound, may cause simulation mismatch .. (Signal: BoomTile___frontend___f4___ram_cfi_type Block: /BoomTile File: /hpc/home/connect.zzheng989/researchlib/VeriFlatten/eq_check/cascade_boom/f_boom.v Line: 104210)  (FMR_ELAB-147)
Warning: Index may take values outside array bound, may cause simulation mismatch .. (Signal: BoomTile___frontend___f4___ram_cfi_is_call Block: /BoomTile File: /hpc/home/connect.zzheng989/researchlib/VeriFlatten/eq_check/cascade_boom/f_boom.v Line: 104212)  (FMR_ELAB-147)
Warning: Index may take values outside array bound, may cause simulation mismatch .. (Signal: BoomTile___frontend___f4___ram_cfi_is_ret Block: /BoomTile File: /hpc/home/connect.zzheng989/researchlib/VeriFlatten/eq_check/cascade_boom/f_boom.v Line: 104213)  (FMR_ELAB-147)
Warning: Index may take values outside array bound, may cause simulation mismatch .. (Signal: BoomTile___frontend___f4___ram_ras_top Block: /BoomTile File: /hpc/home/connect.zzheng989/researchlib/VeriFlatten/eq_check/cascade_boom/f_boom.v Line: 104214)  (FMR_ELAB-147)
Warning: Index may take values outside array bound, may cause simulation mismatch .. (Signal: BoomTile___frontend___f4___ram_ghist_ras_idx Block: /BoomTile File: /hpc/home/connect.zzheng989/researchlib/VeriFlatten/eq_check/cascade_boom/f_boom.v Line: 104215)  (FMR_ELAB-147)
Warning: Index may take values outside array bound, may cause simulation mismatch .. (Signal: BoomTile___frontend___f4___ram_cfi_idx_valid Block: /BoomTile File: /hpc/home/connect.zzheng989/researchlib/VeriFlatten/eq_check/cascade_boom/f_boom.v Line: 104217)  (FMR_ELAB-147)
Warning: Index may take values outside array bound, may cause simulation mismatch .. (Signal: BoomTile___frontend___f4___ram_cfi_idx_bits Block: /BoomTile File: /hpc/home/connect.zzheng989/researchlib/VeriFlatten/eq_check/cascade_boom/f_boom.v Line: 104218)  (FMR_ELAB-147)
Warning: Index may take values outside array bound, may cause simulation mismatch .. (Signal: BoomTile___frontend___f4___ram_cfi_idx_valid Block: /BoomTile File: /hpc/home/connect.zzheng989/researchlib/VeriFlatten/eq_check/cascade_boom/f_boom.v Line: 104219)  (FMR_ELAB-147)
Warning: Index may take values outside array bound, may cause simulation mismatch .. (Signal: BoomTile___frontend___f4___ram_cfi_type Block: /BoomTile File: /hpc/home/connect.zzheng989/researchlib/VeriFlatten/eq_check/cascade_boom/f_boom.v Line: 104221)  (FMR_ELAB-147)
Warning: Index may take values outside array bound, may cause simulation mismatch .. (Signal: BoomTile___frontend___f4___ram_cfi_is_call Block: /BoomTile File: /hpc/home/connect.zzheng989/researchlib/VeriFlatten/eq_check/cascade_boom/f_boom.v Line: 104223)  (FMR_ELAB-147)
Warning: Index may take values outside array bound, may cause simulation mismatch .. (Signal: BoomTile___frontend___f4___ram_cfi_is_ret Block: /BoomTile File: /hpc/home/connect.zzheng989/researchlib/VeriFlatten/eq_check/cascade_boom/f_boom.v Line: 104224)  (FMR_ELAB-147)
Warning: Index may take values outside array bound, may cause simulation mismatch .. (Signal: BoomTile___frontend___f4___ram_ras_top Block: /BoomTile File: /hpc/home/connect.zzheng989/researchlib/VeriFlatten/eq_check/cascade_boom/f_boom.v Line: 104225)  (FMR_ELAB-147)
Warning: Index may take values outside array bound, may cause simulation mismatch .. (Signal: BoomTile___frontend___f4___ram_ghist_ras_idx Block: /BoomTile File: /hpc/home/connect.zzheng989/researchlib/VeriFlatten/eq_check/cascade_boom/f_boom.v Line: 104226)  (FMR_ELAB-147)
Warning: Index may take values outside array bound, may cause simulation mismatch .. (Signal: BoomTile___frontend___f4___ram_cfi_idx_valid Block: /BoomTile File: /hpc/home/connect.zzheng989/researchlib/VeriFlatten/eq_check/cascade_boom/f_boom.v Line: 104228)  (FMR_ELAB-147)
Warning: Index may take values outside array bound, may cause simulation mismatch .. (Signal: BoomTile___frontend___f4___ram_cfi_idx_bits Block: /BoomTile File: /hpc/home/connect.zzheng989/researchlib/VeriFlatten/eq_check/cascade_boom/f_boom.v Line: 104229)  (FMR_ELAB-147)
Warning: Index may take values outside array bound, may cause simulation mismatch .. (Signal: BoomTile___frontend___f4___ram_cfi_idx_valid Block: /BoomTile File: /hpc/home/connect.zzheng989/researchlib/VeriFlatten/eq_check/cascade_boom/f_boom.v Line: 104230)  (FMR_ELAB-147)
Warning: Index may take values outside array bound, may cause simulation mismatch .. (Signal: BoomTile___frontend___f4___ram_cfi_type Block: /BoomTile File: /hpc/home/connect.zzheng989/researchlib/VeriFlatten/eq_check/cascade_boom/f_boom.v Line: 104232)  (FMR_ELAB-147)
Warning: Index may take values outside array bound, may cause simulation mismatch .. (Signal: BoomTile___frontend___f4___ram_cfi_is_call Block: /BoomTile File: /hpc/home/connect.zzheng989/researchlib/VeriFlatten/eq_check/cascade_boom/f_boom.v Line: 104234)  (FMR_ELAB-147)
Warning: Index may take values outside array bound, may cause simulation mismatch .. (Signal: BoomTile___frontend___f4___ram_cfi_is_ret Block: /BoomTile File: /hpc/home/connect.zzheng989/researchlib/VeriFlatten/eq_check/cascade_boom/f_boom.v Line: 104235)  (FMR_ELAB-147)
Warning: Index may take values outside array bound, may cause simulation mismatch .. (Signal: BoomTile___frontend___f4___ram_ras_top Block: /BoomTile File: /hpc/home/connect.zzheng989/researchlib/VeriFlatten/eq_check/cascade_boom/f_boom.v Line: 104236)  (FMR_ELAB-147)
Warning: Index may take values outside array bound, may cause simulation mismatch .. (Signal: BoomTile___frontend___f4___ram_ghist_ras_idx Block: /BoomTile File: /hpc/home/connect.zzheng989/researchlib/VeriFlatten/eq_check/cascade_boom/f_boom.v Line: 104237)  (FMR_ELAB-147)
Warning: Index may take values outside array bound, may cause simulation mismatch .. (Signal: BoomTile___frontend___f4___ram_cfi_idx_valid Block: /BoomTile File: /hpc/home/connect.zzheng989/researchlib/VeriFlatten/eq_check/cascade_boom/f_boom.v Line: 104239)  (FMR_ELAB-147)
Warning: Index may take values outside array bound, may cause simulation mismatch .. (Signal: BoomTile___frontend___f4___ram_cfi_idx_bits Block: /BoomTile File: /hpc/home/connect.zzheng989/researchlib/VeriFlatten/eq_check/cascade_boom/f_boom.v Line: 104240)  (FMR_ELAB-147)
Warning: Index may take values outside array bound, may cause simulation mismatch .. (Signal: BoomTile___frontend___f4___ram_cfi_idx_valid Block: /BoomTile File: /hpc/home/connect.zzheng989/researchlib/VeriFlatten/eq_check/cascade_boom/f_boom.v Line: 104241)  (FMR_ELAB-147)
Warning: Index may take values outside array bound, may cause simulation mismatch .. (Signal: BoomTile___frontend___f4___ram_cfi_type Block: /BoomTile File: /hpc/home/connect.zzheng989/researchlib/VeriFlatten/eq_check/cascade_boom/f_boom.v Line: 104243)  (FMR_ELAB-147)
Warning: Index may take values outside array bound, may cause simulation mismatch .. (Signal: BoomTile___frontend___f4___ram_cfi_is_call Block: /BoomTile File: /hpc/home/connect.zzheng989/researchlib/VeriFlatten/eq_check/cascade_boom/f_boom.v Line: 104245)  (FMR_ELAB-147)
Warning: Index may take values outside array bound, may cause simulation mismatch .. (Signal: BoomTile___frontend___f4___ram_cfi_is_ret Block: /BoomTile File: /hpc/home/connect.zzheng989/researchlib/VeriFlatten/eq_check/cascade_boom/f_boom.v Line: 104246)  (FMR_ELAB-147)
Warning: Index may take values outside array bound, may cause simulation mismatch .. (Signal: BoomTile___frontend___f4___ram_ras_top Block: /BoomTile File: /hpc/home/connect.zzheng989/researchlib/VeriFlatten/eq_check/cascade_boom/f_boom.v Line: 104247)  (FMR_ELAB-147)
Warning: Index may take values outside array bound, may cause simulation mismatch .. (Signal: BoomTile___frontend___f4___ram_ghist_ras_idx Block: /BoomTile File: /hpc/home/connect.zzheng989/researchlib/VeriFlatten/eq_check/cascade_boom/f_boom.v Line: 104248)  (FMR_ELAB-147)
Warning: Index may take values outside array bound, may cause simulation mismatch .. (Signal: BoomTile___frontend___f4___ram_cfi_idx_valid Block: /BoomTile File: /hpc/home/connect.zzheng989/researchlib/VeriFlatten/eq_check/cascade_boom/f_boom.v Line: 104250)  (FMR_ELAB-147)
Warning: Index may take values outside array bound, may cause simulation mismatch .. (Signal: BoomTile___frontend___f4___ram_cfi_idx_bits Block: /BoomTile File: /hpc/home/connect.zzheng989/researchlib/VeriFlatten/eq_check/cascade_boom/f_boom.v Line: 104251)  (FMR_ELAB-147)
Warning: Index may take values outside array bound, may cause simulation mismatch .. (Signal: BoomTile___frontend___f4___ram_cfi_idx_valid Block: /BoomTile File: /hpc/home/connect.zzheng989/researchlib/VeriFlatten/eq_check/cascade_boom/f_boom.v Line: 104252)  (FMR_ELAB-147)
Warning: Index may take values outside array bound, may cause simulation mismatch .. (Signal: BoomTile___frontend___f4___ram_cfi_type Block: /BoomTile File: /hpc/home/connect.zzheng989/researchlib/VeriFlatten/eq_check/cascade_boom/f_boom.v Line: 104254)  (FMR_ELAB-147)
Warning: Index may take values outside array bound, may cause simulation mismatch .. (Signal: BoomTile___frontend___f4___ram_cfi_is_call Block: /BoomTile File: /hpc/home/connect.zzheng989/researchlib/VeriFlatten/eq_check/cascade_boom/f_boom.v Line: 104256)  (FMR_ELAB-147)
Warning: Index may take values outside array bound, may cause simulation mismatch .. (Signal: BoomTile___frontend___f4___ram_cfi_is_ret Block: /BoomTile File: /hpc/home/connect.zzheng989/researchlib/VeriFlatten/eq_check/cascade_boom/f_boom.v Line: 104257)  (FMR_ELAB-147)
Warning: Index may take values outside array bound, may cause simulation mismatch .. (Signal: BoomTile___frontend___f4___ram_ras_top Block: /BoomTile File: /hpc/home/connect.zzheng989/researchlib/VeriFlatten/eq_check/cascade_boom/f_boom.v Line: 104258)  (FMR_ELAB-147)
Warning: Index may take values outside array bound, may cause simulation mismatch .. (Signal: BoomTile___frontend___f4___ram_ghist_ras_idx Block: /BoomTile File: /hpc/home/connect.zzheng989/researchlib/VeriFlatten/eq_check/cascade_boom/f_boom.v Line: 104259)  (FMR_ELAB-147)
Warning: Index may take values outside array bound, may cause simulation mismatch .. (Signal: BoomTile___frontend___f4___ram_cfi_idx_valid Block: /BoomTile File: /hpc/home/connect.zzheng989/researchlib/VeriFlatten/eq_check/cascade_boom/f_boom.v Line: 104261)  (FMR_ELAB-147)
Warning: Index may take values outside array bound, may cause simulation mismatch .. (Signal: BoomTile___frontend___f4___ram_cfi_idx_bits Block: /BoomTile File: /hpc/home/connect.zzheng989/researchlib/VeriFlatten/eq_check/cascade_boom/f_boom.v Line: 104262)  (FMR_ELAB-147)
Warning: Index may take values outside array bound, may cause simulation mismatch .. (Signal: BoomTile___frontend___f4___ram_cfi_idx_valid Block: /BoomTile File: /hpc/home/connect.zzheng989/researchlib/VeriFlatten/eq_check/cascade_boom/f_boom.v Line: 104263)  (FMR_ELAB-147)
Warning: Index may take values outside array bound, may cause simulation mismatch .. (Signal: BoomTile___frontend___f4___ram_cfi_type Block: /BoomTile File: /hpc/home/connect.zzheng989/researchlib/VeriFlatten/eq_check/cascade_boom/f_boom.v Line: 104265)  (FMR_ELAB-147)
Warning: Index may take values outside array bound, may cause simulation mismatch .. (Signal: BoomTile___frontend___f4___ram_cfi_is_call Block: /BoomTile File: /hpc/home/connect.zzheng989/researchlib/VeriFlatten/eq_check/cascade_boom/f_boom.v Line: 104267)  (FMR_ELAB-147)
Warning: Index may take values outside array bound, may cause simulation mismatch .. (Signal: BoomTile___frontend___f4___ram_cfi_is_ret Block: /BoomTile File: /hpc/home/connect.zzheng989/researchlib/VeriFlatten/eq_check/cascade_boom/f_boom.v Line: 104268)  (FMR_ELAB-147)
Warning: Index may take values outside array bound, may cause simulation mismatch .. (Signal: BoomTile___frontend___f4___ram_ras_top Block: /BoomTile File: /hpc/home/connect.zzheng989/researchlib/VeriFlatten/eq_check/cascade_boom/f_boom.v Line: 104269)  (FMR_ELAB-147)
Warning: Index may take values outside array bound, may cause simulation mismatch .. (Signal: BoomTile___frontend___f4___ram_ghist_ras_idx Block: /BoomTile File: /hpc/home/connect.zzheng989/researchlib/VeriFlatten/eq_check/cascade_boom/f_boom.v Line: 104270)  (FMR_ELAB-147)
Warning: Index may take values outside array bound, may cause simulation mismatch .. (Signal: BoomTile___frontend___f4___ram_cfi_idx_valid Block: /BoomTile File: /hpc/home/connect.zzheng989/researchlib/VeriFlatten/eq_check/cascade_boom/f_boom.v Line: 104272)  (FMR_ELAB-147)
Warning: Index may take values outside array bound, may cause simulation mismatch .. (Signal: BoomTile___frontend___f4___ram_cfi_idx_bits Block: /BoomTile File: /hpc/home/connect.zzheng989/researchlib/VeriFlatten/eq_check/cascade_boom/f_boom.v Line: 104273)  (FMR_ELAB-147)
Warning: Index may take values outside array bound, may cause simulation mismatch .. (Signal: BoomTile___frontend___f4___ram_cfi_idx_valid Block: /BoomTile File: /hpc/home/connect.zzheng989/researchlib/VeriFlatten/eq_check/cascade_boom/f_boom.v Line: 104274)  (FMR_ELAB-147)
Warning: Index may take values outside array bound, may cause simulation mismatch .. (Signal: BoomTile___frontend___f4___ram_cfi_type Block: /BoomTile File: /hpc/home/connect.zzheng989/researchlib/VeriFlatten/eq_check/cascade_boom/f_boom.v Line: 104276)  (FMR_ELAB-147)
Warning: Index may take values outside array bound, may cause simulation mismatch .. (Signal: BoomTile___frontend___f4___ram_cfi_is_call Block: /BoomTile File: /hpc/home/connect.zzheng989/researchlib/VeriFlatten/eq_check/cascade_boom/f_boom.v Line: 104278)  (FMR_ELAB-147)
Warning: Index may take values outside array bound, may cause simulation mismatch .. (Signal: BoomTile___frontend___f4___ram_cfi_is_ret Block: /BoomTile File: /hpc/home/connect.zzheng989/researchlib/VeriFlatten/eq_check/cascade_boom/f_boom.v Line: 104279)  (FMR_ELAB-147)
Warning: Index may take values outside array bound, may cause simulation mismatch .. (Signal: BoomTile___frontend___f4___ram_ras_top Block: /BoomTile File: /hpc/home/connect.zzheng989/researchlib/VeriFlatten/eq_check/cascade_boom/f_boom.v Line: 104280)  (FMR_ELAB-147)
Warning: Index may take values outside array bound, may cause simulation mismatch .. (Signal: BoomTile___frontend___f4___ram_ghist_ras_idx Block: /BoomTile File: /hpc/home/connect.zzheng989/researchlib/VeriFlatten/eq_check/cascade_boom/f_boom.v Line: 104281)  (FMR_ELAB-147)
Warning: Index may take values outside array bound, may cause simulation mismatch .. (Signal: BoomTile___frontend___f4___ram_cfi_idx_valid Block: /BoomTile File: /hpc/home/connect.zzheng989/researchlib/VeriFlatten/eq_check/cascade_boom/f_boom.v Line: 104283)  (FMR_ELAB-147)
Warning: Index may take values outside array bound, may cause simulation mismatch .. (Signal: BoomTile___frontend___f4___ram_cfi_idx_bits Block: /BoomTile File: /hpc/home/connect.zzheng989/researchlib/VeriFlatten/eq_check/cascade_boom/f_boom.v Line: 104284)  (FMR_ELAB-147)
Warning: Index may take values outside array bound, may cause simulation mismatch .. (Signal: BoomTile___frontend___f4___ram_cfi_idx_valid Block: /BoomTile File: /hpc/home/connect.zzheng989/researchlib/VeriFlatten/eq_check/cascade_boom/f_boom.v Line: 104285)  (FMR_ELAB-147)
Warning: Index may take values outside array bound, may cause simulation mismatch .. (Signal: BoomTile___frontend___f4___ram_cfi_type Block: /BoomTile File: /hpc/home/connect.zzheng989/researchlib/VeriFlatten/eq_check/cascade_boom/f_boom.v Line: 104287)  (FMR_ELAB-147)
Warning: Index may take values outside array bound, may cause simulation mismatch .. (Signal: BoomTile___frontend___f4___ram_cfi_is_call Block: /BoomTile File: /hpc/home/connect.zzheng989/researchlib/VeriFlatten/eq_check/cascade_boom/f_boom.v Line: 104289)  (FMR_ELAB-147)
Warning: Index may take values outside array bound, may cause simulation mismatch .. (Signal: BoomTile___frontend___f4___ram_cfi_is_ret Block: /BoomTile File: /hpc/home/connect.zzheng989/researchlib/VeriFlatten/eq_check/cascade_boom/f_boom.v Line: 104290)  (FMR_ELAB-147)
Warning: Index may take values outside array bound, may cause simulation mismatch .. (Signal: BoomTile___frontend___f4___ram_ras_top Block: /BoomTile File: /hpc/home/connect.zzheng989/researchlib/VeriFlatten/eq_check/cascade_boom/f_boom.v Line: 104291)  (FMR_ELAB-147)
Warning: Index may take values outside array bound, may cause simulation mismatch .. (Signal: BoomTile___frontend___f4___ram_ghist_ras_idx Block: /BoomTile File: /hpc/home/connect.zzheng989/researchlib/VeriFlatten/eq_check/cascade_boom/f_boom.v Line: 104292)  (FMR_ELAB-147)
Warning: Index may take values outside array bound, may cause simulation mismatch .. (Signal: BoomTile___frontend___f4___ram_cfi_idx_valid Block: /BoomTile File: /hpc/home/connect.zzheng989/researchlib/VeriFlatten/eq_check/cascade_boom/f_boom.v Line: 104294)  (FMR_ELAB-147)
Warning: Index may take values outside array bound, may cause simulation mismatch .. (Signal: BoomTile___frontend___f4___ram_cfi_idx_bits Block: /BoomTile File: /hpc/home/connect.zzheng989/researchlib/VeriFlatten/eq_check/cascade_boom/f_boom.v Line: 104295)  (FMR_ELAB-147)
Warning: Index may take values outside array bound, may cause simulation mismatch .. (Signal: BoomTile___frontend___f4___ram_cfi_idx_valid Block: /BoomTile File: /hpc/home/connect.zzheng989/researchlib/VeriFlatten/eq_check/cascade_boom/f_boom.v Line: 104296)  (FMR_ELAB-147)
Warning: Index may take values outside array bound, may cause simulation mismatch .. (Signal: BoomTile___frontend___f4___ram_cfi_type Block: /BoomTile File: /hpc/home/connect.zzheng989/researchlib/VeriFlatten/eq_check/cascade_boom/f_boom.v Line: 104298)  (FMR_ELAB-147)
Warning: Index may take values outside array bound, may cause simulation mismatch .. (Signal: BoomTile___frontend___f4___ram_cfi_is_call Block: /BoomTile File: /hpc/home/connect.zzheng989/researchlib/VeriFlatten/eq_check/cascade_boom/f_boom.v Line: 104300)  (FMR_ELAB-147)
Warning: Index may take values outside array bound, may cause simulation mismatch .. (Signal: BoomTile___frontend___f4___ram_cfi_is_ret Block: /BoomTile File: /hpc/home/connect.zzheng989/researchlib/VeriFlatten/eq_check/cascade_boom/f_boom.v Line: 104301)  (FMR_ELAB-147)
Warning: Index may take values outside array bound, may cause simulation mismatch .. (Signal: BoomTile___frontend___f4___ram_ras_top Block: /BoomTile File: /hpc/home/connect.zzheng989/researchlib/VeriFlatten/eq_check/cascade_boom/f_boom.v Line: 104302)  (FMR_ELAB-147)
Warning: Index may take values outside array bound, may cause simulation mismatch .. (Signal: BoomTile___frontend___f4___ram_ghist_ras_idx Block: /BoomTile File: /hpc/home/connect.zzheng989/researchlib/VeriFlatten/eq_check/cascade_boom/f_boom.v Line: 104303)  (FMR_ELAB-147)
Warning: Index may take values outside array bound, may cause simulation mismatch .. (Signal: BoomTile___frontend___f4___ram_cfi_idx_valid Block: /BoomTile File: /hpc/home/connect.zzheng989/researchlib/VeriFlatten/eq_check/cascade_boom/f_boom.v Line: 104305)  (FMR_ELAB-147)
Warning: Index may take values outside array bound, may cause simulation mismatch .. (Signal: BoomTile___frontend___f4___ram_cfi_idx_bits Block: /BoomTile File: /hpc/home/connect.zzheng989/researchlib/VeriFlatten/eq_check/cascade_boom/f_boom.v Line: 104306)  (FMR_ELAB-147)
Warning: Index may take values outside array bound, may cause simulation mismatch .. (Signal: BoomTile___frontend___f4___ram_cfi_idx_valid Block: /BoomTile File: /hpc/home/connect.zzheng989/researchlib/VeriFlatten/eq_check/cascade_boom/f_boom.v Line: 104307)  (FMR_ELAB-147)
Warning: Index may take values outside array bound, may cause simulation mismatch .. (Signal: BoomTile___frontend___f4___ram_cfi_type Block: /BoomTile File: /hpc/home/connect.zzheng989/researchlib/VeriFlatten/eq_check/cascade_boom/f_boom.v Line: 104309)  (FMR_ELAB-147)
Warning: Index may take values outside array bound, may cause simulation mismatch .. (Signal: BoomTile___frontend___f4___ram_cfi_is_call Block: /BoomTile File: /hpc/home/connect.zzheng989/researchlib/VeriFlatten/eq_check/cascade_boom/f_boom.v Line: 104311)  (FMR_ELAB-147)
Warning: Index may take values outside array bound, may cause simulation mismatch .. (Signal: BoomTile___frontend___f4___ram_cfi_is_ret Block: /BoomTile File: /hpc/home/connect.zzheng989/researchlib/VeriFlatten/eq_check/cascade_boom/f_boom.v Line: 104312)  (FMR_ELAB-147)
Warning: Index may take values outside array bound, may cause simulation mismatch .. (Signal: BoomTile___frontend___f4___ram_ras_top Block: /BoomTile File: /hpc/home/connect.zzheng989/researchlib/VeriFlatten/eq_check/cascade_boom/f_boom.v Line: 104313)  (FMR_ELAB-147)
Warning: Index may take values outside array bound, may cause simulation mismatch .. (Signal: BoomTile___frontend___f4___ram_ghist_ras_idx Block: /BoomTile File: /hpc/home/connect.zzheng989/researchlib/VeriFlatten/eq_check/cascade_boom/f_boom.v Line: 104314)  (FMR_ELAB-147)
Warning: Index may take values outside array bound, may cause simulation mismatch .. (Signal: BoomTile___frontend___f4___ram_cfi_idx_valid Block: /BoomTile File: /hpc/home/connect.zzheng989/researchlib/VeriFlatten/eq_check/cascade_boom/f_boom.v Line: 104316)  (FMR_ELAB-147)
Warning: Index may take values outside array bound, may cause simulation mismatch .. (Signal: BoomTile___frontend___f4___ram_cfi_idx_bits Block: /BoomTile File: /hpc/home/connect.zzheng989/researchlib/VeriFlatten/eq_check/cascade_boom/f_boom.v Line: 104317)  (FMR_ELAB-147)
Warning: Index may take values outside array bound, may cause simulation mismatch .. (Signal: BoomTile___frontend___f4___ram_cfi_idx_valid Block: /BoomTile File: /hpc/home/connect.zzheng989/researchlib/VeriFlatten/eq_check/cascade_boom/f_boom.v Line: 104318)  (FMR_ELAB-147)
Warning: Index may take values outside array bound, may cause simulation mismatch .. (Signal: BoomTile___frontend___f4___ram_cfi_type Block: /BoomTile File: /hpc/home/connect.zzheng989/researchlib/VeriFlatten/eq_check/cascade_boom/f_boom.v Line: 104320)  (FMR_ELAB-147)
Warning: Index may take values outside array bound, may cause simulation mismatch .. (Signal: BoomTile___frontend___f4___ram_cfi_is_call Block: /BoomTile File: /hpc/home/connect.zzheng989/researchlib/VeriFlatten/eq_check/cascade_boom/f_boom.v Line: 104322)  (FMR_ELAB-147)
Warning: Index may take values outside array bound, may cause simulation mismatch .. (Signal: BoomTile___frontend___f4___ram_cfi_is_ret Block: /BoomTile File: /hpc/home/connect.zzheng989/researchlib/VeriFlatten/eq_check/cascade_boom/f_boom.v Line: 104323)  (FMR_ELAB-147)
Warning: Index may take values outside array bound, may cause simulation mismatch .. (Signal: BoomTile___frontend___f4___ram_ras_top Block: /BoomTile File: /hpc/home/connect.zzheng989/researchlib/VeriFlatten/eq_check/cascade_boom/f_boom.v Line: 104324)  (FMR_ELAB-147)
Warning: Index may take values outside array bound, may cause simulation mismatch .. (Signal: BoomTile___frontend___f4___ram_ghist_ras_idx Block: /BoomTile File: /hpc/home/connect.zzheng989/researchlib/VeriFlatten/eq_check/cascade_boom/f_boom.v Line: 104325)  (FMR_ELAB-147)
Warning: Index may take values outside array bound, may cause simulation mismatch .. (Signal: BoomTile___frontend___f4___ram_cfi_idx_valid Block: /BoomTile File: /hpc/home/connect.zzheng989/researchlib/VeriFlatten/eq_check/cascade_boom/f_boom.v Line: 104327)  (FMR_ELAB-147)
Warning: Index may take values outside array bound, may cause simulation mismatch .. (Signal: BoomTile___frontend___f4___ram_cfi_idx_bits Block: /BoomTile File: /hpc/home/connect.zzheng989/researchlib/VeriFlatten/eq_check/cascade_boom/f_boom.v Line: 104328)  (FMR_ELAB-147)
Warning: Index may take values outside array bound, may cause simulation mismatch .. (Signal: BoomTile___frontend___f4___ram_cfi_idx_valid Block: /BoomTile File: /hpc/home/connect.zzheng989/researchlib/VeriFlatten/eq_check/cascade_boom/f_boom.v Line: 104329)  (FMR_ELAB-147)
Warning: Index may take values outside array bound, may cause simulation mismatch .. (Signal: BoomTile___frontend___f4___ram_cfi_type Block: /BoomTile File: /hpc/home/connect.zzheng989/researchlib/VeriFlatten/eq_check/cascade_boom/f_boom.v Line: 104331)  (FMR_ELAB-147)
Warning: Index may take values outside array bound, may cause simulation mismatch .. (Signal: BoomTile___frontend___f4___ram_cfi_is_call Block: /BoomTile File: /hpc/home/connect.zzheng989/researchlib/VeriFlatten/eq_check/cascade_boom/f_boom.v Line: 104333)  (FMR_ELAB-147)
Warning: Index may take values outside array bound, may cause simulation mismatch .. (Signal: BoomTile___frontend___f4___ram_cfi_is_ret Block: /BoomTile File: /hpc/home/connect.zzheng989/researchlib/VeriFlatten/eq_check/cascade_boom/f_boom.v Line: 104334)  (FMR_ELAB-147)
Warning: Index may take values outside array bound, may cause simulation mismatch .. (Signal: BoomTile___frontend___f4___ram_ras_top Block: /BoomTile File: /hpc/home/connect.zzheng989/researchlib/VeriFlatten/eq_check/cascade_boom/f_boom.v Line: 104335)  (FMR_ELAB-147)
Warning: Index may take values outside array bound, may cause simulation mismatch .. (Signal: BoomTile___frontend___f4___ram_ghist_ras_idx Block: /BoomTile File: /hpc/home/connect.zzheng989/researchlib/VeriFlatten/eq_check/cascade_boom/f_boom.v Line: 104336)  (FMR_ELAB-147)
Warning: Index may take values outside array bound, may cause simulation mismatch .. (Signal: BoomTile___frontend___f4___ram_cfi_idx_valid Block: /BoomTile File: /hpc/home/connect.zzheng989/researchlib/VeriFlatten/eq_check/cascade_boom/f_boom.v Line: 104338)  (FMR_ELAB-147)
Warning: Index may take values outside array bound, may cause simulation mismatch .. (Signal: BoomTile___frontend___f4___ram_cfi_idx_bits Block: /BoomTile File: /hpc/home/connect.zzheng989/researchlib/VeriFlatten/eq_check/cascade_boom/f_boom.v Line: 104339)  (FMR_ELAB-147)
Warning: Index may take values outside array bound, may cause simulation mismatch .. (Signal: BoomTile___frontend___f4___ram_cfi_idx_valid Block: /BoomTile File: /hpc/home/connect.zzheng989/researchlib/VeriFlatten/eq_check/cascade_boom/f_boom.v Line: 104340)  (FMR_ELAB-147)
Warning: Index may take values outside array bound, may cause simulation mismatch .. (Signal: BoomTile___frontend___f4___ram_cfi_type Block: /BoomTile File: /hpc/home/connect.zzheng989/researchlib/VeriFlatten/eq_check/cascade_boom/f_boom.v Line: 104342)  (FMR_ELAB-147)
Warning: Index may take values outside array bound, may cause simulation mismatch .. (Signal: BoomTile___frontend___f4___ram_cfi_is_call Block: /BoomTile File: /hpc/home/connect.zzheng989/researchlib/VeriFlatten/eq_check/cascade_boom/f_boom.v Line: 104344)  (FMR_ELAB-147)
Warning: Index may take values outside array bound, may cause simulation mismatch .. (Signal: BoomTile___frontend___f4___ram_cfi_is_ret Block: /BoomTile File: /hpc/home/connect.zzheng989/researchlib/VeriFlatten/eq_check/cascade_boom/f_boom.v Line: 104345)  (FMR_ELAB-147)
Warning: Index may take values outside array bound, may cause simulation mismatch .. (Signal: BoomTile___frontend___f4___ram_ras_top Block: /BoomTile File: /hpc/home/connect.zzheng989/researchlib/VeriFlatten/eq_check/cascade_boom/f_boom.v Line: 104346)  (FMR_ELAB-147)
Warning: Index may take values outside array bound, may cause simulation mismatch .. (Signal: BoomTile___frontend___f4___ram_ghist_ras_idx Block: /BoomTile File: /hpc/home/connect.zzheng989/researchlib/VeriFlatten/eq_check/cascade_boom/f_boom.v Line: 104347)  (FMR_ELAB-147)
Warning: Index may take values outside array bound, may cause simulation mismatch .. (Signal: BoomTile___frontend___f4___ram_ghist_current_saw_branch_not_taken Block: /BoomTile File: /hpc/home/connect.zzheng989/researchlib/VeriFlatten/eq_check/cascade_boom/f_boom.v Line: 104351)  (FMR_ELAB-147)
Warning: Index may take values outside array bound, may cause simulation mismatch .. (Signal: BoomTile___frontend___f4___ram_cfi_idx_valid Block: /BoomTile File: /hpc/home/connect.zzheng989/researchlib/VeriFlatten/eq_check/cascade_boom/f_boom.v Line: 104355)  (FMR_ELAB-147)
Warning: Index may take values outside array bound, may cause simulation mismatch .. (Signal: BoomTile___frontend___f4___ram_cfi_idx_bits Block: /BoomTile File: /hpc/home/connect.zzheng989/researchlib/VeriFlatten/eq_check/cascade_boom/f_boom.v Line: 104356)  (FMR_ELAB-147)
Warning: Index may take values outside array bound, may cause simulation mismatch .. (Signal: BoomTile___frontend___f4___ram_cfi_idx_valid Block: /BoomTile File: /hpc/home/connect.zzheng989/researchlib/VeriFlatten/eq_check/cascade_boom/f_boom.v Line: 104357)  (FMR_ELAB-147)
Warning: Index may take values outside array bound, may cause simulation mismatch .. (Signal: BoomTile___frontend___f4___ram_cfi_is_call Block: /BoomTile File: /hpc/home/connect.zzheng989/researchlib/VeriFlatten/eq_check/cascade_boom/f_boom.v Line: 104359)  (FMR_ELAB-147)
Warning: Index may take values outside array bound, may cause simulation mismatch .. (Signal: BoomTile___frontend___f4___ram_cfi_is_ret Block: /BoomTile File: /hpc/home/connect.zzheng989/researchlib/VeriFlatten/eq_check/cascade_boom/f_boom.v Line: 104360)  (FMR_ELAB-147)
Warning: Index may take values outside array bound, may cause simulation mismatch .. (Signal: BoomTile___frontend___f4___ram_br_mask Block: /BoomTile File: /hpc/home/connect.zzheng989/researchlib/VeriFlatten/eq_check/cascade_boom/f_boom.v Line: 104412)  (FMR_ELAB-147)
Warning: Index may take values outside array bound, may cause simulation mismatch .. (Signal: BoomTile___frontend___f4___ram_ghist_current_saw_branch_not_taken Block: /BoomTile File: /hpc/home/connect.zzheng989/researchlib/VeriFlatten/eq_check/cascade_boom/f_boom.v Line: 104481)  (FMR_ELAB-147)
Warning: Index may take values outside array bound, may cause simulation mismatch .. (Signal: BoomTile___frontend___f4___ram_ghist_current_saw_branch_not_taken Block: /BoomTile File: /hpc/home/connect.zzheng989/researchlib/VeriFlatten/eq_check/cascade_boom/f_boom.v Line: 104483)  (FMR_ELAB-147)
Warning: Index may take values outside array bound, may cause simulation mismatch .. (Signal: BoomTile___frontend___f4___ram_ghist_current_saw_branch_not_taken Block: /BoomTile File: /hpc/home/connect.zzheng989/researchlib/VeriFlatten/eq_check/cascade_boom/f_boom.v Line: 104596)  (FMR_ELAB-147)
Warning: Index may take values outside array bound, may cause simulation mismatch .. (Signal: BoomTile___frontend___f4___ram_ghist_current_saw_branch_not_taken Block: /BoomTile File: /hpc/home/connect.zzheng989/researchlib/VeriFlatten/eq_check/cascade_boom/f_boom.v Line: 104597)  (FMR_ELAB-147)
Warning: Index may take values outside array bound, may cause simulation mismatch .. (Signal: BoomTile___frontend___f4___ram_ghist_current_saw_branch_not_taken Block: /BoomTile File: /hpc/home/connect.zzheng989/researchlib/VeriFlatten/eq_check/cascade_boom/f_boom.v Line: 104609)  (FMR_ELAB-147)
Warning: Index may take values outside array bound, may cause simulation mismatch .. (Signal: BoomTile___core___jmp_unit___queue___ram_data Block: /BoomTile File: /hpc/home/connect.zzheng989/researchlib/VeriFlatten/eq_check/cascade_boom/f_boom.v Line: 105061)  (FMR_ELAB-147)
Warning: Index may take values outside array bound, may cause simulation mismatch .. (Signal: BoomTile___core___jmp_unit___queue___ram_predicated Block: /BoomTile File: /hpc/home/connect.zzheng989/researchlib/VeriFlatten/eq_check/cascade_boom/f_boom.v Line: 105062)  (FMR_ELAB-147)
Warning: Index may take values outside array bound, may cause simulation mismatch .. (Signal: BoomTile___core___jmp_unit___queue___ram_fflags_valid Block: /BoomTile File: /hpc/home/connect.zzheng989/researchlib/VeriFlatten/eq_check/cascade_boom/f_boom.v Line: 105063)  (FMR_ELAB-147)
Warning: Index may take values outside array bound, may cause simulation mismatch .. (Signal: BoomTile___core___jmp_unit___queue___ram_fflags_bits_uop_rob_idx Block: /BoomTile File: /hpc/home/connect.zzheng989/researchlib/VeriFlatten/eq_check/cascade_boom/f_boom.v Line: 105064)  (FMR_ELAB-147)
Warning: Index may take values outside array bound, may cause simulation mismatch .. (Signal: BoomTile___core___jmp_unit___queue___ram_fflags_bits_flags Block: /BoomTile File: /hpc/home/connect.zzheng989/researchlib/VeriFlatten/eq_check/cascade_boom/f_boom.v Line: 105065)  (FMR_ELAB-147)
Warning: Index may take values outside array bound, may cause simulation mismatch .. (Signal: BoomTile___core___fp_pipeline___fpiu_unit___queue___ram_data Block: /BoomTile File: /hpc/home/connect.zzheng989/researchlib/VeriFlatten/eq_check/cascade_boom/f_boom.v Line: 106063)  (FMR_ELAB-147)
Warning: Index may take values outside array bound, may cause simulation mismatch .. (Signal: BoomTile___core___fp_pipeline___fpiu_unit___queue___ram_predicated Block: /BoomTile File: /hpc/home/connect.zzheng989/researchlib/VeriFlatten/eq_check/cascade_boom/f_boom.v Line: 106064)  (FMR_ELAB-147)
Warning: Index may take values outside array bound, may cause simulation mismatch .. (Signal: BoomTile___core___fp_pipeline___fpiu_unit___queue___ram_fflags_valid Block: /BoomTile File: /hpc/home/connect.zzheng989/researchlib/VeriFlatten/eq_check/cascade_boom/f_boom.v Line: 106065)  (FMR_ELAB-147)
Warning: Index may take values outside array bound, may cause simulation mismatch .. (Signal: BoomTile___core___fp_pipeline___fpiu_unit___queue___ram_fflags_bits_uop_rob_idx Block: /BoomTile File: /hpc/home/connect.zzheng989/researchlib/VeriFlatten/eq_check/cascade_boom/f_boom.v Line: 106066)  (FMR_ELAB-147)
Warning: Index may take values outside array bound, may cause simulation mismatch .. (Signal: BoomTile___core___fp_pipeline___fpiu_unit___queue___ram_fflags_bits_flags Block: /BoomTile File: /hpc/home/connect.zzheng989/researchlib/VeriFlatten/eq_check/cascade_boom/f_boom.v Line: 106067)  (FMR_ELAB-147)
Warning: Index may take values outside array bound, may cause simulation mismatch .. (Signal: BoomTile___core___fp_pipeline___fpiu_unit___fp_sdq___ram_data Block: /BoomTile File: /hpc/home/connect.zzheng989/researchlib/VeriFlatten/eq_check/cascade_boom/f_boom.v Line: 106119)  (FMR_ELAB-147)
Warning: Index may take values outside array bound, may cause simulation mismatch .. (Signal: BoomTile___core___fp_pipeline___fpiu_unit___fp_sdq___ram_predicated Block: /BoomTile File: /hpc/home/connect.zzheng989/researchlib/VeriFlatten/eq_check/cascade_boom/f_boom.v Line: 106120)  (FMR_ELAB-147)
Warning: Index may take values outside array bound, may cause simulation mismatch .. (Signal: BoomTile___core___fp_pipeline___fpiu_unit___fp_sdq___ram_fflags_valid Block: /BoomTile File: /hpc/home/connect.zzheng989/researchlib/VeriFlatten/eq_check/cascade_boom/f_boom.v Line: 106121)  (FMR_ELAB-147)
Warning: Index may take values outside array bound, may cause simulation mismatch .. (Signal: BoomTile___core___fp_pipeline___fpiu_unit___fp_sdq___ram_fflags_bits_uop_rob_idx Block: /BoomTile File: /hpc/home/connect.zzheng989/researchlib/VeriFlatten/eq_check/cascade_boom/f_boom.v Line: 106122)  (FMR_ELAB-147)
Warning: Index may take values outside array bound, may cause simulation mismatch .. (Signal: BoomTile___core___fp_pipeline___fpiu_unit___fp_sdq___ram_fflags_bits_flags Block: /BoomTile File: /hpc/home/connect.zzheng989/researchlib/VeriFlatten/eq_check/cascade_boom/f_boom.v Line: 106123)  (FMR_ELAB-147)
Warning: Index may take values outside array bound, may cause simulation mismatch .. (Signal: BoomTile___frontend___f3___ram_ghist_new_saw_branch_not_taken Block: /BoomTile File: /hpc/home/connect.zzheng989/researchlib/VeriFlatten/eq_check/cascade_boom/f_boom.v Line: 121085)  (FMR_ELAB-147)
Warning: Index may take values outside array bound, may cause simulation mismatch .. (Signal: BoomTile___frontend___f3___ram_ghist_new_saw_branch_taken Block: /BoomTile File: /hpc/home/connect.zzheng989/researchlib/VeriFlatten/eq_check/cascade_boom/f_boom.v Line: 121086)  (FMR_ELAB-147)
Warning: Index may take values outside array bound, may cause simulation mismatch .. (Signal: BoomTile___frontend___f4___ram_pc Block: /BoomTile File: /hpc/home/connect.zzheng989/researchlib/VeriFlatten/eq_check/cascade_boom/f_boom.v Line: 121087)  (FMR_ELAB-147)
Warning: Index may take values outside array bound, may cause simulation mismatch .. (Signal: BoomTile___frontend___f4___ram_edge_inst_0 Block: /BoomTile File: /hpc/home/connect.zzheng989/researchlib/VeriFlatten/eq_check/cascade_boom/f_boom.v Line: 121088)  (FMR_ELAB-147)
Warning: Index may take values outside array bound, may cause simulation mismatch .. (Signal: BoomTile___frontend___f4___ram_edge_inst_0 Block: /BoomTile File: /hpc/home/connect.zzheng989/researchlib/VeriFlatten/eq_check/cascade_boom/f_boom.v Line: 121092)  (FMR_ELAB-147)
Warning: Index may take values outside array bound, may cause simulation mismatch .. (Signal: BoomTile___frontend___f4___ram_pc Block: /BoomTile File: /hpc/home/connect.zzheng989/researchlib/VeriFlatten/eq_check/cascade_boom/f_boom.v Line: 121097)  (FMR_ELAB-147)
Warning: Index may take values outside array bound, may cause simulation mismatch .. (Signal: BoomTile___frontend___f4___ram_insts_0 Block: /BoomTile File: /hpc/home/connect.zzheng989/researchlib/VeriFlatten/eq_check/cascade_boom/f_boom.v Line: 121098)  (FMR_ELAB-147)
Warning: Index may take values outside array bound, may cause simulation mismatch .. (Signal: BoomTile___frontend___f4___ram_insts_0 Block: /BoomTile File: /hpc/home/connect.zzheng989/researchlib/VeriFlatten/eq_check/cascade_boom/f_boom.v Line: 121099)  (FMR_ELAB-147)
Warning: Index may take values outside array bound, may cause simulation mismatch .. (Signal: BoomTile___frontend___f4___ram_insts_1 Block: /BoomTile File: /hpc/home/connect.zzheng989/researchlib/VeriFlatten/eq_check/cascade_boom/f_boom.v Line: 121100)  (FMR_ELAB-147)
Warning: Index may take values outside array bound, may cause simulation mismatch .. (Signal: BoomTile___frontend___f4___ram_insts_1 Block: /BoomTile File: /hpc/home/connect.zzheng989/researchlib/VeriFlatten/eq_check/cascade_boom/f_boom.v Line: 121101)  (FMR_ELAB-147)
Warning: Index may take values outside array bound, may cause simulation mismatch .. (Signal: BoomTile___frontend___f4___ram_insts_2 Block: /BoomTile File: /hpc/home/connect.zzheng989/researchlib/VeriFlatten/eq_check/cascade_boom/f_boom.v Line: 121102)  (FMR_ELAB-147)
Warning: Index may take values outside array bound, may cause simulation mismatch .. (Signal: BoomTile___frontend___f4___ram_insts_2 Block: /BoomTile File: /hpc/home/connect.zzheng989/researchlib/VeriFlatten/eq_check/cascade_boom/f_boom.v Line: 121103)  (FMR_ELAB-147)
Warning: Index may take values outside array bound, may cause simulation mismatch .. (Signal: BoomTile___frontend___f4___ram_insts_3 Block: /BoomTile File: /hpc/home/connect.zzheng989/researchlib/VeriFlatten/eq_check/cascade_boom/f_boom.v Line: 121104)  (FMR_ELAB-147)
Warning: Index may take values outside array bound, may cause simulation mismatch .. (Signal: BoomTile___frontend___f4___ram_insts_3 Block: /BoomTile File: /hpc/home/connect.zzheng989/researchlib/VeriFlatten/eq_check/cascade_boom/f_boom.v Line: 121105)  (FMR_ELAB-147)
Warning: Index may take values outside array bound, may cause simulation mismatch .. (Signal: BoomTile___frontend___f4___ram_exp_insts_0 Block: /BoomTile File: /hpc/home/connect.zzheng989/researchlib/VeriFlatten/eq_check/cascade_boom/f_boom.v Line: 121106)  (FMR_ELAB-147)
Warning: Index may take values outside array bound, may cause simulation mismatch .. (Signal: BoomTile___frontend___f4___ram_exp_insts_1 Block: /BoomTile File: /hpc/home/connect.zzheng989/researchlib/VeriFlatten/eq_check/cascade_boom/f_boom.v Line: 121107)  (FMR_ELAB-147)
Warning: Index may take values outside array bound, may cause simulation mismatch .. (Signal: BoomTile___frontend___f4___ram_exp_insts_2 Block: /BoomTile File: /hpc/home/connect.zzheng989/researchlib/VeriFlatten/eq_check/cascade_boom/f_boom.v Line: 121108)  (FMR_ELAB-147)
Warning: Index may take values outside array bound, may cause simulation mismatch .. (Signal: BoomTile___frontend___f4___ram_exp_insts_3 Block: /BoomTile File: /hpc/home/connect.zzheng989/researchlib/VeriFlatten/eq_check/cascade_boom/f_boom.v Line: 121109)  (FMR_ELAB-147)
Warning: Index may take values outside array bound, may cause simulation mismatch .. (Signal: BoomTile___frontend___f4___ram_shadowed_mask_0 Block: /BoomTile File: /hpc/home/connect.zzheng989/researchlib/VeriFlatten/eq_check/cascade_boom/f_boom.v Line: 121110)  (FMR_ELAB-147)
Warning: Index may take values outside array bound, may cause simulation mismatch .. (Signal: BoomTile___frontend___f4___ram_shadowed_mask_1 Block: /BoomTile File: /hpc/home/connect.zzheng989/researchlib/VeriFlatten/eq_check/cascade_boom/f_boom.v Line: 121111)  (FMR_ELAB-147)
Warning: Index may take values outside array bound, may cause simulation mismatch .. (Signal: BoomTile___frontend___f4___ram_shadowed_mask_2 Block: /BoomTile File: /hpc/home/connect.zzheng989/researchlib/VeriFlatten/eq_check/cascade_boom/f_boom.v Line: 121112)  (FMR_ELAB-147)
Warning: Index may take values outside array bound, may cause simulation mismatch .. (Signal: BoomTile___frontend___f4___ram_shadowed_mask_3 Block: /BoomTile File: /hpc/home/connect.zzheng989/researchlib/VeriFlatten/eq_check/cascade_boom/f_boom.v Line: 121113)  (FMR_ELAB-147)
Warning: Index may take values outside array bound, may cause simulation mismatch .. (Signal: BoomTile___frontend___f4___ram_bp_debug_if_oh_0 Block: /BoomTile File: /hpc/home/connect.zzheng989/researchlib/VeriFlatten/eq_check/cascade_boom/f_boom.v Line: 121114)  (FMR_ELAB-147)
Warning: Index may take values outside array bound, may cause simulation mismatch .. (Signal: BoomTile___frontend___f4___ram_bp_debug_if_oh_1 Block: /BoomTile File: /hpc/home/connect.zzheng989/researchlib/VeriFlatten/eq_check/cascade_boom/f_boom.v Line: 121115)  (FMR_ELAB-147)
Warning: Index may take values outside array bound, may cause simulation mismatch .. (Signal: BoomTile___frontend___f4___ram_bp_debug_if_oh_2 Block: /BoomTile File: /hpc/home/connect.zzheng989/researchlib/VeriFlatten/eq_check/cascade_boom/f_boom.v Line: 121116)  (FMR_ELAB-147)
Warning: Index may take values outside array bound, may cause simulation mismatch .. (Signal: BoomTile___frontend___f4___ram_bp_debug_if_oh_3 Block: /BoomTile File: /hpc/home/connect.zzheng989/researchlib/VeriFlatten/eq_check/cascade_boom/f_boom.v Line: 121117)  (FMR_ELAB-147)
Warning: Index may take values outside array bound, may cause simulation mismatch .. (Signal: BoomTile___frontend___f4___ram_bp_xcpt_if_oh_0 Block: /BoomTile File: /hpc/home/connect.zzheng989/researchlib/VeriFlatten/eq_check/cascade_boom/f_boom.v Line: 121118)  (FMR_ELAB-147)
Warning: Index may take values outside array bound, may cause simulation mismatch .. (Signal: BoomTile___frontend___f4___ram_bp_xcpt_if_oh_1 Block: /BoomTile File: /hpc/home/connect.zzheng989/researchlib/VeriFlatten/eq_check/cascade_boom/f_boom.v Line: 121119)  (FMR_ELAB-147)
Warning: Index may take values outside array bound, may cause simulation mismatch .. (Signal: BoomTile___frontend___f4___ram_bp_xcpt_if_oh_2 Block: /BoomTile File: /hpc/home/connect.zzheng989/researchlib/VeriFlatten/eq_check/cascade_boom/f_boom.v Line: 121120)  (FMR_ELAB-147)
Warning: Index may take values outside array bound, may cause simulation mismatch .. (Signal: BoomTile___frontend___f4___ram_bp_xcpt_if_oh_3 Block: /BoomTile File: /hpc/home/connect.zzheng989/researchlib/VeriFlatten/eq_check/cascade_boom/f_boom.v Line: 121121)  (FMR_ELAB-147)
Warning: Index may take values outside array bound, may cause simulation mismatch .. (Signal: BoomTile___frontend___f4___ram_bpd_meta_0 Block: /BoomTile File: /hpc/home/connect.zzheng989/researchlib/VeriFlatten/eq_check/cascade_boom/f_boom.v Line: 121122)  (FMR_ELAB-147)
Warning: Index may take values outside array bound, may cause simulation mismatch .. (Signal: BoomTile___frontend___f4___ram_fsrc Block: /BoomTile File: /hpc/home/connect.zzheng989/researchlib/VeriFlatten/eq_check/cascade_boom/f_boom.v Line: 121123)  (FMR_ELAB-147)
Status:  Implementing inferred operators...
Top design set to 'r:/WORK/BoomTile' with warnings
   ATTENTION: RTL interpretation messages were produced during link.
              Verification results may disagree with a logic simulator.

************ RTL Interpretation Summary ************
************ Design: r:/WORK/BoomTile
454 FMR_ELAB-147 messages produced  

Please refer to the Formality log file for more details,
or execute report_hdlin_mismatches.
****************************************************

Reference design set to 'r:/WORK/BoomTile'
1
verify -restart
Reference design is 'r:/WORK/BoomTile'
Implementation design is 'i:/WORK/BoomTile'
Status:  Checking designs...
    Warning: 682 (682) undriven nets found in reference (implementation) design; see formality.log for list (FM-399)
    Info:  214 (0) multiply-driven nets found in reference (implementation) design; see formality.log for list.
Status:  Building verification models...
    Info:  Constant registers have been identified that were initialized by some objects that were assumed to toggle.
           For more info use commands: report_potentially_constant_registers  and report_init_toggle_objects
Status:  Matching...
..........
    
*********************************** Matching Results ***********************************    
 498488 Compare points matched by name    
 428 Compare points matched by signature analysis    
 0 Compare points matched by topology    
 129 Matched primary inputs, black-box outputs    
 658(2) Unmatched reference(implementation) compare points    
 0(0) Unmatched reference(implementation) primary inputs, black-box outputs    
 30(0) Unmatched reference(implementation) unread points    
----------------------------------------------------------------------------------------    
Unmatched Objects                                                        REF        IMPL    
----------------------------------------------------------------------------------------    
 Cut-points (Cut)                                                        656           0    
 Registers                                                                 2           2    
   Constant 0                                                              0           2    
   Constrained 0X                                                          2           0    
****************************************************************************************

    Info:  Formality Guide Files (SVF) can improve matching performance and success by automating setup.
Status:  Verifying...
....
    Compare point core/iregister_read/exe_reg_rs1_data_0_reg[0] failed (is not equivalent)
    Compare point core/iregister_read/exe_reg_rs1_data_0_reg[10] failed (is not equivalent)
    Compare point core/iregister_read/exe_reg_rs1_data_0_reg[11] failed (is not equivalent)
    Compare point core/iregister_read/exe_reg_rs1_data_0_reg[12] failed (is not equivalent)
    Compare point core/iregister_read/exe_reg_rs1_data_0_reg[13] failed (is not equivalent)
    Compare point core/iregister_read/exe_reg_rs1_data_0_reg[14] failed (is not equivalent)
    Compare point core/iregister_read/exe_reg_rs1_data_0_reg[15] failed (is not equivalent)
    Compare point core/iregister_read/exe_reg_rs1_data_0_reg[16] failed (is not equivalent)
    Compare point core/iregister_read/exe_reg_rs1_data_0_reg[17] failed (is not equivalent)
    Compare point core/iregister_read/exe_reg_rs1_data_0_reg[18] failed (is not equivalent)
    Compare point core/iregister_read/exe_reg_rs1_data_0_reg[19] failed (is not equivalent)
    Compare point core/iregister_read/exe_reg_rs1_data_0_reg[1] failed (is not equivalent)
    Compare point core/iregister_read/exe_reg_rs1_data_0_reg[20] failed (is not equivalent)
    Compare point core/iregister_read/exe_reg_rs1_data_0_reg[21] failed (is not equivalent)
    Compare point core/iregister_read/exe_reg_rs1_data_0_reg[22] failed (is not equivalent)
    Compare point core/iregister_read/exe_reg_rs1_data_0_reg[23] failed (is not equivalent)
    Compare point core/iregister_read/exe_reg_rs1_data_0_reg[24] failed (is not equivalent)
    Compare point core/iregister_read/exe_reg_rs1_data_0_reg[25] failed (is not equivalent)
    Compare point core/iregister_read/exe_reg_rs1_data_0_reg[26] failed (is not equivalent)
    Compare point core/iregister_read/exe_reg_rs1_data_0_reg[27] failed (is not equivalent)
    Compare point core/iregister_read/exe_reg_rs1_data_0_reg[28] failed (is not equivalent)
    Compare point core/iregister_read/exe_reg_rs1_data_0_reg[29] failed (is not equivalent)
    Compare point core/iregister_read/exe_reg_rs1_data_0_reg[2] failed (is not equivalent)
    Compare point core/iregister_read/exe_reg_rs1_data_0_reg[30] failed (is not equivalent)
    Compare point core/iregister_read/exe_reg_rs1_data_0_reg[31] failed (is not equivalent)
    Compare point core/iregister_read/exe_reg_rs1_data_0_reg[32] failed (is not equivalent)
    Compare point core/iregister_read/exe_reg_rs1_data_0_reg[33] failed (is not equivalent)
    Compare point core/iregister_read/exe_reg_rs1_data_0_reg[34] failed (is not equivalent)
    Compare point core/iregister_read/exe_reg_rs1_data_0_reg[35] failed (is not equivalent)
    Compare point core/iregister_read/exe_reg_rs1_data_0_reg[36] failed (is not equivalent)
    Compare point core/iregister_read/exe_reg_rs1_data_0_reg[37] failed (is not equivalent)
    Compare point core/iregister_read/exe_reg_rs1_data_0_reg[38] failed (is not equivalent)
    Compare point core/iregister_read/exe_reg_rs1_data_0_reg[39] failed (is not equivalent)
    Compare point core/iregister_read/exe_reg_rs1_data_0_reg[3] failed (is not equivalent)
    Compare point core/iregister_read/exe_reg_rs1_data_0_reg[40] failed (is not equivalent)
    Compare point core/iregister_read/exe_reg_rs1_data_0_reg[41] failed (is not equivalent)
    Compare point core/iregister_read/exe_reg_rs1_data_0_reg[42] failed (is not equivalent)
    Compare point core/iregister_read/exe_reg_rs1_data_0_reg[43] failed (is not equivalent)
    Compare point core/iregister_read/exe_reg_rs1_data_0_reg[44] failed (is not equivalent)
    Compare point core/iregister_read/exe_reg_rs1_data_0_reg[45] failed (is not equivalent)
    Compare point core/iregister_read/exe_reg_rs1_data_0_reg[46] failed (is not equivalent)
    Compare point core/iregister_read/exe_reg_rs1_data_0_reg[47] failed (is not equivalent)
    Compare point core/iregister_read/exe_reg_rs1_data_0_reg[48] failed (is not equivalent)
    Compare point core/iregister_read/exe_reg_rs1_data_0_reg[49] failed (is not equivalent)
    Compare point core/iregister_read/exe_reg_rs1_data_0_reg[4] failed (is not equivalent)
    Compare point core/iregister_read/exe_reg_rs1_data_0_reg[50] failed (is not equivalent)
    Compare point core/iregister_read/exe_reg_rs1_data_0_reg[51] failed (is not equivalent)
    Compare point core/iregister_read/exe_reg_rs1_data_0_reg[52] failed (is not equivalent)
    Compare point core/iregister_read/exe_reg_rs1_data_0_reg[53] failed (is not equivalent)
    Compare point core/iregister_read/exe_reg_rs1_data_0_reg[54] failed (is not equivalent)
    Compare point core/iregister_read/exe_reg_rs1_data_0_reg[55] failed (is not equivalent)
    Compare point core/iregister_read/exe_reg_rs1_data_0_reg[56] failed (is not equivalent)
    Compare point core/iregister_read/exe_reg_rs1_data_0_reg[57] failed (is not equivalent)
    Compare point core/iregister_read/exe_reg_rs1_data_0_reg[58] failed (is not equivalent)
    Compare point core/iregister_read/exe_reg_rs1_data_0_reg[59] failed (is not equivalent)
    Compare point core/iregister_read/exe_reg_rs1_data_0_reg[5] failed (is not equivalent)
    Compare point core/iregister_read/exe_reg_rs1_data_0_reg[60] failed (is not equivalent)
    Compare point core/iregister_read/exe_reg_rs1_data_0_reg[61] failed (is not equivalent)
    Compare point core/iregister_read/exe_reg_rs1_data_0_reg[62] failed (is not equivalent)
    Compare point core/iregister_read/exe_reg_rs1_data_0_reg[63] failed (is not equivalent)
    Compare point core/iregister_read/exe_reg_rs1_data_0_reg[6] failed (is not equivalent)
    Compare point core/iregister_read/exe_reg_rs1_data_0_reg[7] failed (is not equivalent)
    Compare point core/iregister_read/exe_reg_rs1_data_0_reg[8] failed (is not equivalent)
    Compare point core/iregister_read/exe_reg_rs1_data_0_reg[9] failed (is not equivalent)
    Compare point core/iregister_read/exe_reg_rs1_data_1_reg[0] failed (is not equivalent)
    Compare point core/iregister_read/exe_reg_rs1_data_1_reg[10] failed (is not equivalent)
    Compare point core/iregister_read/exe_reg_rs1_data_1_reg[11] failed (is not equivalent)
    Compare point core/iregister_read/exe_reg_rs1_data_1_reg[12] failed (is not equivalent)
    Compare point core/iregister_read/exe_reg_rs1_data_1_reg[13] failed (is not equivalent)
    Compare point core/iregister_read/exe_reg_rs1_data_1_reg[14] failed (is not equivalent)
    Compare point core/iregister_read/exe_reg_rs1_data_1_reg[15] failed (is not equivalent)
    Compare point core/iregister_read/exe_reg_rs1_data_1_reg[16] failed (is not equivalent)
    Compare point core/iregister_read/exe_reg_rs1_data_1_reg[17] failed (is not equivalent)
    Compare point core/iregister_read/exe_reg_rs1_data_1_reg[18] failed (is not equivalent)
    Compare point core/iregister_read/exe_reg_rs1_data_1_reg[19] failed (is not equivalent)
    Compare point core/iregister_read/exe_reg_rs1_data_1_reg[1] failed (is not equivalent)
    Compare point core/iregister_read/exe_reg_rs1_data_1_reg[20] failed (is not equivalent)
    Compare point core/iregister_read/exe_reg_rs1_data_1_reg[21] failed (is not equivalent)
    Compare point core/iregister_read/exe_reg_rs1_data_1_reg[22] failed (is not equivalent)
    Compare point core/iregister_read/exe_reg_rs1_data_1_reg[23] failed (is not equivalent)
    Compare point core/iregister_read/exe_reg_rs1_data_1_reg[24] failed (is not equivalent)
    Compare point core/iregister_read/exe_reg_rs1_data_1_reg[25] failed (is not equivalent)
    Compare point core/iregister_read/exe_reg_rs1_data_1_reg[26] failed (is not equivalent)
    Compare point core/iregister_read/exe_reg_rs1_data_1_reg[27] failed (is not equivalent)
    Compare point core/iregister_read/exe_reg_rs1_data_1_reg[28] failed (is not equivalent)
    Compare point core/iregister_read/exe_reg_rs1_data_1_reg[29] failed (is not equivalent)
    Compare point core/iregister_read/exe_reg_rs1_data_1_reg[2] failed (is not equivalent)
    Compare point core/iregister_read/exe_reg_rs1_data_1_reg[30] failed (is not equivalent)
    Compare point core/iregister_read/exe_reg_rs1_data_1_reg[31] failed (is not equivalent)
    Compare point core/iregister_read/exe_reg_rs1_data_1_reg[32] failed (is not equivalent)
    Compare point core/iregister_read/exe_reg_rs1_data_1_reg[33] failed (is not equivalent)
    Compare point core/iregister_read/exe_reg_rs1_data_1_reg[34] failed (is not equivalent)
    Compare point core/iregister_read/exe_reg_rs1_data_1_reg[35] failed (is not equivalent)
    Compare point core/iregister_read/exe_reg_rs1_data_1_reg[36] failed (is not equivalent)
    Compare point core/iregister_read/exe_reg_rs1_data_1_reg[37] failed (is not equivalent)
    Compare point core/iregister_read/exe_reg_rs1_data_1_reg[38] failed (is not equivalent)
    Compare point core/iregister_read/exe_reg_rs1_data_1_reg[39] failed (is not equivalent)
    Compare point core/iregister_read/exe_reg_rs1_data_1_reg[3] failed (is not equivalent)
    Compare point core/iregister_read/exe_reg_rs1_data_1_reg[40] failed (is not equivalent)
    Compare point core/iregister_read/exe_reg_rs1_data_1_reg[41] failed (is not equivalent)
    Compare point core/iregister_read/exe_reg_rs1_data_1_reg[42] failed (is not equivalent)
    Compare point core/iregister_read/exe_reg_rs1_data_1_reg[43] failed (is not equivalent)
    Compare point core/iregister_read/exe_reg_rs1_data_1_reg[44] failed (is not equivalent)
    Compare point core/iregister_read/exe_reg_rs1_data_1_reg[45] failed (is not equivalent)
    Compare point core/iregister_read/exe_reg_rs1_data_1_reg[46] failed (is not equivalent)
    Compare point core/iregister_read/exe_reg_rs1_data_1_reg[47] failed (is not equivalent)
    Compare point core/iregister_read/exe_reg_rs1_data_1_reg[48] failed (is not equivalent)
    Compare point core/iregister_read/exe_reg_rs1_data_1_reg[49] failed (is not equivalent)
    Compare point core/iregister_read/exe_reg_rs1_data_1_reg[4] failed (is not equivalent)
    Compare point core/iregister_read/exe_reg_rs1_data_1_reg[50] failed (is not equivalent)
    Compare point core/iregister_read/exe_reg_rs1_data_1_reg[51] failed (is not equivalent)
    Compare point core/iregister_read/exe_reg_rs1_data_1_reg[52] failed (is not equivalent)
    Compare point core/iregister_read/exe_reg_rs1_data_1_reg[53] failed (is not equivalent)
    Compare point core/iregister_read/exe_reg_rs1_data_1_reg[54] failed (is not equivalent)
    Compare point core/iregister_read/exe_reg_rs1_data_1_reg[55] failed (is not equivalent)
    Compare point core/iregister_read/exe_reg_rs1_data_1_reg[56] failed (is not equivalent)
    Compare point core/iregister_read/exe_reg_rs1_data_1_reg[57] failed (is not equivalent)
    Compare point core/iregister_read/exe_reg_rs1_data_1_reg[58] failed (is not equivalent)
    Compare point core/iregister_read/exe_reg_rs1_data_1_reg[59] failed (is not equivalent)
    Compare point core/iregister_read/exe_reg_rs1_data_1_reg[5] failed (is not equivalent)
    Compare point core/iregister_read/exe_reg_rs1_data_1_reg[60] failed (is not equivalent)
    Compare point core/iregister_read/exe_reg_rs1_data_1_reg[61] failed (is not equivalent)
    Compare point core/iregister_read/exe_reg_rs1_data_1_reg[62] failed (is not equivalent)
    Compare point core/iregister_read/exe_reg_rs1_data_1_reg[63] failed (is not equivalent)
    Compare point core/iregister_read/exe_reg_rs1_data_1_reg[6] failed (is not equivalent)
    Compare point core/iregister_read/exe_reg_rs1_data_1_reg[7] failed (is not equivalent)
    Compare point core/iregister_read/exe_reg_rs1_data_1_reg[8] failed (is not equivalent)
    Compare point core/iregister_read/exe_reg_rs1_data_1_reg[9] failed (is not equivalent)
    Compare point core/iregister_read/exe_reg_rs1_data_2_reg[0] failed (is not equivalent)
    Compare point core/iregister_read/exe_reg_rs1_data_2_reg[10] failed (is not equivalent)
    Compare point core/iregister_read/exe_reg_rs1_data_2_reg[11] failed (is not equivalent)
    Compare point core/iregister_read/exe_reg_rs1_data_2_reg[12] failed (is not equivalent)
    Compare point core/iregister_read/exe_reg_rs1_data_2_reg[13] failed (is not equivalent)
    Compare point core/iregister_read/exe_reg_rs1_data_2_reg[14] failed (is not equivalent)
    Compare point core/iregister_read/exe_reg_rs1_data_2_reg[15] failed (is not equivalent)
    Compare point core/iregister_read/exe_reg_rs1_data_2_reg[16] failed (is not equivalent)
    Compare point core/iregister_read/exe_reg_rs1_data_2_reg[17] failed (is not equivalent)
    Compare point core/iregister_read/exe_reg_rs1_data_2_reg[18] failed (is not equivalent)
    Compare point core/iregister_read/exe_reg_rs1_data_2_reg[19] failed (is not equivalent)
    Compare point core/iregister_read/exe_reg_rs1_data_2_reg[1] failed (is not equivalent)
    Compare point core/iregister_read/exe_reg_rs1_data_2_reg[20] failed (is not equivalent)
    Compare point core/iregister_read/exe_reg_rs1_data_2_reg[21] failed (is not equivalent)
    Compare point core/iregister_read/exe_reg_rs1_data_2_reg[22] failed (is not equivalent)
    Compare point core/iregister_read/exe_reg_rs1_data_2_reg[23] failed (is not equivalent)
    Compare point core/iregister_read/exe_reg_rs1_data_2_reg[24] failed (is not equivalent)
    Compare point core/iregister_read/exe_reg_rs1_data_2_reg[25] failed (is not equivalent)
    Compare point core/iregister_read/exe_reg_rs1_data_2_reg[26] failed (is not equivalent)
    Compare point core/iregister_read/exe_reg_rs1_data_2_reg[27] failed (is not equivalent)
    Compare point core/iregister_read/exe_reg_rs1_data_2_reg[28] failed (is not equivalent)
    Compare point core/iregister_read/exe_reg_rs1_data_2_reg[29] failed (is not equivalent)
    Compare point core/iregister_read/exe_reg_rs1_data_2_reg[2] failed (is not equivalent)
    Compare point core/iregister_read/exe_reg_rs1_data_2_reg[30] failed (is not equivalent)
    Compare point core/iregister_read/exe_reg_rs1_data_2_reg[31] failed (is not equivalent)
    Compare point core/iregister_read/exe_reg_rs1_data_2_reg[32] failed (is not equivalent)
    Compare point core/iregister_read/exe_reg_rs1_data_2_reg[33] failed (is not equivalent)
    Compare point core/iregister_read/exe_reg_rs1_data_2_reg[34] failed (is not equivalent)
    Compare point core/iregister_read/exe_reg_rs1_data_2_reg[35] failed (is not equivalent)
    Compare point core/iregister_read/exe_reg_rs1_data_2_reg[36] failed (is not equivalent)
    Compare point core/iregister_read/exe_reg_rs1_data_2_reg[37] failed (is not equivalent)
    Compare point core/iregister_read/exe_reg_rs1_data_2_reg[38] failed (is not equivalent)
    Compare point core/iregister_read/exe_reg_rs1_data_2_reg[39] failed (is not equivalent)
    Compare point core/iregister_read/exe_reg_rs1_data_2_reg[3] failed (is not equivalent)
    Compare point core/iregister_read/exe_reg_rs1_data_2_reg[40] failed (is not equivalent)
    Compare point core/iregister_read/exe_reg_rs1_data_2_reg[41] failed (is not equivalent)
    Compare point core/iregister_read/exe_reg_rs1_data_2_reg[42] failed (is not equivalent)
    Compare point core/iregister_read/exe_reg_rs1_data_2_reg[43] failed (is not equivalent)
    Compare point core/iregister_read/exe_reg_rs1_data_2_reg[44] failed (is not equivalent)
    Compare point core/iregister_read/exe_reg_rs1_data_2_reg[45] failed (is not equivalent)
    Compare point core/iregister_read/exe_reg_rs1_data_2_reg[46] failed (is not equivalent)
    Compare point core/iregister_read/exe_reg_rs1_data_2_reg[47] failed (is not equivalent)
    Compare point core/iregister_read/exe_reg_rs1_data_2_reg[48] failed (is not equivalent)
    Compare point core/iregister_read/exe_reg_rs1_data_2_reg[49] failed (is not equivalent)
    Compare point core/iregister_read/exe_reg_rs1_data_2_reg[4] failed (is not equivalent)
    Compare point core/iregister_read/exe_reg_rs1_data_2_reg[50] failed (is not equivalent)
    Compare point core/iregister_read/exe_reg_rs1_data_2_reg[51] failed (is not equivalent)
    Compare point core/iregister_read/exe_reg_rs1_data_2_reg[52] failed (is not equivalent)
    Compare point core/iregister_read/exe_reg_rs1_data_2_reg[53] failed (is not equivalent)
    Compare point core/iregister_read/exe_reg_rs1_data_2_reg[54] failed (is not equivalent)
    Compare point core/iregister_read/exe_reg_rs1_data_2_reg[55] failed (is not equivalent)
    Compare point core/iregister_read/exe_reg_rs1_data_2_reg[56] failed (is not equivalent)
    Compare point core/iregister_read/exe_reg_rs1_data_2_reg[57] failed (is not equivalent)
    Compare point core/iregister_read/exe_reg_rs1_data_2_reg[58] failed (is not equivalent)
    Compare point core/iregister_read/exe_reg_rs1_data_2_reg[59] failed (is not equivalent)
    Compare point core/iregister_read/exe_reg_rs1_data_2_reg[5] failed (is not equivalent)
    Compare point core/iregister_read/exe_reg_rs1_data_2_reg[60] failed (is not equivalent)
    Compare point core/iregister_read/exe_reg_rs1_data_2_reg[61] failed (is not equivalent)
    Compare point core/iregister_read/exe_reg_rs1_data_2_reg[62] failed (is not equivalent)
    Compare point core/iregister_read/exe_reg_rs1_data_2_reg[63] failed (is not equivalent)
    Compare point core/iregister_read/exe_reg_rs1_data_2_reg[6] failed (is not equivalent)
    Compare point core/iregister_read/exe_reg_rs1_data_2_reg[7] failed (is not equivalent)
    Compare point core/iregister_read/exe_reg_rs1_data_2_reg[8] failed (is not equivalent)
    Compare point core/iregister_read/exe_reg_rs1_data_2_reg[9] failed (is not equivalent)
    Compare point core/iregister_read/exe_reg_rs2_data_0_reg[0] failed (is not equivalent)
    Compare point core/iregister_read/exe_reg_rs2_data_0_reg[10] failed (is not equivalent)
    Compare point core/iregister_read/exe_reg_rs2_data_0_reg[11] failed (is not equivalent)
    Compare point core/iregister_read/exe_reg_rs2_data_0_reg[12] failed (is not equivalent)
    Compare point core/iregister_read/exe_reg_rs2_data_0_reg[13] failed (is not equivalent)
    Compare point core/iregister_read/exe_reg_rs2_data_0_reg[14] failed (is not equivalent)
    Compare point core/iregister_read/exe_reg_rs2_data_0_reg[15] failed (is not equivalent)
    Compare point core/iregister_read/exe_reg_rs2_data_0_reg[16] failed (is not equivalent)
    Compare point core/iregister_read/exe_reg_rs2_data_0_reg[17] failed (is not equivalent)
    Compare point core/iregister_read/exe_reg_rs2_data_0_reg[18] failed (is not equivalent)
    Compare point core/iregister_read/exe_reg_rs2_data_0_reg[19] failed (is not equivalent)
    Compare point core/iregister_read/exe_reg_rs2_data_0_reg[1] failed (is not equivalent)
    Compare point core/iregister_read/exe_reg_rs2_data_0_reg[20] failed (is not equivalent)
    Compare point core/iregister_read/exe_reg_rs2_data_0_reg[21] failed (is not equivalent)
    Compare point core/iregister_read/exe_reg_rs2_data_0_reg[22] failed (is not equivalent)
    Compare point core/iregister_read/exe_reg_rs2_data_0_reg[23] failed (is not equivalent)
    Compare point core/iregister_read/exe_reg_rs2_data_0_reg[24] failed (is not equivalent)
    Compare point core/iregister_read/exe_reg_rs2_data_0_reg[25] failed (is not equivalent)
    Compare point core/iregister_read/exe_reg_rs2_data_0_reg[26] failed (is not equivalent)
    Compare point core/iregister_read/exe_reg_rs2_data_0_reg[27] failed (is not equivalent)
    Compare point core/iregister_read/exe_reg_rs2_data_0_reg[28] failed (is not equivalent)
    Compare point core/iregister_read/exe_reg_rs2_data_0_reg[29] failed (is not equivalent)
    Compare point core/iregister_read/exe_reg_rs2_data_0_reg[2] failed (is not equivalent)
    Compare point core/iregister_read/exe_reg_rs2_data_0_reg[30] failed (is not equivalent)
    Compare point core/iregister_read/exe_reg_rs2_data_0_reg[31] failed (is not equivalent)
    Compare point core/iregister_read/exe_reg_rs2_data_0_reg[32] failed (is not equivalent)
    Compare point core/iregister_read/exe_reg_rs2_data_0_reg[33] failed (is not equivalent)
    Compare point core/iregister_read/exe_reg_rs2_data_0_reg[34] failed (is not equivalent)
    Compare point core/iregister_read/exe_reg_rs2_data_0_reg[35] failed (is not equivalent)
    Compare point core/iregister_read/exe_reg_rs2_data_0_reg[36] failed (is not equivalent)
    Compare point core/iregister_read/exe_reg_rs2_data_0_reg[37] failed (is not equivalent)
    Compare point core/iregister_read/exe_reg_rs2_data_0_reg[38] failed (is not equivalent)
    Compare point core/iregister_read/exe_reg_rs2_data_0_reg[39] failed (is not equivalent)
    Compare point core/iregister_read/exe_reg_rs2_data_0_reg[3] failed (is not equivalent)
    Compare point core/iregister_read/exe_reg_rs2_data_0_reg[40] failed (is not equivalent)
    Compare point core/iregister_read/exe_reg_rs2_data_0_reg[41] failed (is not equivalent)
    Compare point core/iregister_read/exe_reg_rs2_data_0_reg[42] failed (is not equivalent)
    Compare point core/iregister_read/exe_reg_rs2_data_0_reg[43] failed (is not equivalent)
    Compare point core/iregister_read/exe_reg_rs2_data_0_reg[44] failed (is not equivalent)
    Compare point core/iregister_read/exe_reg_rs2_data_0_reg[45] failed (is not equivalent)
    Compare point core/iregister_read/exe_reg_rs2_data_0_reg[46] failed (is not equivalent)
    Compare point core/iregister_read/exe_reg_rs2_data_0_reg[47] failed (is not equivalent)
    Compare point core/iregister_read/exe_reg_rs2_data_0_reg[48] failed (is not equivalent)
    Compare point core/iregister_read/exe_reg_rs2_data_0_reg[49] failed (is not equivalent)
    Compare point core/iregister_read/exe_reg_rs2_data_0_reg[4] failed (is not equivalent)
    Compare point core/iregister_read/exe_reg_rs2_data_0_reg[50] failed (is not equivalent)
    Compare point core/iregister_read/exe_reg_rs2_data_0_reg[51] failed (is not equivalent)
    Compare point core/iregister_read/exe_reg_rs2_data_0_reg[52] failed (is not equivalent)
    Compare point core/iregister_read/exe_reg_rs2_data_0_reg[53] failed (is not equivalent)
    Compare point core/iregister_read/exe_reg_rs2_data_0_reg[54] failed (is not equivalent)
    Compare point core/iregister_read/exe_reg_rs2_data_0_reg[55] failed (is not equivalent)
    Compare point core/iregister_read/exe_reg_rs2_data_0_reg[56] failed (is not equivalent)
    Compare point core/iregister_read/exe_reg_rs2_data_0_reg[57] failed (is not equivalent)
    Compare point core/iregister_read/exe_reg_rs2_data_0_reg[58] failed (is not equivalent)
    Compare point core/iregister_read/exe_reg_rs2_data_0_reg[59] failed (is not equivalent)
    Compare point core/iregister_read/exe_reg_rs2_data_0_reg[5] failed (is not equivalent)
    Compare point core/iregister_read/exe_reg_rs2_data_0_reg[60] failed (is not equivalent)
    Compare point core/iregister_read/exe_reg_rs2_data_0_reg[61] failed (is not equivalent)
    Compare point core/iregister_read/exe_reg_rs2_data_0_reg[62] failed (is not equivalent)
    Compare point core/iregister_read/exe_reg_rs2_data_0_reg[63] failed (is not equivalent)
    Compare point core/iregister_read/exe_reg_rs2_data_0_reg[6] failed (is not equivalent)
    Compare point core/iregister_read/exe_reg_rs2_data_0_reg[7] failed (is not equivalent)
    Compare point core/iregister_read/exe_reg_rs2_data_0_reg[8] failed (is not equivalent)
    Compare point core/iregister_read/exe_reg_rs2_data_0_reg[9] failed (is not equivalent)
    Compare point core/iregister_read/exe_reg_rs2_data_1_reg[0] failed (is not equivalent)
    Compare point core/iregister_read/exe_reg_rs2_data_1_reg[10] failed (is not equivalent)
    Compare point core/iregister_read/exe_reg_rs2_data_1_reg[11] failed (is not equivalent)
    Compare point core/iregister_read/exe_reg_rs2_data_1_reg[12] failed (is not equivalent)
    Compare point core/iregister_read/exe_reg_rs2_data_1_reg[13] failed (is not equivalent)
    Compare point core/iregister_read/exe_reg_rs2_data_1_reg[14] failed (is not equivalent)
    Compare point core/iregister_read/exe_reg_rs2_data_1_reg[15] failed (is not equivalent)
    Compare point core/iregister_read/exe_reg_rs2_data_1_reg[16] failed (is not equivalent)
    Compare point core/iregister_read/exe_reg_rs2_data_1_reg[17] failed (is not equivalent)
    Compare point core/iregister_read/exe_reg_rs2_data_1_reg[18] failed (is not equivalent)
    Compare point core/iregister_read/exe_reg_rs2_data_1_reg[19] failed (is not equivalent)
    Compare point core/iregister_read/exe_reg_rs2_data_1_reg[1] failed (is not equivalent)
    Compare point core/iregister_read/exe_reg_rs2_data_1_reg[20] failed (is not equivalent)
    Compare point core/iregister_read/exe_reg_rs2_data_1_reg[21] failed (is not equivalent)
    Compare point core/iregister_read/exe_reg_rs2_data_1_reg[22] failed (is not equivalent)
    Compare point core/iregister_read/exe_reg_rs2_data_1_reg[23] failed (is not equivalent)
    Compare point core/iregister_read/exe_reg_rs2_data_1_reg[24] failed (is not equivalent)
    Compare point core/iregister_read/exe_reg_rs2_data_1_reg[25] failed (is not equivalent)
    Compare point core/iregister_read/exe_reg_rs2_data_1_reg[26] failed (is not equivalent)
    Compare point core/iregister_read/exe_reg_rs2_data_1_reg[27] failed (is not equivalent)
    Compare point core/iregister_read/exe_reg_rs2_data_1_reg[28] failed (is not equivalent)
    Compare point core/iregister_read/exe_reg_rs2_data_1_reg[29] failed (is not equivalent)
    Compare point core/iregister_read/exe_reg_rs2_data_1_reg[2] failed (is not equivalent)
    Compare point core/iregister_read/exe_reg_rs2_data_1_reg[30] failed (is not equivalent)
    Compare point core/iregister_read/exe_reg_rs2_data_1_reg[31] failed (is not equivalent)
    Compare point core/iregister_read/exe_reg_rs2_data_1_reg[32] failed (is not equivalent)
    Compare point core/iregister_read/exe_reg_rs2_data_1_reg[33] failed (is not equivalent)
    Compare point core/iregister_read/exe_reg_rs2_data_1_reg[34] failed (is not equivalent)
    Compare point core/iregister_read/exe_reg_rs2_data_1_reg[35] failed (is not equivalent)
    Compare point core/iregister_read/exe_reg_rs2_data_1_reg[36] failed (is not equivalent)
    Compare point core/iregister_read/exe_reg_rs2_data_1_reg[37] failed (is not equivalent)
    Compare point core/iregister_read/exe_reg_rs2_data_1_reg[38] failed (is not equivalent)
    Compare point core/iregister_read/exe_reg_rs2_data_1_reg[39] failed (is not equivalent)
    Compare point core/iregister_read/exe_reg_rs2_data_1_reg[3] failed (is not equivalent)
    Compare point core/iregister_read/exe_reg_rs2_data_1_reg[40] failed (is not equivalent)
    Compare point core/iregister_read/exe_reg_rs2_data_1_reg[41] failed (is not equivalent)
    Compare point core/iregister_read/exe_reg_rs2_data_1_reg[42] failed (is not equivalent)
    Compare point core/iregister_read/exe_reg_rs2_data_1_reg[43] failed (is not equivalent)
    Compare point core/iregister_read/exe_reg_rs2_data_1_reg[44] failed (is not equivalent)
    Compare point core/iregister_read/exe_reg_rs2_data_1_reg[45] failed (is not equivalent)
    Compare point core/iregister_read/exe_reg_rs2_data_1_reg[46] failed (is not equivalent)
    Compare point core/iregister_read/exe_reg_rs2_data_1_reg[47] failed (is not equivalent)
    Compare point core/iregister_read/exe_reg_rs2_data_1_reg[48] failed (is not equivalent)
    Compare point core/iregister_read/exe_reg_rs2_data_1_reg[49] failed (is not equivalent)
    Compare point core/iregister_read/exe_reg_rs2_data_1_reg[4] failed (is not equivalent)
    Compare point core/iregister_read/exe_reg_rs2_data_1_reg[50] failed (is not equivalent)
    Compare point core/iregister_read/exe_reg_rs2_data_1_reg[51] failed (is not equivalent)
    Compare point core/iregister_read/exe_reg_rs2_data_1_reg[52] failed (is not equivalent)
    Compare point core/iregister_read/exe_reg_rs2_data_1_reg[53] failed (is not equivalent)
    Compare point core/iregister_read/exe_reg_rs2_data_1_reg[54] failed (is not equivalent)
    Compare point core/iregister_read/exe_reg_rs2_data_1_reg[55] failed (is not equivalent)
    Compare point core/iregister_read/exe_reg_rs2_data_1_reg[56] failed (is not equivalent)
    Compare point core/iregister_read/exe_reg_rs2_data_1_reg[57] failed (is not equivalent)
    Compare point core/iregister_read/exe_reg_rs2_data_1_reg[58] failed (is not equivalent)
    Compare point core/iregister_read/exe_reg_rs2_data_1_reg[59] failed (is not equivalent)
    Compare point core/iregister_read/exe_reg_rs2_data_1_reg[5] failed (is not equivalent)
    Compare point core/iregister_read/exe_reg_rs2_data_1_reg[60] failed (is not equivalent)
    Compare point core/iregister_read/exe_reg_rs2_data_1_reg[61] failed (is not equivalent)
    Compare point core/iregister_read/exe_reg_rs2_data_1_reg[62] failed (is not equivalent)
    Compare point core/iregister_read/exe_reg_rs2_data_1_reg[63] failed (is not equivalent)
    Compare point core/iregister_read/exe_reg_rs2_data_1_reg[6] failed (is not equivalent)
    Compare point core/iregister_read/exe_reg_rs2_data_1_reg[7] failed (is not equivalent)
    Compare point core/iregister_read/exe_reg_rs2_data_1_reg[8] failed (is not equivalent)
    Compare point core/iregister_read/exe_reg_rs2_data_1_reg[9] failed (is not equivalent)
    Compare point core/iregister_read/exe_reg_rs2_data_2_reg[0] failed (is not equivalent)
    Compare point core/iregister_read/exe_reg_rs2_data_2_reg[10] failed (is not equivalent)
    Compare point core/iregister_read/exe_reg_rs2_data_2_reg[11] failed (is not equivalent)
    Compare point core/iregister_read/exe_reg_rs2_data_2_reg[12] failed (is not equivalent)
    Compare point core/iregister_read/exe_reg_rs2_data_2_reg[13] failed (is not equivalent)
    Compare point core/iregister_read/exe_reg_rs2_data_2_reg[14] failed (is not equivalent)
    Compare point core/iregister_read/exe_reg_rs2_data_2_reg[15] failed (is not equivalent)
    Compare point core/iregister_read/exe_reg_rs2_data_2_reg[16] failed (is not equivalent)
    Compare point core/iregister_read/exe_reg_rs2_data_2_reg[17] failed (is not equivalent)
    Compare point core/iregister_read/exe_reg_rs2_data_2_reg[18] failed (is not equivalent)
    Compare point core/iregister_read/exe_reg_rs2_data_2_reg[19] failed (is not equivalent)
    Compare point core/iregister_read/exe_reg_rs2_data_2_reg[1] failed (is not equivalent)
    Compare point core/iregister_read/exe_reg_rs2_data_2_reg[20] failed (is not equivalent)
    Compare point core/iregister_read/exe_reg_rs2_data_2_reg[21] failed (is not equivalent)
    Compare point core/iregister_read/exe_reg_rs2_data_2_reg[22] failed (is not equivalent)
    Compare point core/iregister_read/exe_reg_rs2_data_2_reg[23] failed (is not equivalent)
    Compare point core/iregister_read/exe_reg_rs2_data_2_reg[24] failed (is not equivalent)
    Compare point core/iregister_read/exe_reg_rs2_data_2_reg[25] failed (is not equivalent)
    Compare point core/iregister_read/exe_reg_rs2_data_2_reg[26] failed (is not equivalent)
    Compare point core/iregister_read/exe_reg_rs2_data_2_reg[27] failed (is not equivalent)
    Compare point core/iregister_read/exe_reg_rs2_data_2_reg[28] failed (is not equivalent)
    Compare point core/iregister_read/exe_reg_rs2_data_2_reg[29] failed (is not equivalent)
    Compare point core/iregister_read/exe_reg_rs2_data_2_reg[2] failed (is not equivalent)
    Compare point core/iregister_read/exe_reg_rs2_data_2_reg[30] failed (is not equivalent)
    Compare point core/iregister_read/exe_reg_rs2_data_2_reg[31] failed (is not equivalent)
    Compare point core/iregister_read/exe_reg_rs2_data_2_reg[32] failed (is not equivalent)
    Compare point core/iregister_read/exe_reg_rs2_data_2_reg[33] failed (is not equivalent)
    Compare point core/iregister_read/exe_reg_rs2_data_2_reg[34] failed (is not equivalent)
    Compare point core/iregister_read/exe_reg_rs2_data_2_reg[35] failed (is not equivalent)
    Compare point core/iregister_read/exe_reg_rs2_data_2_reg[36] failed (is not equivalent)
    Compare point core/iregister_read/exe_reg_rs2_data_2_reg[37] failed (is not equivalent)
    Compare point core/iregister_read/exe_reg_rs2_data_2_reg[38] failed (is not equivalent)
    Compare point core/iregister_read/exe_reg_rs2_data_2_reg[39] failed (is not equivalent)
    Compare point core/iregister_read/exe_reg_rs2_data_2_reg[3] failed (is not equivalent)
    Compare point core/iregister_read/exe_reg_rs2_data_2_reg[40] failed (is not equivalent)
    Compare point core/iregister_read/exe_reg_rs2_data_2_reg[41] failed (is not equivalent)
    Compare point core/iregister_read/exe_reg_rs2_data_2_reg[42] failed (is not equivalent)
    Compare point core/iregister_read/exe_reg_rs2_data_2_reg[43] failed (is not equivalent)
    Compare point core/iregister_read/exe_reg_rs2_data_2_reg[44] failed (is not equivalent)
    Compare point core/iregister_read/exe_reg_rs2_data_2_reg[45] failed (is not equivalent)
    Compare point core/iregister_read/exe_reg_rs2_data_2_reg[46] failed (is not equivalent)
    Compare point core/iregister_read/exe_reg_rs2_data_2_reg[47] failed (is not equivalent)
    Compare point core/iregister_read/exe_reg_rs2_data_2_reg[48] failed (is not equivalent)
    Compare point core/iregister_read/exe_reg_rs2_data_2_reg[49] failed (is not equivalent)
    Compare point core/iregister_read/exe_reg_rs2_data_2_reg[4] failed (is not equivalent)
    Compare point core/iregister_read/exe_reg_rs2_data_2_reg[50] failed (is not equivalent)
    Compare point core/iregister_read/exe_reg_rs2_data_2_reg[51] failed (is not equivalent)
    Compare point core/iregister_read/exe_reg_rs2_data_2_reg[52] failed (is not equivalent)
    Compare point core/iregister_read/exe_reg_rs2_data_2_reg[53] failed (is not equivalent)
    Compare point core/iregister_read/exe_reg_rs2_data_2_reg[54] failed (is not equivalent)
    Compare point core/iregister_read/exe_reg_rs2_data_2_reg[55] failed (is not equivalent)
    Compare point core/iregister_read/exe_reg_rs2_data_2_reg[56] failed (is not equivalent)
    Compare point core/iregister_read/exe_reg_rs2_data_2_reg[57] failed (is not equivalent)
    Compare point core/iregister_read/exe_reg_rs2_data_2_reg[58] failed (is not equivalent)
    Compare point core/iregister_read/exe_reg_rs2_data_2_reg[59] failed (is not equivalent)
    Compare point core/iregister_read/exe_reg_rs2_data_2_reg[5] failed (is not equivalent)
    Compare point core/iregister_read/exe_reg_rs2_data_2_reg[60] failed (is not equivalent)
    Compare point core/iregister_read/exe_reg_rs2_data_2_reg[61] failed (is not equivalent)
    Compare point core/iregister_read/exe_reg_rs2_data_2_reg[62] failed (is not equivalent)
    Compare point core/iregister_read/exe_reg_rs2_data_2_reg[63] failed (is not equivalent)
    Compare point core/iregister_read/exe_reg_rs2_data_2_reg[6] failed (is not equivalent)
    Compare point core/iregister_read/exe_reg_rs2_data_2_reg[7] failed (is not equivalent)
    Compare point core/iregister_read/exe_reg_rs2_data_2_reg[8] failed (is not equivalent)
    Compare point core/iregister_read/exe_reg_rs2_data_2_reg[9] failed (is not equivalent)
    Compare point core/fp_pipeline/fregfile_io_write_ports_0_REG_bits_data_reg[0] failed (is not equivalent)
    Compare point core/fp_pipeline/fregfile_io_write_ports_0_REG_bits_data_reg[10] failed (is not equivalent)
    Compare point core/fp_pipeline/fregfile_io_write_ports_0_REG_bits_data_reg[11] failed (is not equivalent)
    Compare point core/fp_pipeline/fregfile_io_write_ports_0_REG_bits_data_reg[12] failed (is not equivalent)
    Compare point core/fp_pipeline/fregfile_io_write_ports_0_REG_bits_data_reg[13] failed (is not equivalent)
    Compare point core/fp_pipeline/fregfile_io_write_ports_0_REG_bits_data_reg[14] failed (is not equivalent)
    Compare point core/fp_pipeline/fregfile_io_write_ports_0_REG_bits_data_reg[15] failed (is not equivalent)
    Compare point core/fp_pipeline/fregfile_io_write_ports_0_REG_bits_data_reg[16] failed (is not equivalent)
    Compare point core/fp_pipeline/fregfile_io_write_ports_0_REG_bits_data_reg[17] failed (is not equivalent)
    Compare point core/fp_pipeline/fregfile_io_write_ports_0_REG_bits_data_reg[18] failed (is not equivalent)
    Compare point core/fp_pipeline/fregfile_io_write_ports_0_REG_bits_data_reg[19] failed (is not equivalent)
    Compare point core/fp_pipeline/fregfile_io_write_ports_0_REG_bits_data_reg[1] failed (is not equivalent)
    Compare point core/fp_pipeline/fregfile_io_write_ports_0_REG_bits_data_reg[20] failed (is not equivalent)
    Compare point core/fp_pipeline/fregfile_io_write_ports_0_REG_bits_data_reg[21] failed (is not equivalent)
    Compare point core/fp_pipeline/fregfile_io_write_ports_0_REG_bits_data_reg[22] failed (is not equivalent)
    Compare point core/fp_pipeline/fregfile_io_write_ports_0_REG_bits_data_reg[23] failed (is not equivalent)
    Compare point core/fp_pipeline/fregfile_io_write_ports_0_REG_bits_data_reg[24] failed (is not equivalent)
    Compare point core/fp_pipeline/fregfile_io_write_ports_0_REG_bits_data_reg[25] failed (is not equivalent)
    Compare point core/fp_pipeline/fregfile_io_write_ports_0_REG_bits_data_reg[26] failed (is not equivalent)
    Compare point core/fp_pipeline/fregfile_io_write_ports_0_REG_bits_data_reg[27] failed (is not equivalent)
    Compare point core/fp_pipeline/fregfile_io_write_ports_0_REG_bits_data_reg[28] failed (is not equivalent)
    Compare point core/fp_pipeline/fregfile_io_write_ports_0_REG_bits_data_reg[29] failed (is not equivalent)
    Compare point core/fp_pipeline/fregfile_io_write_ports_0_REG_bits_data_reg[2] failed (is not equivalent)
    Compare point core/fp_pipeline/fregfile_io_write_ports_0_REG_bits_data_reg[30] failed (is not equivalent)
    Compare point core/fp_pipeline/fregfile_io_write_ports_0_REG_bits_data_reg[31] failed (is not equivalent)
    Compare point core/fp_pipeline/fregfile_io_write_ports_0_REG_bits_data_reg[32] failed (is not equivalent)
    Compare point core/fp_pipeline/fregfile_io_write_ports_0_REG_bits_data_reg[33] failed (is not equivalent)
    Compare point core/fp_pipeline/fregfile_io_write_ports_0_REG_bits_data_reg[34] failed (is not equivalent)
    Compare point core/fp_pipeline/fregfile_io_write_ports_0_REG_bits_data_reg[35] failed (is not equivalent)
    Compare point core/fp_pipeline/fregfile_io_write_ports_0_REG_bits_data_reg[36] failed (is not equivalent)
    Compare point core/fp_pipeline/fregfile_io_write_ports_0_REG_bits_data_reg[37] failed (is not equivalent)
    Compare point core/fp_pipeline/fregfile_io_write_ports_0_REG_bits_data_reg[38] failed (is not equivalent)
    Compare point core/fp_pipeline/fregfile_io_write_ports_0_REG_bits_data_reg[39] failed (is not equivalent)
    Compare point core/fp_pipeline/fregfile_io_write_ports_0_REG_bits_data_reg[3] failed (is not equivalent)
    Compare point core/fp_pipeline/fregfile_io_write_ports_0_REG_bits_data_reg[40] failed (is not equivalent)
    Compare point core/fp_pipeline/fregfile_io_write_ports_0_REG_bits_data_reg[41] failed (is not equivalent)
    Compare point core/fp_pipeline/fregfile_io_write_ports_0_REG_bits_data_reg[42] failed (is not equivalent)
    Compare point core/fp_pipeline/fregfile_io_write_ports_0_REG_bits_data_reg[43] failed (is not equivalent)
    Compare point core/fp_pipeline/fregfile_io_write_ports_0_REG_bits_data_reg[44] failed (is not equivalent)
    Compare point core/fp_pipeline/fregfile_io_write_ports_0_REG_bits_data_reg[45] failed (is not equivalent)
    Compare point core/fp_pipeline/fregfile_io_write_ports_0_REG_bits_data_reg[46] failed (is not equivalent)
    Compare point core/fp_pipeline/fregfile_io_write_ports_0_REG_bits_data_reg[47] failed (is not equivalent)
    Compare point core/fp_pipeline/fregfile_io_write_ports_0_REG_bits_data_reg[48] failed (is not equivalent)
    Compare point core/fp_pipeline/fregfile_io_write_ports_0_REG_bits_data_reg[49] failed (is not equivalent)
    Compare point core/fp_pipeline/fregfile_io_write_ports_0_REG_bits_data_reg[4] failed (is not equivalent)
    Compare point core/fp_pipeline/fregfile_io_write_ports_0_REG_bits_data_reg[50] failed (is not equivalent)
    Compare point core/fp_pipeline/fregfile_io_write_ports_0_REG_bits_data_reg[51] failed (is not equivalent)
    Compare point core/fp_pipeline/fregfile_io_write_ports_0_REG_bits_data_reg[52] failed (is not equivalent)
    Compare point core/fp_pipeline/fregfile_io_write_ports_0_REG_bits_data_reg[53] failed (is not equivalent)
    Compare point core/fp_pipeline/fregfile_io_write_ports_0_REG_bits_data_reg[54] failed (is not equivalent)
    Compare point core/fp_pipeline/fregfile_io_write_ports_0_REG_bits_data_reg[55] failed (is not equivalent)
    Compare point core/fp_pipeline/fregfile_io_write_ports_0_REG_bits_data_reg[56] failed (is not equivalent)
    Compare point core/fp_pipeline/fregfile_io_write_ports_0_REG_bits_data_reg[57] failed (is not equivalent)
    Compare point core/fp_pipeline/fregfile_io_write_ports_0_REG_bits_data_reg[58] failed (is not equivalent)
    Compare point core/fp_pipeline/fregfile_io_write_ports_0_REG_bits_data_reg[59] failed (is not equivalent)
    Compare point core/fp_pipeline/fregfile_io_write_ports_0_REG_bits_data_reg[5] failed (is not equivalent)
    Compare point core/fp_pipeline/fregfile_io_write_ports_0_REG_bits_data_reg[60] failed (is not equivalent)
    Compare point core/fp_pipeline/fregfile_io_write_ports_0_REG_bits_data_reg[61] failed (is not equivalent)
    Compare point core/fp_pipeline/fregfile_io_write_ports_0_REG_bits_data_reg[62] failed (is not equivalent)
    Compare point core/fp_pipeline/fregfile_io_write_ports_0_REG_bits_data_reg[63] failed (is not equivalent)
    Compare point core/fp_pipeline/fregfile_io_write_ports_0_REG_bits_data_reg[64] failed (is not equivalent)
    Compare point core/fp_pipeline/fregfile_io_write_ports_0_REG_bits_data_reg[6] failed (is not equivalent)
    Compare point core/fp_pipeline/fregfile_io_write_ports_0_REG_bits_data_reg[7] failed (is not equivalent)
    Compare point core/fp_pipeline/fregfile_io_write_ports_0_REG_bits_data_reg[8] failed (is not equivalent)
    Compare point core/fp_pipeline/fregfile_io_write_ports_0_REG_bits_data_reg[9] failed (is not equivalent)
    Compare point core/rob/rob_fflags_1_reg[0][0] failed (is not equivalent)
    Compare point core/rob/rob_fflags_1_reg[0][1] failed (is not equivalent)
    Compare point core/rob/rob_fflags_1_reg[0][2] failed (is not equivalent)
    Compare point core/rob/rob_fflags_1_reg[0][3] failed (is not equivalent)
    Compare point core/rob/rob_fflags_1_reg[0][4] failed (is not equivalent)
    Compare point core/rob/rob_fflags_1_reg[10][0] failed (is not equivalent)
    Compare point core/rob/rob_fflags_1_reg[10][1] failed (is not equivalent)
    Compare point core/rob/rob_fflags_1_reg[10][2] failed (is not equivalent)
    Compare point core/rob/rob_fflags_1_reg[10][3] failed (is not equivalent)
    Compare point core/rob/rob_fflags_1_reg[10][4] failed (is not equivalent)
    Compare point core/rob/rob_fflags_1_reg[11][0] failed (is not equivalent)
    Compare point core/rob/rob_fflags_1_reg[11][1] failed (is not equivalent)
    Compare point core/rob/rob_fflags_1_reg[11][2] failed (is not equivalent)
    Compare point core/rob/rob_fflags_1_reg[11][3] failed (is not equivalent)
    Compare point core/rob/rob_fflags_1_reg[11][4] failed (is not equivalent)
    Compare point core/rob/rob_fflags_1_reg[12][0] failed (is not equivalent)
    Compare point core/rob/rob_fflags_1_reg[12][1] failed (is not equivalent)
    Compare point core/rob/rob_fflags_1_reg[12][2] failed (is not equivalent)
    Compare point core/rob/rob_fflags_1_reg[12][3] failed (is not equivalent)
    Compare point core/rob/rob_fflags_1_reg[12][4] failed (is not equivalent)
    Compare point core/rob/rob_fflags_1_reg[13][0] failed (is not equivalent)
    Compare point core/rob/rob_fflags_1_reg[13][1] failed (is not equivalent)
    Compare point core/rob/rob_fflags_1_reg[13][2] failed (is not equivalent)
    Compare point core/rob/rob_fflags_1_reg[13][3] failed (is not equivalent)
    Compare point core/rob/rob_fflags_1_reg[13][4] failed (is not equivalent)
    Compare point core/rob/rob_fflags_1_reg[14][0] failed (is not equivalent)
    Compare point core/rob/rob_fflags_1_reg[14][1] failed (is not equivalent)
    Compare point core/rob/rob_fflags_1_reg[14][2] failed (is not equivalent)
    Compare point core/rob/rob_fflags_1_reg[14][3] failed (is not equivalent)
    Compare point core/rob/rob_fflags_1_reg[14][4] failed (is not equivalent)
    Compare point core/rob/rob_fflags_1_reg[15][0] failed (is not equivalent)
    Compare point core/rob/rob_fflags_1_reg[15][1] failed (is not equivalent)
    Compare point core/rob/rob_fflags_1_reg[15][2] failed (is not equivalent)
    Compare point core/rob/rob_fflags_1_reg[15][3] failed (is not equivalent)
    Compare point core/rob/rob_fflags_1_reg[15][4] failed (is not equivalent)
    Compare point core/rob/rob_fflags_1_reg[16][0] failed (is not equivalent)
    Compare point core/rob/rob_fflags_1_reg[16][1] failed (is not equivalent)
    Compare point core/rob/rob_fflags_1_reg[16][2] failed (is not equivalent)
    Compare point core/rob/rob_fflags_1_reg[16][3] failed (is not equivalent)
    Compare point core/rob/rob_fflags_1_reg[16][4] failed (is not equivalent)
    Compare point core/rob/rob_fflags_1_reg[17][0] failed (is not equivalent)
    Compare point core/rob/rob_fflags_1_reg[17][1] failed (is not equivalent)
    Compare point core/rob/rob_fflags_1_reg[17][2] failed (is not equivalent)
    Compare point core/rob/rob_fflags_1_reg[17][3] failed (is not equivalent)
    Compare point core/rob/rob_fflags_1_reg[17][4] failed (is not equivalent)
    Compare point core/rob/rob_fflags_1_reg[18][0] failed (is not equivalent)
    Compare point core/rob/rob_fflags_1_reg[18][1] failed (is not equivalent)
    Compare point core/rob/rob_fflags_1_reg[18][2] failed (is not equivalent)
    Compare point core/rob/rob_fflags_1_reg[18][3] failed (is not equivalent)
    Compare point core/rob/rob_fflags_1_reg[18][4] failed (is not equivalent)
    Compare point core/rob/rob_fflags_1_reg[19][0] failed (is not equivalent)
    Compare point core/rob/rob_fflags_1_reg[19][1] failed (is not equivalent)
    Compare point core/rob/rob_fflags_1_reg[19][2] failed (is not equivalent)
    Compare point core/rob/rob_fflags_1_reg[19][3] failed (is not equivalent)
    Compare point core/rob/rob_fflags_1_reg[19][4] failed (is not equivalent)
    Compare point core/rob/rob_fflags_1_reg[1][0] failed (is not equivalent)
    Compare point core/rob/rob_fflags_1_reg[1][1] failed (is not equivalent)
    Compare point core/rob/rob_fflags_1_reg[1][2] failed (is not equivalent)
    Compare point core/rob/rob_fflags_1_reg[1][3] failed (is not equivalent)
    Compare point core/rob/rob_fflags_1_reg[1][4] failed (is not equivalent)
    Compare point core/rob/rob_fflags_1_reg[20][0] failed (is not equivalent)
    Compare point core/rob/rob_fflags_1_reg[20][1] failed (is not equivalent)
    Compare point core/rob/rob_fflags_1_reg[20][2] failed (is not equivalent)
    Compare point core/rob/rob_fflags_1_reg[20][3] failed (is not equivalent)
    Compare point core/rob/rob_fflags_1_reg[20][4] failed (is not equivalent)
    Compare point core/rob/rob_fflags_1_reg[21][0] failed (is not equivalent)
    Compare point core/rob/rob_fflags_1_reg[21][1] failed (is not equivalent)
    Compare point core/rob/rob_fflags_1_reg[21][2] failed (is not equivalent)
    Compare point core/rob/rob_fflags_1_reg[21][3] failed (is not equivalent)
    Compare point core/rob/rob_fflags_1_reg[21][4] failed (is not equivalent)
    Compare point core/rob/rob_fflags_1_reg[22][0] failed (is not equivalent)
    Compare point core/rob/rob_fflags_1_reg[22][1] failed (is not equivalent)
    Compare point core/rob/rob_fflags_1_reg[22][2] failed (is not equivalent)
    Compare point core/rob/rob_fflags_1_reg[22][3] failed (is not equivalent)
    Compare point core/rob/rob_fflags_1_reg[22][4] failed (is not equivalent)
    Compare point core/rob/rob_fflags_1_reg[23][0] failed (is not equivalent)
    Compare point core/rob/rob_fflags_1_reg[23][1] failed (is not equivalent)
    Compare point core/rob/rob_fflags_1_reg[23][2] failed (is not equivalent)
    Compare point core/rob/rob_fflags_1_reg[23][3] failed (is not equivalent)
    Compare point core/rob/rob_fflags_1_reg[23][4] failed (is not equivalent)
    Compare point core/rob/rob_fflags_1_reg[24][0] failed (is not equivalent)
    Compare point core/rob/rob_fflags_1_reg[24][1] failed (is not equivalent)
    Compare point core/rob/rob_fflags_1_reg[24][2] failed (is not equivalent)
    Compare point core/rob/rob_fflags_1_reg[24][3] failed (is not equivalent)
    Compare point core/rob/rob_fflags_1_reg[24][4] failed (is not equivalent)
    Compare point core/rob/rob_fflags_1_reg[25][0] failed (is not equivalent)
    Compare point core/rob/rob_fflags_1_reg[25][1] failed (is not equivalent)
    Compare point core/rob/rob_fflags_1_reg[25][2] failed (is not equivalent)
    Compare point core/rob/rob_fflags_1_reg[25][3] failed (is not equivalent)
    Compare point core/rob/rob_fflags_1_reg[25][4] failed (is not equivalent)
    Compare point core/rob/rob_fflags_1_reg[26][0] failed (is not equivalent)
    Compare point core/rob/rob_fflags_1_reg[26][1] failed (is not equivalent)
    Compare point core/rob/rob_fflags_1_reg[26][2] failed (is not equivalent)
    Compare point core/rob/rob_fflags_1_reg[26][3] failed (is not equivalent)
    Compare point core/rob/rob_fflags_1_reg[26][4] failed (is not equivalent)
    Compare point core/rob/rob_fflags_1_reg[27][0] failed (is not equivalent)
    Compare point core/rob/rob_fflags_1_reg[27][1] failed (is not equivalent)
    Compare point core/rob/rob_fflags_1_reg[27][2] failed (is not equivalent)
    Compare point core/rob/rob_fflags_1_reg[27][3] failed (is not equivalent)
    Compare point core/rob/rob_fflags_1_reg[27][4] failed (is not equivalent)
    Compare point core/rob/rob_fflags_1_reg[28][0] failed (is not equivalent)
    Compare point core/rob/rob_fflags_1_reg[28][1] failed (is not equivalent)
    Compare point core/rob/rob_fflags_1_reg[28][2] failed (is not equivalent)
    Compare point core/rob/rob_fflags_1_reg[28][3] failed (is not equivalent)
    Compare point core/rob/rob_fflags_1_reg[28][4] failed (is not equivalent)
    Compare point core/rob/rob_fflags_1_reg[29][0] failed (is not equivalent)
    Compare point core/rob/rob_fflags_1_reg[29][1] failed (is not equivalent)
    Compare point core/rob/rob_fflags_1_reg[29][2] failed (is not equivalent)
    Compare point core/rob/rob_fflags_1_reg[29][3] failed (is not equivalent)
    Compare point core/rob/rob_fflags_1_reg[29][4] failed (is not equivalent)
    Compare point core/rob/rob_fflags_1_reg[2][0] failed (is not equivalent)
    Compare point core/rob/rob_fflags_1_reg[2][1] failed (is not equivalent)
    Compare point core/rob/rob_fflags_1_reg[2][2] failed (is not equivalent)
    Compare point core/rob/rob_fflags_1_reg[2][3] failed (is not equivalent)
    Compare point core/rob/rob_fflags_1_reg[2][4] failed (is not equivalent)
    Compare point core/rob/rob_fflags_1_reg[30][0] failed (is not equivalent)
    Compare point core/rob/rob_fflags_1_reg[30][1] failed (is not equivalent)
    Compare point core/rob/rob_fflags_1_reg[30][2] failed (is not equivalent)
    Compare point core/rob/rob_fflags_1_reg[30][3] failed (is not equivalent)
    Compare point core/rob/rob_fflags_1_reg[30][4] failed (is not equivalent)
    Compare point core/rob/rob_fflags_1_reg[31][0] failed (is not equivalent)
    Compare point core/rob/rob_fflags_1_reg[31][1] failed (is not equivalent)
    Compare point core/rob/rob_fflags_1_reg[31][2] failed (is not equivalent)
    Compare point core/rob/rob_fflags_1_reg[31][3] failed (is not equivalent)
    Compare point core/rob/rob_fflags_1_reg[31][4] failed (is not equivalent)
    Compare point core/rob/rob_fflags_1_reg[3][0] failed (is not equivalent)
    Compare point core/rob/rob_fflags_1_reg[3][1] failed (is not equivalent)
    Compare point core/rob/rob_fflags_1_reg[3][2] failed (is not equivalent)
    Compare point core/rob/rob_fflags_1_reg[3][3] failed (is not equivalent)
    Compare point core/rob/rob_fflags_1_reg[3][4] failed (is not equivalent)
    Compare point core/rob/rob_fflags_1_reg[4][0] failed (is not equivalent)
    Compare point core/rob/rob_fflags_1_reg[4][1] failed (is not equivalent)
    Compare point core/rob/rob_fflags_1_reg[4][2] failed (is not equivalent)
    Compare point core/rob/rob_fflags_1_reg[4][3] failed (is not equivalent)
    Compare point core/rob/rob_fflags_1_reg[4][4] failed (is not equivalent)
    Compare point core/rob/rob_fflags_1_reg[5][0] failed (is not equivalent)
    Compare point core/rob/rob_fflags_1_reg[5][1] failed (is not equivalent)
    Compare point core/rob/rob_fflags_1_reg[5][2] failed (is not equivalent)
    Compare point core/rob/rob_fflags_1_reg[5][3] failed (is not equivalent)
    Compare point core/rob/rob_fflags_1_reg[5][4] failed (is not equivalent)
    Compare point core/rob/rob_fflags_1_reg[6][0] failed (is not equivalent)
    Compare point core/rob/rob_fflags_1_reg[6][1] failed (is not equivalent)
    Compare point core/rob/rob_fflags_1_reg[6][2] failed (is not equivalent)
    Compare point core/rob/rob_fflags_1_reg[6][3] failed (is not equivalent)
    Compare point core/rob/rob_fflags_1_reg[6][4] failed (is not equivalent)
    Compare point core/rob/rob_fflags_1_reg[7][0] failed (is not equivalent)
    Compare point core/rob/rob_fflags_1_reg[7][1] failed (is not equivalent)
    Compare point core/rob/rob_fflags_1_reg[7][2] failed (is not equivalent)
    Compare point core/rob/rob_fflags_1_reg[7][3] failed (is not equivalent)
    Compare point core/rob/rob_fflags_1_reg[7][4] failed (is not equivalent)
    Compare point core/rob/rob_fflags_1_reg[8][0] failed (is not equivalent)
    Compare point core/rob/rob_fflags_1_reg[8][1] failed (is not equivalent)
    Compare point core/rob/rob_fflags_1_reg[8][2] failed (is not equivalent)
    Compare point core/rob/rob_fflags_1_reg[8][3] failed (is not equivalent)
    Compare point core/rob/rob_fflags_1_reg[8][4] failed (is not equivalent)
    Compare point core/rob/rob_fflags_1_reg[9][0] failed (is not equivalent)
    Compare point core/rob/rob_fflags_1_reg[9][1] failed (is not equivalent)
    Compare point core/rob/rob_fflags_1_reg[9][2] failed (is not equivalent)
    Compare point core/rob/rob_fflags_1_reg[9][3] failed (is not equivalent)
    Compare point core/rob/rob_fflags_1_reg[9][4] failed (is not equivalent)
    Compare point core/rob/rob_fflags_reg[0][0] failed (is not equivalent)
    Compare point core/rob/rob_fflags_reg[0][1] failed (is not equivalent)
    Compare point core/rob/rob_fflags_reg[0][2] failed (is not equivalent)
    Compare point core/rob/rob_fflags_reg[0][3] failed (is not equivalent)
    Compare point core/rob/rob_fflags_reg[0][4] failed (is not equivalent)
    Compare point core/rob/rob_fflags_reg[10][0] failed (is not equivalent)
    Compare point core/rob/rob_fflags_reg[10][1] failed (is not equivalent)
    Compare point core/rob/rob_fflags_reg[10][2] failed (is not equivalent)
    Compare point core/rob/rob_fflags_reg[10][3] failed (is not equivalent)
    Compare point core/rob/rob_fflags_reg[10][4] failed (is not equivalent)
    Compare point core/rob/rob_fflags_reg[11][0] failed (is not equivalent)
    Compare point core/rob/rob_fflags_reg[11][1] failed (is not equivalent)
    Compare point core/rob/rob_fflags_reg[11][2] failed (is not equivalent)
    Compare point core/rob/rob_fflags_reg[11][3] failed (is not equivalent)
    Compare point core/rob/rob_fflags_reg[11][4] failed (is not equivalent)
    Compare point core/rob/rob_fflags_reg[12][0] failed (is not equivalent)
    Compare point core/rob/rob_fflags_reg[12][1] failed (is not equivalent)
    Compare point core/rob/rob_fflags_reg[12][2] failed (is not equivalent)
    Compare point core/rob/rob_fflags_reg[12][3] failed (is not equivalent)
    Compare point core/rob/rob_fflags_reg[12][4] failed (is not equivalent)
    Compare point core/rob/rob_fflags_reg[13][0] failed (is not equivalent)
    Compare point core/rob/rob_fflags_reg[13][1] failed (is not equivalent)
    Compare point core/rob/rob_fflags_reg[13][2] failed (is not equivalent)
    Compare point core/rob/rob_fflags_reg[13][3] failed (is not equivalent)
    Compare point core/rob/rob_fflags_reg[13][4] failed (is not equivalent)
    Compare point core/rob/rob_fflags_reg[14][0] failed (is not equivalent)
    Compare point core/rob/rob_fflags_reg[14][1] failed (is not equivalent)
    Compare point core/rob/rob_fflags_reg[14][2] failed (is not equivalent)
    Compare point core/rob/rob_fflags_reg[14][3] failed (is not equivalent)
    Compare point core/rob/rob_fflags_reg[14][4] failed (is not equivalent)
    Compare point core/rob/rob_fflags_reg[15][0] failed (is not equivalent)
    Compare point core/rob/rob_fflags_reg[15][1] failed (is not equivalent)
    Compare point core/rob/rob_fflags_reg[15][2] failed (is not equivalent)
    Compare point core/rob/rob_fflags_reg[15][3] failed (is not equivalent)
    Compare point core/rob/rob_fflags_reg[15][4] failed (is not equivalent)
    Compare point core/rob/rob_fflags_reg[16][0] failed (is not equivalent)
    Compare point core/rob/rob_fflags_reg[16][1] failed (is not equivalent)
    Compare point core/rob/rob_fflags_reg[16][2] failed (is not equivalent)
    Compare point core/rob/rob_fflags_reg[16][3] failed (is not equivalent)
    Compare point core/rob/rob_fflags_reg[16][4] failed (is not equivalent)
    Compare point core/rob/rob_fflags_reg[17][0] failed (is not equivalent)
    Compare point core/rob/rob_fflags_reg[17][1] failed (is not equivalent)
    Compare point core/rob/rob_fflags_reg[17][2] failed (is not equivalent)
    Compare point core/rob/rob_fflags_reg[17][3] failed (is not equivalent)
    Compare point core/rob/rob_fflags_reg[17][4] failed (is not equivalent)
    Compare point core/rob/rob_fflags_reg[18][0] failed (is not equivalent)
    Compare point core/rob/rob_fflags_reg[18][1] failed (is not equivalent)
    Compare point core/rob/rob_fflags_reg[18][2] failed (is not equivalent)
    Compare point core/rob/rob_fflags_reg[18][3] failed (is not equivalent)
    Compare point core/rob/rob_fflags_reg[18][4] failed (is not equivalent)
    Compare point core/rob/rob_fflags_reg[19][0] failed (is not equivalent)
    Compare point core/rob/rob_fflags_reg[19][1] failed (is not equivalent)
    Compare point core/rob/rob_fflags_reg[19][2] failed (is not equivalent)
    Compare point core/rob/rob_fflags_reg[19][3] failed (is not equivalent)
    Compare point core/rob/rob_fflags_reg[19][4] failed (is not equivalent)
    Compare point core/rob/rob_fflags_reg[1][0] failed (is not equivalent)
    Compare point core/rob/rob_fflags_reg[1][1] failed (is not equivalent)
    Compare point core/rob/rob_fflags_reg[1][2] failed (is not equivalent)
    Compare point core/rob/rob_fflags_reg[1][3] failed (is not equivalent)
    Compare point core/rob/rob_fflags_reg[1][4] failed (is not equivalent)
    Compare point core/rob/rob_fflags_reg[20][0] failed (is not equivalent)
    Compare point core/rob/rob_fflags_reg[20][1] failed (is not equivalent)
    Compare point core/rob/rob_fflags_reg[20][2] failed (is not equivalent)
    Compare point core/rob/rob_fflags_reg[20][3] failed (is not equivalent)
    Compare point core/rob/rob_fflags_reg[20][4] failed (is not equivalent)
    Compare point core/rob/rob_fflags_reg[21][0] failed (is not equivalent)
    Compare point core/rob/rob_fflags_reg[21][1] failed (is not equivalent)
    Compare point core/rob/rob_fflags_reg[21][2] failed (is not equivalent)
    Compare point core/rob/rob_fflags_reg[21][3] failed (is not equivalent)
    Compare point core/rob/rob_fflags_reg[21][4] failed (is not equivalent)
    Compare point core/rob/rob_fflags_reg[22][0] failed (is not equivalent)
    Compare point core/rob/rob_fflags_reg[22][1] failed (is not equivalent)
    Compare point core/rob/rob_fflags_reg[22][2] failed (is not equivalent)
    Compare point core/rob/rob_fflags_reg[22][3] failed (is not equivalent)
    Compare point core/rob/rob_fflags_reg[22][4] failed (is not equivalent)
    Compare point core/rob/rob_fflags_reg[23][0] failed (is not equivalent)
    Compare point core/rob/rob_fflags_reg[23][1] failed (is not equivalent)
    Compare point core/rob/rob_fflags_reg[23][2] failed (is not equivalent)
    Compare point core/rob/rob_fflags_reg[23][3] failed (is not equivalent)
    Compare point core/rob/rob_fflags_reg[23][4] failed (is not equivalent)
    Compare point core/rob/rob_fflags_reg[24][0] failed (is not equivalent)
    Compare point core/rob/rob_fflags_reg[24][1] failed (is not equivalent)
    Compare point core/rob/rob_fflags_reg[24][2] failed (is not equivalent)
    Compare point core/rob/rob_fflags_reg[24][3] failed (is not equivalent)
    Compare point core/rob/rob_fflags_reg[24][4] failed (is not equivalent)
    Compare point core/rob/rob_fflags_reg[25][0] failed (is not equivalent)
    Compare point core/rob/rob_fflags_reg[25][1] failed (is not equivalent)
    Compare point core/rob/rob_fflags_reg[25][2] failed (is not equivalent)
    Compare point core/rob/rob_fflags_reg[25][3] failed (is not equivalent)
    Compare point core/rob/rob_fflags_reg[25][4] failed (is not equivalent)
    Compare point core/rob/rob_fflags_reg[26][0] failed (is not equivalent)
    Compare point core/rob/rob_fflags_reg[26][1] failed (is not equivalent)
    Compare point core/rob/rob_fflags_reg[26][2] failed (is not equivalent)
    Compare point core/rob/rob_fflags_reg[26][3] failed (is not equivalent)
    Compare point core/rob/rob_fflags_reg[26][4] failed (is not equivalent)
    Compare point core/rob/rob_fflags_reg[27][0] failed (is not equivalent)
    Compare point core/rob/rob_fflags_reg[27][1] failed (is not equivalent)
    Compare point core/rob/rob_fflags_reg[27][2] failed (is not equivalent)
    Compare point core/rob/rob_fflags_reg[27][3] failed (is not equivalent)
    Compare point core/rob/rob_fflags_reg[27][4] failed (is not equivalent)
    Compare point core/rob/rob_fflags_reg[28][0] failed (is not equivalent)
    Compare point core/rob/rob_fflags_reg[28][1] failed (is not equivalent)
    Compare point core/rob/rob_fflags_reg[28][2] failed (is not equivalent)
    Compare point core/rob/rob_fflags_reg[28][3] failed (is not equivalent)
    Compare point core/rob/rob_fflags_reg[28][4] failed (is not equivalent)
    Compare point core/rob/rob_fflags_reg[29][0] failed (is not equivalent)
    Compare point core/rob/rob_fflags_reg[29][1] failed (is not equivalent)
    Compare point core/rob/rob_fflags_reg[29][2] failed (is not equivalent)
    Compare point core/rob/rob_fflags_reg[29][3] failed (is not equivalent)
    Compare point core/rob/rob_fflags_reg[29][4] failed (is not equivalent)
    Compare point core/rob/rob_fflags_reg[2][0] failed (is not equivalent)
    Compare point core/rob/rob_fflags_reg[2][1] failed (is not equivalent)
    Compare point core/rob/rob_fflags_reg[2][2] failed (is not equivalent)
    Compare point core/rob/rob_fflags_reg[2][3] failed (is not equivalent)
    Compare point core/rob/rob_fflags_reg[2][4] failed (is not equivalent)
    Compare point core/rob/rob_fflags_reg[30][0] failed (is not equivalent)
    Compare point core/rob/rob_fflags_reg[30][1] failed (is not equivalent)
    Compare point core/rob/rob_fflags_reg[30][2] failed (is not equivalent)
    Compare point core/rob/rob_fflags_reg[30][3] failed (is not equivalent)
    Compare point core/rob/rob_fflags_reg[30][4] failed (is not equivalent)
    Compare point core/rob/rob_fflags_reg[31][0] failed (is not equivalent)
    Compare point core/rob/rob_fflags_reg[31][1] failed (is not equivalent)
    Compare point core/rob/rob_fflags_reg[31][2] failed (is not equivalent)
    Compare point core/rob/rob_fflags_reg[31][3] failed (is not equivalent)
    Compare point core/rob/rob_fflags_reg[31][4] failed (is not equivalent)
    Compare point core/rob/rob_fflags_reg[3][0] failed (is not equivalent)
    Compare point core/rob/rob_fflags_reg[3][1] failed (is not equivalent)
    Compare point core/rob/rob_fflags_reg[3][2] failed (is not equivalent)
    Compare point core/rob/rob_fflags_reg[3][3] failed (is not equivalent)
    Compare point core/rob/rob_fflags_reg[3][4] failed (is not equivalent)
    Compare point core/rob/rob_fflags_reg[4][0] failed (is not equivalent)
    Compare point core/rob/rob_fflags_reg[4][1] failed (is not equivalent)
    Compare point core/rob/rob_fflags_reg[4][2] failed (is not equivalent)
    Compare point core/rob/rob_fflags_reg[4][3] failed (is not equivalent)
    Compare point core/rob/rob_fflags_reg[4][4] failed (is not equivalent)
    Compare point core/rob/rob_fflags_reg[5][0] failed (is not equivalent)
    Compare point core/rob/rob_fflags_reg[5][1] failed (is not equivalent)
    Compare point core/rob/rob_fflags_reg[5][2] failed (is not equivalent)
    Compare point core/rob/rob_fflags_reg[5][3] failed (is not equivalent)
    Compare point core/rob/rob_fflags_reg[5][4] failed (is not equivalent)
    Compare point core/rob/rob_fflags_reg[6][0] failed (is not equivalent)
    Compare point core/rob/rob_fflags_reg[6][1] failed (is not equivalent)
    Compare point core/rob/rob_fflags_reg[6][2] failed (is not equivalent)
    Compare point core/rob/rob_fflags_reg[6][3] failed (is not equivalent)
    Compare point core/rob/rob_fflags_reg[6][4] failed (is not equivalent)
    Compare point core/rob/rob_fflags_reg[7][0] failed (is not equivalent)
    Compare point core/rob/rob_fflags_reg[7][1] failed (is not equivalent)
    Compare point core/rob/rob_fflags_reg[7][2] failed (is not equivalent)
    Compare point core/rob/rob_fflags_reg[7][3] failed (is not equivalent)
    Compare point core/rob/rob_fflags_reg[7][4] failed (is not equivalent)
    Compare point core/rob/rob_fflags_reg[8][0] failed (is not equivalent)
    Compare point core/rob/rob_fflags_reg[8][1] failed (is not equivalent)
    Compare point core/rob/rob_fflags_reg[8][2] failed (is not equivalent)
    Compare point core/rob/rob_fflags_reg[8][3] failed (is not equivalent)
    Compare point core/rob/rob_fflags_reg[8][4] failed (is not equivalent)
    Compare point core/rob/rob_fflags_reg[9][0] failed (is not equivalent)
    Compare point core/rob/rob_fflags_reg[9][1] failed (is not equivalent)
    Compare point core/rob/rob_fflags_reg[9][2] failed (is not equivalent)
    Compare point core/rob/rob_fflags_reg[9][3] failed (is not equivalent)
    Compare point core/rob/rob_fflags_reg[9][4] failed (is not equivalent)
    Compare point core/rob/rob_predicated_1_12_reg failed (is not equivalent)
    Compare point core/rob/rob_predicated_1_19_reg failed (is not equivalent)
    Compare point core/rob/rob_predicated_1_24_reg failed (is not equivalent)
    Compare point core/rob/rob_predicated_1_5_reg failed (is not equivalent)
    Compare point core/rob/rob_predicated__10_reg failed (is not equivalent)
    Compare point core/rob/rob_predicated__16_reg failed (is not equivalent)
    Compare point core/rob/rob_predicated__2_reg failed (is not equivalent)
.
    Compare point core/rob/rob_predicated__7_reg failed (is not equivalent)
    Compare point core/rob/rob_predicated_1_30_reg failed (is not equivalent)
    Compare point core/rob/rob_predicated__14_reg failed (is not equivalent)
    Compare point core/rob/rob_predicated__18_reg failed (is not equivalent)
    Compare point core/rob/rob_predicated__25_reg failed (is not equivalent)
    Compare point core/rob/rob_predicated__13_reg failed (is not equivalent)
    Compare point core/rob/rob_predicated__8_reg failed (is not equivalent)
    Compare point core/rob/rob_predicated__12_reg failed (is not equivalent)
    Compare point core/rob/rob_predicated_1_17_reg failed (is not equivalent)
    Compare point core/rob/rob_predicated__29_reg failed (is not equivalent)
    Compare point core/rob/rob_predicated__30_reg failed (is not equivalent)
    Compare point core/rob/rob_predicated_1_22_reg failed (is not equivalent)
    Compare point core/rob/rob_predicated__22_reg failed (is not equivalent)
    Compare point core/rob/rob_predicated_1_2_reg failed (is not equivalent)
    Compare point core/rob/rob_predicated__1_reg failed (is not equivalent)
    Compare point core/rob/rob_predicated__28_reg failed (is not equivalent)
    Compare point core/rob/rob_predicated_1_18_reg failed (is not equivalent)
    Compare point core/rob/rob_predicated__5_reg failed (is not equivalent)
    Compare point core/iregfile/regfile_reg[55][9] failed (is not equivalent)
    Compare point core/iregfile/regfile_reg[55][8] failed (is not equivalent)
    Compare point core/iregfile/regfile_reg[55][7] failed (is not equivalent)
    Compare point core/iregfile/regfile_reg[55][6] failed (is not equivalent)
    Compare point core/iregfile/regfile_reg[55][63] failed (is not equivalent)
    Compare point core/iregfile/regfile_reg[55][62] failed (is not equivalent)
    Compare point core/iregfile/regfile_reg[55][61] failed (is not equivalent)
    Compare point core/iregfile/regfile_reg[55][60] failed (is not equivalent)
    Compare point core/iregfile/regfile_reg[55][5] failed (is not equivalent)
    Compare point core/iregfile/regfile_reg[55][59] failed (is not equivalent)
    Compare point core/iregfile/regfile_reg[55][58] failed (is not equivalent)
    Compare point core/iregfile/regfile_reg[55][57] failed (is not equivalent)
    Compare point core/iregfile/regfile_reg[55][56] failed (is not equivalent)
    Compare point core/iregfile/regfile_reg[55][55] failed (is not equivalent)
    Compare point core/iregfile/regfile_reg[55][54] failed (is not equivalent)
    Compare point core/iregfile/regfile_reg[55][53] failed (is not equivalent)
    Compare point core/iregfile/regfile_reg[55][52] failed (is not equivalent)
    Compare point core/iregfile/regfile_reg[55][51] failed (is not equivalent)
    Compare point core/iregfile/regfile_reg[55][50] failed (is not equivalent)
    Compare point core/iregfile/regfile_reg[55][4] failed (is not equivalent)
    Compare point core/iregfile/regfile_reg[55][49] failed (is not equivalent)
    Compare point core/iregfile/regfile_reg[55][48] failed (is not equivalent)
    Compare point core/iregfile/regfile_reg[55][47] failed (is not equivalent)
    Compare point core/iregfile/regfile_reg[55][46] failed (is not equivalent)
    Compare point core/iregfile/regfile_reg[55][45] failed (is not equivalent)
    Compare point core/iregfile/regfile_reg[55][44] failed (is not equivalent)
    Compare point core/iregfile/regfile_reg[55][43] failed (is not equivalent)
    Compare point core/iregfile/regfile_reg[55][42] failed (is not equivalent)
    Compare point core/iregfile/regfile_reg[55][41] failed (is not equivalent)
    Compare point core/iregfile/regfile_reg[55][40] failed (is not equivalent)
    Compare point core/iregfile/regfile_reg[55][3] failed (is not equivalent)
    Compare point core/iregfile/regfile_reg[55][39] failed (is not equivalent)
    Compare point core/iregfile/regfile_reg[55][38] failed (is not equivalent)
    Compare point core/iregfile/regfile_reg[55][37] failed (is not equivalent)
    Compare point core/iregfile/regfile_reg[55][36] failed (is not equivalent)
    Compare point core/iregfile/regfile_reg[55][35] failed (is not equivalent)
    Compare point core/iregfile/regfile_reg[55][34] failed (is not equivalent)
    Compare point core/iregfile/regfile_reg[55][33] failed (is not equivalent)
    Compare point core/iregfile/regfile_reg[55][32] failed (is not equivalent)
    Compare point core/iregfile/regfile_reg[55][31] failed (is not equivalent)
    Compare point core/iregfile/regfile_reg[55][30] failed (is not equivalent)
    Compare point core/iregfile/regfile_reg[55][2] failed (is not equivalent)
    Compare point core/iregfile/regfile_reg[55][29] failed (is not equivalent)
    Compare point core/iregfile/regfile_reg[55][28] failed (is not equivalent)
    Compare point core/iregfile/regfile_reg[55][27] failed (is not equivalent)
    Compare point core/iregfile/regfile_reg[55][26] failed (is not equivalent)
    Compare point core/iregfile/regfile_reg[55][25] failed (is not equivalent)
    Compare point core/iregfile/regfile_reg[55][24] failed (is not equivalent)
    Compare point core/iregfile/regfile_reg[55][23] failed (is not equivalent)
    Compare point core/iregfile/regfile_reg[55][22] failed (is not equivalent)
    Compare point core/iregfile/regfile_reg[55][21] failed (is not equivalent)
    Compare point core/iregfile/regfile_reg[55][20] failed (is not equivalent)
    Compare point core/iregfile/regfile_reg[55][1] failed (is not equivalent)
    Compare point core/iregfile/regfile_reg[55][19] failed (is not equivalent)
    Compare point core/iregfile/regfile_reg[55][18] failed (is not equivalent)
    Compare point core/iregfile/regfile_reg[55][17] failed (is not equivalent)
    Compare point core/iregfile/regfile_reg[55][16] failed (is not equivalent)
    Compare point core/iregfile/regfile_reg[55][15] failed (is not equivalent)
    Compare point core/iregfile/regfile_reg[55][14] failed (is not equivalent)
    Compare point core/iregfile/regfile_reg[55][13] failed (is not equivalent)
    Compare point core/iregfile/regfile_reg[55][12] failed (is not equivalent)
    Compare point core/iregfile/regfile_reg[55][11] failed (is not equivalent)
    Compare point core/iregfile/regfile_reg[55][10] failed (is not equivalent)
    Compare point core/iregfile/regfile_reg[55][0] failed (is not equivalent)
    Compare point core/iregfile/regfile_reg[1][9] failed (is not equivalent)
    Compare point core/iregfile/regfile_reg[1][8] failed (is not equivalent)
    Compare point core/iregfile/regfile_reg[1][7] failed (is not equivalent)
    Compare point core/iregfile/regfile_reg[1][6] failed (is not equivalent)
    Compare point core/iregfile/regfile_reg[1][63] failed (is not equivalent)
    Compare point core/iregfile/regfile_reg[1][62] failed (is not equivalent)
    Compare point core/iregfile/regfile_reg[1][61] failed (is not equivalent)
    Compare point core/iregfile/regfile_reg[1][60] failed (is not equivalent)
    Compare point core/iregfile/regfile_reg[1][5] failed (is not equivalent)
    Compare point core/iregfile/regfile_reg[1][59] failed (is not equivalent)
    Compare point core/iregfile/regfile_reg[1][58] failed (is not equivalent)
    Compare point core/iregfile/regfile_reg[1][57] failed (is not equivalent)
    Compare point core/iregfile/regfile_reg[1][56] failed (is not equivalent)
    Compare point core/iregfile/regfile_reg[1][55] failed (is not equivalent)
    Compare point core/iregfile/regfile_reg[1][54] failed (is not equivalent)
    Compare point core/iregfile/regfile_reg[1][53] failed (is not equivalent)
    Compare point core/iregfile/regfile_reg[1][52] failed (is not equivalent)
    Compare point core/iregfile/regfile_reg[1][51] failed (is not equivalent)
    Compare point core/iregfile/regfile_reg[1][50] failed (is not equivalent)
    Compare point core/iregfile/regfile_reg[1][4] failed (is not equivalent)
    Compare point core/iregfile/regfile_reg[1][49] failed (is not equivalent)
    Compare point core/iregfile/regfile_reg[1][48] failed (is not equivalent)
    Compare point core/iregfile/regfile_reg[1][47] failed (is not equivalent)
    Compare point core/iregfile/regfile_reg[1][46] failed (is not equivalent)
    Compare point core/iregfile/regfile_reg[1][45] failed (is not equivalent)
    Compare point core/iregfile/regfile_reg[1][44] failed (is not equivalent)
    Compare point core/iregfile/regfile_reg[1][43] failed (is not equivalent)
    Compare point core/iregfile/regfile_reg[1][42] failed (is not equivalent)
    Compare point core/iregfile/regfile_reg[1][41] failed (is not equivalent)
    Compare point core/iregfile/regfile_reg[1][40] failed (is not equivalent)
    Compare point core/iregfile/regfile_reg[1][3] failed (is not equivalent)
    Compare point core/iregfile/regfile_reg[1][39] failed (is not equivalent)
    Compare point core/iregfile/regfile_reg[1][38] failed (is not equivalent)
    Compare point core/iregfile/regfile_reg[1][37] failed (is not equivalent)
    Compare point core/iregfile/regfile_reg[1][36] failed (is not equivalent)
    Compare point core/iregfile/regfile_reg[1][35] failed (is not equivalent)
    Compare point core/iregfile/regfile_reg[1][34] failed (is not equivalent)
    Compare point core/iregfile/regfile_reg[1][33] failed (is not equivalent)
    Compare point core/iregfile/regfile_reg[1][32] failed (is not equivalent)
    Compare point core/iregfile/regfile_reg[1][31] failed (is not equivalent)
    Compare point core/iregfile/regfile_reg[1][30] failed (is not equivalent)
    Compare point core/iregfile/regfile_reg[1][2] failed (is not equivalent)
    Compare point core/iregfile/regfile_reg[1][29] failed (is not equivalent)
    Compare point core/iregfile/regfile_reg[1][28] failed (is not equivalent)
    Compare point core/iregfile/regfile_reg[1][27] failed (is not equivalent)
    Compare point core/iregfile/regfile_reg[1][26] failed (is not equivalent)
    Compare point core/iregfile/regfile_reg[1][25] failed (is not equivalent)
    Compare point core/iregfile/regfile_reg[1][24] failed (is not equivalent)
    Compare point core/iregfile/regfile_reg[1][23] failed (is not equivalent)
    Compare point core/iregfile/regfile_reg[1][22] failed (is not equivalent)
    Compare point core/iregfile/regfile_reg[1][21] failed (is not equivalent)
    Compare point core/iregfile/regfile_reg[1][20] failed (is not equivalent)
    Compare point core/iregfile/regfile_reg[1][1] failed (is not equivalent)
    Compare point core/iregfile/regfile_reg[1][19] failed (is not equivalent)
    Compare point core/iregfile/regfile_reg[1][18] failed (is not equivalent)
    Compare point core/iregfile/regfile_reg[1][17] failed (is not equivalent)
    Compare point core/iregfile/regfile_reg[1][16] failed (is not equivalent)
    Compare point core/iregfile/regfile_reg[1][15] failed (is not equivalent)
    Compare point core/iregfile/regfile_reg[1][14] failed (is not equivalent)
    Compare point core/iregfile/regfile_reg[1][13] failed (is not equivalent)
    Compare point core/iregfile/regfile_reg[1][12] failed (is not equivalent)
    Compare point core/iregfile/regfile_reg[1][11] failed (is not equivalent)
    Compare point core/iregfile/regfile_reg[1][10] failed (is not equivalent)
    Compare point core/iregfile/regfile_reg[1][0] failed (is not equivalent)
    Compare point core/rob/rob_predicated_1_29_reg failed (is not equivalent)
    Compare point core/rob/rob_predicated_1_23_reg failed (is not equivalent)
    Compare point core/rob/rob_predicated_1_28_reg failed (is not equivalent)
    Compare point core/rob/rob_predicated_1_26_reg failed (is not equivalent)
    Compare point core/iregfile/regfile_reg[0][13] failed (is not equivalent)
    Compare point core/iregfile/regfile_reg[0][9] failed (is not equivalent)
    Compare point core/iregfile/regfile_reg[0][8] failed (is not equivalent)
    Compare point core/iregfile/regfile_reg[0][7] failed (is not equivalent)
    Compare point core/iregfile/regfile_reg[0][6] failed (is not equivalent)
    Compare point core/iregfile/regfile_reg[0][63] failed (is not equivalent)
    Compare point core/iregfile/regfile_reg[0][62] failed (is not equivalent)
    Compare point core/iregfile/regfile_reg[0][61] failed (is not equivalent)
    Compare point core/iregfile/regfile_reg[0][60] failed (is not equivalent)
    Compare point core/iregfile/regfile_reg[0][5] failed (is not equivalent)
    Compare point core/iregfile/regfile_reg[0][59] failed (is not equivalent)
    Compare point core/iregfile/regfile_reg[0][58] failed (is not equivalent)
    Compare point core/iregfile/regfile_reg[0][57] failed (is not equivalent)
    Compare point core/iregfile/regfile_reg[0][56] failed (is not equivalent)
    Compare point core/iregfile/regfile_reg[0][55] failed (is not equivalent)
    Compare point core/iregfile/regfile_reg[0][54] failed (is not equivalent)
    Compare point core/iregfile/regfile_reg[0][53] failed (is not equivalent)
    Compare point core/iregfile/regfile_reg[0][52] failed (is not equivalent)
    Compare point core/iregfile/regfile_reg[0][51] failed (is not equivalent)
    Compare point core/iregfile/regfile_reg[0][50] failed (is not equivalent)
    Compare point core/iregfile/regfile_reg[0][4] failed (is not equivalent)
    Compare point core/iregfile/regfile_reg[0][49] failed (is not equivalent)
    Compare point core/iregfile/regfile_reg[0][48] failed (is not equivalent)
    Compare point core/iregfile/regfile_reg[0][47] failed (is not equivalent)
    Compare point core/iregfile/regfile_reg[0][46] failed (is not equivalent)
    Compare point core/iregfile/regfile_reg[0][45] failed (is not equivalent)
    Compare point core/iregfile/regfile_reg[0][44] failed (is not equivalent)
    Compare point core/iregfile/regfile_reg[0][43] failed (is not equivalent)
    Compare point core/iregfile/regfile_reg[0][42] failed (is not equivalent)
    Compare point core/iregfile/regfile_reg[0][41] failed (is not equivalent)
    Compare point core/iregfile/regfile_reg[0][40] failed (is not equivalent)
    Compare point core/iregfile/regfile_reg[0][3] failed (is not equivalent)
    Compare point core/iregfile/regfile_reg[0][39] failed (is not equivalent)
    Compare point core/iregfile/regfile_reg[0][38] failed (is not equivalent)
    Compare point core/iregfile/regfile_reg[0][37] failed (is not equivalent)
    Compare point core/iregfile/regfile_reg[0][36] failed (is not equivalent)
    Compare point core/iregfile/regfile_reg[0][35] failed (is not equivalent)
    Compare point core/iregfile/regfile_reg[0][34] failed (is not equivalent)
    Compare point core/iregfile/regfile_reg[0][33] failed (is not equivalent)
    Compare point core/iregfile/regfile_reg[0][32] failed (is not equivalent)
    Compare point core/iregfile/regfile_reg[0][31] failed (is not equivalent)
    Compare point core/iregfile/regfile_reg[0][30] failed (is not equivalent)
    Compare point core/iregfile/regfile_reg[0][2] failed (is not equivalent)
    Compare point core/iregfile/regfile_reg[0][29] failed (is not equivalent)
    Compare point core/iregfile/regfile_reg[0][28] failed (is not equivalent)
    Compare point core/iregfile/regfile_reg[0][27] failed (is not equivalent)
    Compare point core/iregfile/regfile_reg[0][26] failed (is not equivalent)
    Compare point core/iregfile/regfile_reg[0][25] failed (is not equivalent)
    Compare point core/iregfile/regfile_reg[0][24] failed (is not equivalent)
    Compare point core/iregfile/regfile_reg[0][23] failed (is not equivalent)
    Compare point core/iregfile/regfile_reg[0][22] failed (is not equivalent)
    Compare point core/iregfile/regfile_reg[0][21] failed (is not equivalent)
    Compare point core/iregfile/regfile_reg[0][20] failed (is not equivalent)
    Compare point core/iregfile/regfile_reg[0][1] failed (is not equivalent)
    Compare point core/iregfile/regfile_reg[0][19] failed (is not equivalent)
    Compare point core/iregfile/regfile_reg[0][18] failed (is not equivalent)
    Compare point core/iregfile/regfile_reg[0][17] failed (is not equivalent)
    Compare point core/iregfile/regfile_reg[0][16] failed (is not equivalent)
    Compare point core/iregfile/regfile_reg[0][15] failed (is not equivalent)
    Compare point core/iregfile/regfile_reg[0][14] failed (is not equivalent)
    Compare point core/iregfile/regfile_reg[0][12] failed (is not equivalent)
    Compare point core/iregfile/regfile_reg[0][11] failed (is not equivalent)
    Compare point core/iregfile/regfile_reg[0][10] failed (is not equivalent)
    Compare point core/iregfile/regfile_reg[0][0] failed (is not equivalent)
    Compare point core/rob/rob_predicated_1_13_reg failed (is not equivalent)
    Compare point core/rob/rob_predicated_1_14_reg failed (is not equivalent)
    Compare point core/rob/rob_predicated_1_21_reg failed (is not equivalent)
    Compare point core/rob/rob_predicated__20_reg failed (is not equivalent)
    Compare point core/rob/rob_predicated__3_reg failed (is not equivalent)
    Compare point core/rob/rob_predicated__6_reg failed (is not equivalent)
    Compare point core/rob/rob_predicated__11_reg failed (is not equivalent)
    Compare point core/rob/rob_predicated_1_7_reg failed (is not equivalent)
    Compare point core/rob/rob_predicated_1_3_reg failed (is not equivalent)
    Compare point core/rob/rob_predicated_1_20_reg failed (is not equivalent)
    Compare point core/rob/rob_predicated_1_11_reg failed (is not equivalent)
    Compare point core/rob/rob_predicated__26_reg failed (is not equivalent)
    Compare point core/rob/rob_predicated__24_reg failed (is not equivalent)
    Compare point core/rob/rob_predicated_1_15_reg failed (is not equivalent)
    Compare point core/rob/rob_predicated_1_27_reg failed (is not equivalent)
    Compare point core/rob/rob_predicated__4_reg failed (is not equivalent)
    Compare point core/rob/rob_predicated__27_reg failed (is not equivalent)
    Compare point core/rob/rob_predicated__23_reg failed (is not equivalent)
    Compare point core/rob/rob_predicated__15_reg failed (is not equivalent)
    Compare point core/rob/rob_predicated_1_8_reg failed (is not equivalent)
    Compare point core/rob/rob_predicated_1_31_reg failed (is not equivalent)
    Compare point core/iregfile/regfile_reg[10][9] failed (is not equivalent)
    Compare point core/iregfile/regfile_reg[10][8] failed (is not equivalent)
    Compare point core/iregfile/regfile_reg[10][7] failed (is not equivalent)
    Compare point core/iregfile/regfile_reg[10][6] failed (is not equivalent)
    Compare point core/iregfile/regfile_reg[10][63] failed (is not equivalent)
    Compare point core/iregfile/regfile_reg[10][62] failed (is not equivalent)
    Compare point core/iregfile/regfile_reg[10][61] failed (is not equivalent)
    Compare point core/iregfile/regfile_reg[10][60] failed (is not equivalent)
    Compare point core/iregfile/regfile_reg[10][5] failed (is not equivalent)
    Compare point core/iregfile/regfile_reg[10][59] failed (is not equivalent)
    Compare point core/iregfile/regfile_reg[10][58] failed (is not equivalent)
    Compare point core/iregfile/regfile_reg[10][57] failed (is not equivalent)
    Compare point core/iregfile/regfile_reg[10][56] failed (is not equivalent)
    Compare point core/iregfile/regfile_reg[10][55] failed (is not equivalent)
    Compare point core/iregfile/regfile_reg[10][54] failed (is not equivalent)
    Compare point core/iregfile/regfile_reg[10][53] failed (is not equivalent)
    Compare point core/iregfile/regfile_reg[10][52] failed (is not equivalent)
    Compare point core/iregfile/regfile_reg[10][51] failed (is not equivalent)
    Compare point core/iregfile/regfile_reg[10][50] failed (is not equivalent)
    Compare point core/iregfile/regfile_reg[10][4] failed (is not equivalent)
    Compare point core/iregfile/regfile_reg[10][49] failed (is not equivalent)
    Compare point core/iregfile/regfile_reg[10][48] failed (is not equivalent)
    Compare point core/iregfile/regfile_reg[10][47] failed (is not equivalent)
    Compare point core/iregfile/regfile_reg[10][46] failed (is not equivalent)
    Compare point core/iregfile/regfile_reg[10][45] failed (is not equivalent)
    Compare point core/iregfile/regfile_reg[10][44] failed (is not equivalent)
    Compare point core/iregfile/regfile_reg[10][43] failed (is not equivalent)
    Compare point core/iregfile/regfile_reg[10][42] failed (is not equivalent)
    Compare point core/iregfile/regfile_reg[10][41] failed (is not equivalent)
    Compare point core/iregfile/regfile_reg[10][40] failed (is not equivalent)
    Compare point core/iregfile/regfile_reg[10][3] failed (is not equivalent)
    Compare point core/iregfile/regfile_reg[10][39] failed (is not equivalent)
    Compare point core/iregfile/regfile_reg[10][38] failed (is not equivalent)
    Compare point core/iregfile/regfile_reg[10][37] failed (is not equivalent)
    Compare point core/iregfile/regfile_reg[10][36] failed (is not equivalent)
    Compare point core/iregfile/regfile_reg[10][35] failed (is not equivalent)
    Compare point core/iregfile/regfile_reg[10][34] failed (is not equivalent)
    Compare point core/iregfile/regfile_reg[10][33] failed (is not equivalent)
    Compare point core/iregfile/regfile_reg[10][32] failed (is not equivalent)
    Compare point core/iregfile/regfile_reg[10][31] failed (is not equivalent)
    Compare point core/iregfile/regfile_reg[10][30] failed (is not equivalent)
    Compare point core/iregfile/regfile_reg[10][2] failed (is not equivalent)
    Compare point core/iregfile/regfile_reg[10][29] failed (is not equivalent)
    Compare point core/iregfile/regfile_reg[10][28] failed (is not equivalent)
    Compare point core/iregfile/regfile_reg[10][27] failed (is not equivalent)
    Compare point core/iregfile/regfile_reg[10][26] failed (is not equivalent)
    Compare point core/iregfile/regfile_reg[10][25] failed (is not equivalent)
    Compare point core/iregfile/regfile_reg[10][24] failed (is not equivalent)
    Compare point core/iregfile/regfile_reg[10][23] failed (is not equivalent)
    Compare point core/iregfile/regfile_reg[10][22] failed (is not equivalent)
    Compare point core/iregfile/regfile_reg[10][21] failed (is not equivalent)
    Compare point core/iregfile/regfile_reg[10][20] failed (is not equivalent)
    Compare point core/iregfile/regfile_reg[10][1] failed (is not equivalent)
    Compare point core/iregfile/regfile_reg[10][19] failed (is not equivalent)
    Compare point core/iregfile/regfile_reg[10][18] failed (is not equivalent)
    Compare point core/iregfile/regfile_reg[10][17] failed (is not equivalent)
    Compare point core/iregfile/regfile_reg[10][16] failed (is not equivalent)
    Compare point core/iregfile/regfile_reg[10][15] failed (is not equivalent)
    Compare point core/iregfile/regfile_reg[10][14] failed (is not equivalent)
    Compare point core/iregfile/regfile_reg[10][13] failed (is not equivalent)
    Compare point core/iregfile/regfile_reg[10][12] failed (is not equivalent)
    Compare point core/iregfile/regfile_reg[10][11] failed (is not equivalent)
    Compare point core/iregfile/regfile_reg[10][10] failed (is not equivalent)
    Compare point core/iregfile/regfile_reg[10][0] failed (is not equivalent)
    Compare point core/rob/rob_predicated_1_9_reg failed (is not equivalent)
    Compare point core/rob/rob_predicated__9_reg failed (is not equivalent)
    Compare point core/rob/rob_predicated__21_reg failed (is not equivalent)
    Compare point core/rob/rob_predicated_1_6_reg failed (is not equivalent)
    Compare point core/rob/rob_predicated_1_4_reg failed (is not equivalent)
    Compare point core/rob/rob_predicated_1_0_reg failed (is not equivalent)
    Compare point core/iregfile/regfile_reg[11][0] failed (is not equivalent)
    Compare point core/iregfile/regfile_reg[11][9] failed (is not equivalent)
    Compare point core/iregfile/regfile_reg[11][8] failed (is not equivalent)
    Compare point core/iregfile/regfile_reg[11][7] failed (is not equivalent)
    Compare point core/iregfile/regfile_reg[11][6] failed (is not equivalent)
    Compare point core/iregfile/regfile_reg[11][63] failed (is not equivalent)
    Compare point core/iregfile/regfile_reg[11][62] failed (is not equivalent)
    Compare point core/iregfile/regfile_reg[11][61] failed (is not equivalent)
    Compare point core/iregfile/regfile_reg[11][60] failed (is not equivalent)
    Compare point core/iregfile/regfile_reg[11][5] failed (is not equivalent)
    Compare point core/iregfile/regfile_reg[11][59] failed (is not equivalent)
    Compare point core/iregfile/regfile_reg[11][58] failed (is not equivalent)
    Compare point core/iregfile/regfile_reg[11][57] failed (is not equivalent)
    Compare point core/iregfile/regfile_reg[11][56] failed (is not equivalent)
    Compare point core/iregfile/regfile_reg[11][55] failed (is not equivalent)
    Compare point core/iregfile/regfile_reg[11][54] failed (is not equivalent)
    Compare point core/iregfile/regfile_reg[11][53] failed (is not equivalent)
    Compare point core/iregfile/regfile_reg[11][52] failed (is not equivalent)
    Compare point core/iregfile/regfile_reg[11][51] failed (is not equivalent)
    Compare point core/iregfile/regfile_reg[11][50] failed (is not equivalent)
    Compare point core/iregfile/regfile_reg[11][4] failed (is not equivalent)
    Compare point core/iregfile/regfile_reg[11][49] failed (is not equivalent)
    Compare point core/iregfile/regfile_reg[11][48] failed (is not equivalent)
    Compare point core/iregfile/regfile_reg[11][47] failed (is not equivalent)
    Compare point core/iregfile/regfile_reg[11][46] failed (is not equivalent)
    Compare point core/iregfile/regfile_reg[11][45] failed (is not equivalent)
    Compare point core/iregfile/regfile_reg[11][44] failed (is not equivalent)
    Compare point core/iregfile/regfile_reg[11][43] failed (is not equivalent)
    Compare point core/iregfile/regfile_reg[11][42] failed (is not equivalent)
    Compare point core/iregfile/regfile_reg[11][41] failed (is not equivalent)
    Compare point core/iregfile/regfile_reg[11][40] failed (is not equivalent)
    Compare point core/iregfile/regfile_reg[11][3] failed (is not equivalent)
    Compare point core/iregfile/regfile_reg[11][39] failed (is not equivalent)
    Compare point core/iregfile/regfile_reg[11][38] failed (is not equivalent)
    Compare point core/iregfile/regfile_reg[11][37] failed (is not equivalent)
    Compare point core/iregfile/regfile_reg[11][36] failed (is not equivalent)
    Compare point core/iregfile/regfile_reg[11][35] failed (is not equivalent)
    Compare point core/iregfile/regfile_reg[11][34] failed (is not equivalent)
    Compare point core/iregfile/regfile_reg[11][33] failed (is not equivalent)
    Compare point core/iregfile/regfile_reg[11][32] failed (is not equivalent)
    Compare point core/iregfile/regfile_reg[11][31] failed (is not equivalent)
    Compare point core/iregfile/regfile_reg[11][30] failed (is not equivalent)
    Compare point core/iregfile/regfile_reg[11][2] failed (is not equivalent)
    Compare point core/iregfile/regfile_reg[11][29] failed (is not equivalent)
    Compare point core/iregfile/regfile_reg[11][28] failed (is not equivalent)
    Compare point core/iregfile/regfile_reg[11][27] failed (is not equivalent)
    Compare point core/iregfile/regfile_reg[11][26] failed (is not equivalent)
    Compare point core/iregfile/regfile_reg[11][25] failed (is not equivalent)
    Compare point core/iregfile/regfile_reg[11][24] failed (is not equivalent)
    Compare point core/iregfile/regfile_reg[11][23] failed (is not equivalent)
    Compare point core/iregfile/regfile_reg[11][22] failed (is not equivalent)
    Compare point core/iregfile/regfile_reg[11][21] failed (is not equivalent)
    Compare point core/iregfile/regfile_reg[11][20] failed (is not equivalent)
    Compare point core/iregfile/regfile_reg[11][1] failed (is not equivalent)
    Compare point core/iregfile/regfile_reg[11][19] failed (is not equivalent)
    Compare point core/iregfile/regfile_reg[11][18] failed (is not equivalent)
    Compare point core/iregfile/regfile_reg[11][17] failed (is not equivalent)
    Compare point core/iregfile/regfile_reg[11][16] failed (is not equivalent)
    Compare point core/iregfile/regfile_reg[11][15] failed (is not equivalent)
    Compare point core/iregfile/regfile_reg[11][14] failed (is not equivalent)
    Compare point core/iregfile/regfile_reg[11][13] failed (is not equivalent)
    Compare point core/iregfile/regfile_reg[11][12] failed (is not equivalent)
    Compare point core/iregfile/regfile_reg[11][11] failed (is not equivalent)
    Compare point core/iregfile/regfile_reg[11][10] failed (is not equivalent)
    Compare point core/iregfile/regfile_reg[12][0] failed (is not equivalent)
    Compare point core/iregfile/regfile_reg[12][9] failed (is not equivalent)
    Compare point core/iregfile/regfile_reg[12][8] failed (is not equivalent)
    Compare point core/iregfile/regfile_reg[12][7] failed (is not equivalent)
    Compare point core/iregfile/regfile_reg[12][6] failed (is not equivalent)
    Compare point core/iregfile/regfile_reg[12][63] failed (is not equivalent)
    Compare point core/iregfile/regfile_reg[12][62] failed (is not equivalent)
    Compare point core/iregfile/regfile_reg[12][61] failed (is not equivalent)
    Compare point core/iregfile/regfile_reg[12][60] failed (is not equivalent)
    Compare point core/iregfile/regfile_reg[12][5] failed (is not equivalent)
    Compare point core/iregfile/regfile_reg[12][59] failed (is not equivalent)
    Compare point core/iregfile/regfile_reg[12][58] failed (is not equivalent)
    Compare point core/iregfile/regfile_reg[12][57] failed (is not equivalent)
    Compare point core/iregfile/regfile_reg[12][56] failed (is not equivalent)
    Compare point core/iregfile/regfile_reg[12][55] failed (is not equivalent)
    Compare point core/iregfile/regfile_reg[12][54] failed (is not equivalent)
    Compare point core/iregfile/regfile_reg[12][53] failed (is not equivalent)
    Compare point core/iregfile/regfile_reg[12][52] failed (is not equivalent)
    Compare point core/iregfile/regfile_reg[12][51] failed (is not equivalent)
    Compare point core/iregfile/regfile_reg[12][50] failed (is not equivalent)
    Compare point core/iregfile/regfile_reg[12][4] failed (is not equivalent)
    Compare point core/iregfile/regfile_reg[12][49] failed (is not equivalent)
    Compare point core/iregfile/regfile_reg[12][48] failed (is not equivalent)
    Compare point core/iregfile/regfile_reg[12][47] failed (is not equivalent)
    Compare point core/iregfile/regfile_reg[12][46] failed (is not equivalent)
    Compare point core/iregfile/regfile_reg[12][45] failed (is not equivalent)
    Compare point core/iregfile/regfile_reg[12][44] failed (is not equivalent)
    Compare point core/iregfile/regfile_reg[12][43] failed (is not equivalent)
    Compare point core/iregfile/regfile_reg[12][42] failed (is not equivalent)
    Compare point core/iregfile/regfile_reg[12][41] failed (is not equivalent)
    Compare point core/iregfile/regfile_reg[12][40] failed (is not equivalent)
    Compare point core/iregfile/regfile_reg[12][3] failed (is not equivalent)
    Compare point core/iregfile/regfile_reg[12][39] failed (is not equivalent)
    Compare point core/iregfile/regfile_reg[12][38] failed (is not equivalent)
    Compare point core/iregfile/regfile_reg[12][37] failed (is not equivalent)
    Compare point core/iregfile/regfile_reg[12][36] failed (is not equivalent)
    Compare point core/iregfile/regfile_reg[12][35] failed (is not equivalent)
    Compare point core/iregfile/regfile_reg[12][34] failed (is not equivalent)
    Compare point core/iregfile/regfile_reg[12][33] failed (is not equivalent)
    Compare point core/iregfile/regfile_reg[12][32] failed (is not equivalent)
    Compare point core/iregfile/regfile_reg[12][31] failed (is not equivalent)
    Compare point core/iregfile/regfile_reg[12][30] failed (is not equivalent)
    Compare point core/iregfile/regfile_reg[12][2] failed (is not equivalent)
    Compare point core/iregfile/regfile_reg[12][29] failed (is not equivalent)
    Compare point core/iregfile/regfile_reg[12][28] failed (is not equivalent)
    Compare point core/iregfile/regfile_reg[12][27] failed (is not equivalent)
    Compare point core/iregfile/regfile_reg[12][26] failed (is not equivalent)
    Compare point core/iregfile/regfile_reg[12][25] failed (is not equivalent)
    Compare point core/iregfile/regfile_reg[12][24] failed (is not equivalent)
    Compare point core/iregfile/regfile_reg[12][23] failed (is not equivalent)
    Compare point core/iregfile/regfile_reg[12][22] failed (is not equivalent)
    Compare point core/iregfile/regfile_reg[12][21] failed (is not equivalent)
    Compare point core/iregfile/regfile_reg[12][20] failed (is not equivalent)
    Compare point core/iregfile/regfile_reg[12][1] failed (is not equivalent)
    Compare point core/iregfile/regfile_reg[12][19] failed (is not equivalent)
    Compare point core/iregfile/regfile_reg[12][18] failed (is not equivalent)
    Compare point core/iregfile/regfile_reg[12][17] failed (is not equivalent)
    Compare point core/iregfile/regfile_reg[12][16] failed (is not equivalent)
    Compare point core/iregfile/regfile_reg[12][15] failed (is not equivalent)
    Compare point core/iregfile/regfile_reg[12][14] failed (is not equivalent)
    Compare point core/iregfile/regfile_reg[12][13] failed (is not equivalent)
    Compare point core/iregfile/regfile_reg[12][12] failed (is not equivalent)
    Compare point core/iregfile/regfile_reg[12][11] failed (is not equivalent)
    Compare point core/iregfile/regfile_reg[12][10] failed (is not equivalent)
    Compare point core/iregfile/regfile_reg[13][14] failed (is not equivalent)
    Compare point core/iregfile/regfile_reg[13][9] failed (is not equivalent)
    Compare point core/iregfile/regfile_reg[13][8] failed (is not equivalent)
    Compare point core/iregfile/regfile_reg[13][7] failed (is not equivalent)
    Compare point core/iregfile/regfile_reg[13][6] failed (is not equivalent)
    Compare point core/iregfile/regfile_reg[13][63] failed (is not equivalent)
    Compare point core/iregfile/regfile_reg[13][62] failed (is not equivalent)
    Compare point core/iregfile/regfile_reg[13][61] failed (is not equivalent)
    Compare point core/iregfile/regfile_reg[13][60] failed (is not equivalent)
    Compare point core/iregfile/regfile_reg[13][5] failed (is not equivalent)
    Compare point core/iregfile/regfile_reg[13][59] failed (is not equivalent)
    Compare point core/iregfile/regfile_reg[13][58] failed (is not equivalent)
    Compare point core/iregfile/regfile_reg[13][57] failed (is not equivalent)
    Compare point core/iregfile/regfile_reg[13][56] failed (is not equivalent)
    Compare point core/iregfile/regfile_reg[13][55] failed (is not equivalent)
    Compare point core/iregfile/regfile_reg[13][54] failed (is not equivalent)
    Compare point core/iregfile/regfile_reg[13][53] failed (is not equivalent)
    Compare point core/iregfile/regfile_reg[13][52] failed (is not equivalent)
    Compare point core/iregfile/regfile_reg[13][51] failed (is not equivalent)
    Compare point core/iregfile/regfile_reg[13][50] failed (is not equivalent)
    Compare point core/iregfile/regfile_reg[13][4] failed (is not equivalent)
    Compare point core/iregfile/regfile_reg[13][49] failed (is not equivalent)
    Compare point core/iregfile/regfile_reg[13][48] failed (is not equivalent)
    Compare point core/iregfile/regfile_reg[13][47] failed (is not equivalent)
    Compare point core/iregfile/regfile_reg[13][46] failed (is not equivalent)
    Compare point core/iregfile/regfile_reg[13][45] failed (is not equivalent)
    Compare point core/iregfile/regfile_reg[13][44] failed (is not equivalent)
    Compare point core/iregfile/regfile_reg[13][43] failed (is not equivalent)
    Compare point core/iregfile/regfile_reg[13][42] failed (is not equivalent)
    Compare point core/iregfile/regfile_reg[13][41] failed (is not equivalent)
    Compare point core/iregfile/regfile_reg[13][40] failed (is not equivalent)
    Compare point core/iregfile/regfile_reg[13][3] failed (is not equivalent)
    Compare point core/iregfile/regfile_reg[13][39] failed (is not equivalent)
    Compare point core/iregfile/regfile_reg[13][38] failed (is not equivalent)
    Compare point core/iregfile/regfile_reg[13][37] failed (is not equivalent)
    Compare point core/iregfile/regfile_reg[13][36] failed (is not equivalent)
    Compare point core/iregfile/regfile_reg[13][35] failed (is not equivalent)
    Compare point core/iregfile/regfile_reg[13][34] failed (is not equivalent)
    Compare point core/iregfile/regfile_reg[13][33] failed (is not equivalent)
    Compare point core/iregfile/regfile_reg[13][32] failed (is not equivalent)
    Compare point core/iregfile/regfile_reg[13][31] failed (is not equivalent)
    Compare point core/iregfile/regfile_reg[13][30] failed (is not equivalent)
    Compare point core/iregfile/regfile_reg[13][2] failed (is not equivalent)
    Compare point core/iregfile/regfile_reg[13][29] failed (is not equivalent)
    Compare point core/iregfile/regfile_reg[13][28] failed (is not equivalent)
    Compare point core/iregfile/regfile_reg[13][27] failed (is not equivalent)
    Compare point core/iregfile/regfile_reg[13][26] failed (is not equivalent)
    Compare point core/iregfile/regfile_reg[13][25] failed (is not equivalent)
    Compare point core/iregfile/regfile_reg[13][24] failed (is not equivalent)
    Compare point core/iregfile/regfile_reg[13][23] failed (is not equivalent)
    Compare point core/iregfile/regfile_reg[13][22] failed (is not equivalent)
    Compare point core/iregfile/regfile_reg[13][21] failed (is not equivalent)
    Compare point core/iregfile/regfile_reg[13][20] failed (is not equivalent)
    Compare point core/iregfile/regfile_reg[13][1] failed (is not equivalent)
    Compare point core/iregfile/regfile_reg[13][19] failed (is not equivalent)
    Compare point core/iregfile/regfile_reg[13][18] failed (is not equivalent)
    Compare point core/iregfile/regfile_reg[13][17] failed (is not equivalent)
    Compare point core/iregfile/regfile_reg[13][16] failed (is not equivalent)
    Compare point core/iregfile/regfile_reg[13][15] failed (is not equivalent)
    Compare point core/iregfile/regfile_reg[13][13] failed (is not equivalent)
    Compare point core/iregfile/regfile_reg[13][12] failed (is not equivalent)
    Compare point core/iregfile/regfile_reg[13][11] failed (is not equivalent)
    Compare point core/iregfile/regfile_reg[13][10] failed (is not equivalent)
    Compare point core/iregfile/regfile_reg[13][0] failed (is not equivalent)
    Compare point core/iregfile/regfile_reg[14][0] failed (is not equivalent)
    Compare point core/iregfile/regfile_reg[14][9] failed (is not equivalent)
    Compare point core/iregfile/regfile_reg[14][8] failed (is not equivalent)
    Compare point core/iregfile/regfile_reg[14][7] failed (is not equivalent)
    Compare point core/iregfile/regfile_reg[14][6] failed (is not equivalent)
    Compare point core/iregfile/regfile_reg[14][63] failed (is not equivalent)
    Compare point core/iregfile/regfile_reg[14][62] failed (is not equivalent)
    Compare point core/iregfile/regfile_reg[14][61] failed (is not equivalent)
    Compare point core/iregfile/regfile_reg[14][60] failed (is not equivalent)
    Compare point core/iregfile/regfile_reg[14][5] failed (is not equivalent)
    Compare point core/iregfile/regfile_reg[14][59] failed (is not equivalent)
    Compare point core/iregfile/regfile_reg[14][58] failed (is not equivalent)
    Compare point core/iregfile/regfile_reg[14][57] failed (is not equivalent)
    Compare point core/iregfile/regfile_reg[14][56] failed (is not equivalent)
    Compare point core/iregfile/regfile_reg[14][55] failed (is not equivalent)
    Compare point core/iregfile/regfile_reg[14][54] failed (is not equivalent)
    Compare point core/iregfile/regfile_reg[14][53] failed (is not equivalent)
    Compare point core/iregfile/regfile_reg[14][52] failed (is not equivalent)
    Compare point core/iregfile/regfile_reg[14][51] failed (is not equivalent)
    Compare point core/iregfile/regfile_reg[14][50] failed (is not equivalent)
    Compare point core/iregfile/regfile_reg[14][4] failed (is not equivalent)
    Compare point core/iregfile/regfile_reg[14][49] failed (is not equivalent)
    Compare point core/iregfile/regfile_reg[14][48] failed (is not equivalent)
    Compare point core/iregfile/regfile_reg[14][47] failed (is not equivalent)
    Compare point core/iregfile/regfile_reg[14][46] failed (is not equivalent)
    Compare point core/iregfile/regfile_reg[14][45] failed (is not equivalent)
    Compare point core/iregfile/regfile_reg[14][44] failed (is not equivalent)
    Compare point core/iregfile/regfile_reg[14][43] failed (is not equivalent)
    Compare point core/iregfile/regfile_reg[14][42] failed (is not equivalent)
    Compare point core/iregfile/regfile_reg[14][41] failed (is not equivalent)
    Compare point core/iregfile/regfile_reg[14][40] failed (is not equivalent)
    Compare point core/iregfile/regfile_reg[14][3] failed (is not equivalent)
    Compare point core/iregfile/regfile_reg[14][39] failed (is not equivalent)
    Compare point core/iregfile/regfile_reg[14][38] failed (is not equivalent)
    Compare point core/iregfile/regfile_reg[14][37] failed (is not equivalent)
    Compare point core/iregfile/regfile_reg[14][36] failed (is not equivalent)
    Compare point core/iregfile/regfile_reg[14][35] failed (is not equivalent)
    Compare point core/iregfile/regfile_reg[14][34] failed (is not equivalent)
    Compare point core/iregfile/regfile_reg[14][33] failed (is not equivalent)
    Compare point core/iregfile/regfile_reg[14][32] failed (is not equivalent)
    Compare point core/iregfile/regfile_reg[14][31] failed (is not equivalent)
    Compare point core/iregfile/regfile_reg[14][30] failed (is not equivalent)
    Compare point core/iregfile/regfile_reg[14][2] failed (is not equivalent)
    Compare point core/iregfile/regfile_reg[14][29] failed (is not equivalent)
    Compare point core/iregfile/regfile_reg[14][28] failed (is not equivalent)
    Compare point core/iregfile/regfile_reg[14][27] failed (is not equivalent)
    Compare point core/iregfile/regfile_reg[14][26] failed (is not equivalent)
    Compare point core/iregfile/regfile_reg[14][25] failed (is not equivalent)
    Compare point core/iregfile/regfile_reg[14][24] failed (is not equivalent)
    Compare point core/iregfile/regfile_reg[14][23] failed (is not equivalent)
    Compare point core/iregfile/regfile_reg[14][22] failed (is not equivalent)
    Compare point core/iregfile/regfile_reg[14][21] failed (is not equivalent)
    Compare point core/iregfile/regfile_reg[14][20] failed (is not equivalent)
    Compare point core/iregfile/regfile_reg[14][1] failed (is not equivalent)
    Compare point core/iregfile/regfile_reg[14][19] failed (is not equivalent)
    Compare point core/iregfile/regfile_reg[14][18] failed (is not equivalent)
    Compare point core/iregfile/regfile_reg[14][17] failed (is not equivalent)
    Compare point core/iregfile/regfile_reg[14][16] failed (is not equivalent)
    Compare point core/iregfile/regfile_reg[14][15] failed (is not equivalent)
    Compare point core/iregfile/regfile_reg[14][14] failed (is not equivalent)
    Compare point core/iregfile/regfile_reg[14][13] failed (is not equivalent)
    Compare point core/iregfile/regfile_reg[14][12] failed (is not equivalent)
    Compare point core/iregfile/regfile_reg[14][11] failed (is not equivalent)
    Compare point core/iregfile/regfile_reg[14][10] failed (is not equivalent)
    Compare point core/iregfile/regfile_reg[15][24] failed (is not equivalent)
    Compare point core/iregfile/regfile_reg[15][9] failed (is not equivalent)
    Compare point core/iregfile/regfile_reg[15][8] failed (is not equivalent)
    Compare point core/iregfile/regfile_reg[15][7] failed (is not equivalent)
    Compare point core/iregfile/regfile_reg[15][6] failed (is not equivalent)
    Compare point core/iregfile/regfile_reg[15][63] failed (is not equivalent)
    Compare point core/iregfile/regfile_reg[15][62] failed (is not equivalent)
    Compare point core/iregfile/regfile_reg[15][61] failed (is not equivalent)
    Compare point core/iregfile/regfile_reg[15][60] failed (is not equivalent)
    Compare point core/iregfile/regfile_reg[15][5] failed (is not equivalent)
    Compare point core/iregfile/regfile_reg[15][59] failed (is not equivalent)
    Compare point core/iregfile/regfile_reg[15][58] failed (is not equivalent)
    Compare point core/iregfile/regfile_reg[15][57] failed (is not equivalent)
    Compare point core/iregfile/regfile_reg[15][56] failed (is not equivalent)
    Compare point core/iregfile/regfile_reg[15][55] failed (is not equivalent)
    Compare point core/iregfile/regfile_reg[15][54] failed (is not equivalent)
    Compare point core/iregfile/regfile_reg[15][53] failed (is not equivalent)
    Compare point core/iregfile/regfile_reg[15][52] failed (is not equivalent)
    Compare point core/iregfile/regfile_reg[15][51] failed (is not equivalent)
    Compare point core/iregfile/regfile_reg[15][50] failed (is not equivalent)
    Compare point core/iregfile/regfile_reg[15][4] failed (is not equivalent)
    Compare point core/iregfile/regfile_reg[15][49] failed (is not equivalent)
    Compare point core/iregfile/regfile_reg[15][48] failed (is not equivalent)
    Compare point core/iregfile/regfile_reg[15][47] failed (is not equivalent)
    Compare point core/iregfile/regfile_reg[15][46] failed (is not equivalent)
    Compare point core/iregfile/regfile_reg[15][45] failed (is not equivalent)
    Compare point core/iregfile/regfile_reg[15][44] failed (is not equivalent)
    Compare point core/iregfile/regfile_reg[15][43] failed (is not equivalent)
    Compare point core/iregfile/regfile_reg[15][42] failed (is not equivalent)
    Compare point core/iregfile/regfile_reg[15][41] failed (is not equivalent)
    Compare point core/iregfile/regfile_reg[15][40] failed (is not equivalent)
    Compare point core/iregfile/regfile_reg[15][3] failed (is not equivalent)
    Compare point core/iregfile/regfile_reg[15][39] failed (is not equivalent)
    Compare point core/iregfile/regfile_reg[15][38] failed (is not equivalent)
    Compare point core/iregfile/regfile_reg[15][37] failed (is not equivalent)
    Compare point core/iregfile/regfile_reg[15][36] failed (is not equivalent)
    Compare point core/iregfile/regfile_reg[15][35] failed (is not equivalent)
    Compare point core/iregfile/regfile_reg[15][34] failed (is not equivalent)
    Compare point core/iregfile/regfile_reg[15][33] failed (is not equivalent)
    Compare point core/iregfile/regfile_reg[15][32] failed (is not equivalent)
    Compare point core/iregfile/regfile_reg[15][31] failed (is not equivalent)
    Compare point core/iregfile/regfile_reg[15][30] failed (is not equivalent)
    Compare point core/iregfile/regfile_reg[15][2] failed (is not equivalent)
    Compare point core/iregfile/regfile_reg[15][29] failed (is not equivalent)
    Compare point core/iregfile/regfile_reg[15][28] failed (is not equivalent)
    Compare point core/iregfile/regfile_reg[15][27] failed (is not equivalent)
    Compare point core/iregfile/regfile_reg[15][26] failed (is not equivalent)
    Compare point core/iregfile/regfile_reg[15][25] failed (is not equivalent)
    Compare point core/iregfile/regfile_reg[15][23] failed (is not equivalent)
    Compare point core/iregfile/regfile_reg[15][22] failed (is not equivalent)
    Compare point core/iregfile/regfile_reg[15][21] failed (is not equivalent)
    Compare point core/iregfile/regfile_reg[15][20] failed (is not equivalent)
    Compare point core/iregfile/regfile_reg[15][1] failed (is not equivalent)
    Compare point core/iregfile/regfile_reg[15][19] failed (is not equivalent)
    Compare point core/iregfile/regfile_reg[15][18] failed (is not equivalent)
    Compare point core/iregfile/regfile_reg[15][17] failed (is not equivalent)
    Compare point core/iregfile/regfile_reg[15][16] failed (is not equivalent)
    Compare point core/iregfile/regfile_reg[15][15] failed (is not equivalent)
    Compare point core/iregfile/regfile_reg[15][14] failed (is not equivalent)
    Compare point core/iregfile/regfile_reg[15][13] failed (is not equivalent)
    Compare point core/iregfile/regfile_reg[15][12] failed (is not equivalent)
    Compare point core/iregfile/regfile_reg[15][11] failed (is not equivalent)
    Compare point core/iregfile/regfile_reg[15][10] failed (is not equivalent)
    Compare point core/iregfile/regfile_reg[15][0] failed (is not equivalent)
    Compare point core/iregfile/regfile_reg[16][26] failed (is not equivalent)
    Compare point core/iregfile/regfile_reg[16][9] failed (is not equivalent)
    Compare point core/iregfile/regfile_reg[16][8] failed (is not equivalent)
    Compare point core/iregfile/regfile_reg[16][7] failed (is not equivalent)
    Compare point core/iregfile/regfile_reg[16][6] failed (is not equivalent)
    Compare point core/iregfile/regfile_reg[16][63] failed (is not equivalent)
    Compare point core/iregfile/regfile_reg[16][62] failed (is not equivalent)
    Compare point core/iregfile/regfile_reg[16][61] failed (is not equivalent)
    Compare point core/iregfile/regfile_reg[16][60] failed (is not equivalent)
    Compare point core/iregfile/regfile_reg[16][5] failed (is not equivalent)
    Compare point core/iregfile/regfile_reg[16][59] failed (is not equivalent)
    Compare point core/iregfile/regfile_reg[16][58] failed (is not equivalent)
    Compare point core/iregfile/regfile_reg[16][57] failed (is not equivalent)
    Compare point core/iregfile/regfile_reg[16][56] failed (is not equivalent)
    Compare point core/iregfile/regfile_reg[16][55] failed (is not equivalent)
    Compare point core/iregfile/regfile_reg[16][54] failed (is not equivalent)
    Compare point core/iregfile/regfile_reg[16][53] failed (is not equivalent)
    Compare point core/iregfile/regfile_reg[16][52] failed (is not equivalent)
    Compare point core/iregfile/regfile_reg[16][51] failed (is not equivalent)
    Compare point core/iregfile/regfile_reg[16][50] failed (is not equivalent)
    Compare point core/iregfile/regfile_reg[16][4] failed (is not equivalent)
    Compare point core/iregfile/regfile_reg[16][49] failed (is not equivalent)
    Compare point core/iregfile/regfile_reg[16][48] failed (is not equivalent)
    Compare point core/iregfile/regfile_reg[16][47] failed (is not equivalent)
    Compare point core/iregfile/regfile_reg[16][46] failed (is not equivalent)
    Compare point core/iregfile/regfile_reg[16][45] failed (is not equivalent)
    Compare point core/iregfile/regfile_reg[16][44] failed (is not equivalent)
    Compare point core/iregfile/regfile_reg[16][43] failed (is not equivalent)
    Compare point core/iregfile/regfile_reg[16][42] failed (is not equivalent)
    Compare point core/iregfile/regfile_reg[16][41] failed (is not equivalent)
    Compare point core/iregfile/regfile_reg[16][40] failed (is not equivalent)
    Compare point core/iregfile/regfile_reg[16][3] failed (is not equivalent)
    Compare point core/iregfile/regfile_reg[16][39] failed (is not equivalent)
    Compare point core/iregfile/regfile_reg[16][38] failed (is not equivalent)
    Compare point core/iregfile/regfile_reg[16][37] failed (is not equivalent)
    Compare point core/iregfile/regfile_reg[16][36] failed (is not equivalent)
    Compare point core/iregfile/regfile_reg[16][35] failed (is not equivalent)
    Compare point core/iregfile/regfile_reg[16][34] failed (is not equivalent)
    Compare point core/iregfile/regfile_reg[16][33] failed (is not equivalent)
    Compare point core/iregfile/regfile_reg[16][32] failed (is not equivalent)
    Compare point core/iregfile/regfile_reg[16][31] failed (is not equivalent)
    Compare point core/iregfile/regfile_reg[16][30] failed (is not equivalent)
    Compare point core/iregfile/regfile_reg[16][2] failed (is not equivalent)
    Compare point core/iregfile/regfile_reg[16][29] failed (is not equivalent)
    Compare point core/iregfile/regfile_reg[16][28] failed (is not equivalent)
    Compare point core/iregfile/regfile_reg[16][27] failed (is not equivalent)
    Compare point core/iregfile/regfile_reg[16][25] failed (is not equivalent)
    Compare point core/iregfile/regfile_reg[16][24] failed (is not equivalent)
    Compare point core/iregfile/regfile_reg[16][23] failed (is not equivalent)
    Compare point core/iregfile/regfile_reg[16][22] failed (is not equivalent)
    Compare point core/iregfile/regfile_reg[16][21] failed (is not equivalent)
    Compare point core/iregfile/regfile_reg[16][20] failed (is not equivalent)
    Compare point core/iregfile/regfile_reg[16][1] failed (is not equivalent)
    Compare point core/iregfile/regfile_reg[16][19] failed (is not equivalent)
    Compare point core/iregfile/regfile_reg[16][18] failed (is not equivalent)
    Compare point core/iregfile/regfile_reg[16][17] failed (is not equivalent)
    Compare point core/iregfile/regfile_reg[16][16] failed (is not equivalent)
    Compare point core/iregfile/regfile_reg[16][15] failed (is not equivalent)
    Compare point core/iregfile/regfile_reg[16][14] failed (is not equivalent)
    Compare point core/iregfile/regfile_reg[16][13] failed (is not equivalent)
    Compare point core/iregfile/regfile_reg[16][12] failed (is not equivalent)
    Compare point core/iregfile/regfile_reg[16][11] failed (is not equivalent)
    Compare point core/iregfile/regfile_reg[16][10] failed (is not equivalent)
    Compare point core/iregfile/regfile_reg[16][0] failed (is not equivalent)
.
    Compare point core/iregfile/regfile_reg[17][1] failed (is not equivalent)
    Compare point core/iregfile/regfile_reg[17][9] failed (is not equivalent)
    Compare point core/iregfile/regfile_reg[17][8] failed (is not equivalent)
    Compare point core/iregfile/regfile_reg[17][7] failed (is not equivalent)
    Compare point core/iregfile/regfile_reg[17][6] failed (is not equivalent)
    Compare point core/iregfile/regfile_reg[17][63] failed (is not equivalent)
    Compare point core/iregfile/regfile_reg[17][62] failed (is not equivalent)
    Compare point core/iregfile/regfile_reg[17][61] failed (is not equivalent)
    Compare point core/iregfile/regfile_reg[17][60] failed (is not equivalent)
    Compare point core/iregfile/regfile_reg[17][5] failed (is not equivalent)
    Compare point core/iregfile/regfile_reg[17][59] failed (is not equivalent)
    Compare point core/iregfile/regfile_reg[17][58] failed (is not equivalent)
    Compare point core/iregfile/regfile_reg[17][57] failed (is not equivalent)
    Compare point core/iregfile/regfile_reg[17][56] failed (is not equivalent)
    Compare point core/iregfile/regfile_reg[17][55] failed (is not equivalent)
    Compare point core/iregfile/regfile_reg[17][54] failed (is not equivalent)
    Compare point core/iregfile/regfile_reg[17][53] failed (is not equivalent)
    Compare point core/iregfile/regfile_reg[17][52] failed (is not equivalent)
    Compare point core/iregfile/regfile_reg[17][51] failed (is not equivalent)
    Compare point core/iregfile/regfile_reg[17][50] failed (is not equivalent)
    Compare point core/iregfile/regfile_reg[17][4] failed (is not equivalent)
    Compare point core/iregfile/regfile_reg[17][49] failed (is not equivalent)
    Compare point core/iregfile/regfile_reg[17][48] failed (is not equivalent)
    Compare point core/iregfile/regfile_reg[17][47] failed (is not equivalent)
    Compare point core/iregfile/regfile_reg[17][46] failed (is not equivalent)
    Compare point core/iregfile/regfile_reg[17][45] failed (is not equivalent)
    Compare point core/iregfile/regfile_reg[17][44] failed (is not equivalent)
    Compare point core/iregfile/regfile_reg[17][43] failed (is not equivalent)
    Compare point core/iregfile/regfile_reg[17][42] failed (is not equivalent)
    Compare point core/iregfile/regfile_reg[17][41] failed (is not equivalent)
    Compare point core/iregfile/regfile_reg[17][40] failed (is not equivalent)
    Compare point core/iregfile/regfile_reg[17][3] failed (is not equivalent)
    Compare point core/iregfile/regfile_reg[17][39] failed (is not equivalent)
    Compare point core/iregfile/regfile_reg[17][38] failed (is not equivalent)
    Compare point core/iregfile/regfile_reg[17][37] failed (is not equivalent)
    Compare point core/iregfile/regfile_reg[17][36] failed (is not equivalent)
    Compare point core/iregfile/regfile_reg[17][35] failed (is not equivalent)
    Compare point core/iregfile/regfile_reg[17][34] failed (is not equivalent)
    Compare point core/iregfile/regfile_reg[17][33] failed (is not equivalent)
    Compare point core/iregfile/regfile_reg[17][32] failed (is not equivalent)
    Compare point core/iregfile/regfile_reg[17][31] failed (is not equivalent)
    Compare point core/iregfile/regfile_reg[17][30] failed (is not equivalent)
    Compare point core/iregfile/regfile_reg[17][2] failed (is not equivalent)
    Compare point core/iregfile/regfile_reg[17][29] failed (is not equivalent)
    Compare point core/iregfile/regfile_reg[17][28] failed (is not equivalent)
    Compare point core/iregfile/regfile_reg[17][27] failed (is not equivalent)
    Compare point core/iregfile/regfile_reg[17][26] failed (is not equivalent)
    Compare point core/iregfile/regfile_reg[17][25] failed (is not equivalent)
    Compare point core/iregfile/regfile_reg[17][24] failed (is not equivalent)
    Compare point core/iregfile/regfile_reg[17][23] failed (is not equivalent)
    Compare point core/iregfile/regfile_reg[17][22] failed (is not equivalent)
    Compare point core/iregfile/regfile_reg[17][21] failed (is not equivalent)
    Compare point core/iregfile/regfile_reg[17][20] failed (is not equivalent)
    Compare point core/iregfile/regfile_reg[17][19] failed (is not equivalent)
    Compare point core/iregfile/regfile_reg[17][18] failed (is not equivalent)
    Compare point core/iregfile/regfile_reg[17][17] failed (is not equivalent)
    Compare point core/iregfile/regfile_reg[17][16] failed (is not equivalent)
    Compare point core/iregfile/regfile_reg[17][15] failed (is not equivalent)
    Compare point core/iregfile/regfile_reg[17][14] failed (is not equivalent)
    Compare point core/iregfile/regfile_reg[17][13] failed (is not equivalent)
    Compare point core/iregfile/regfile_reg[17][12] failed (is not equivalent)
    Compare point core/iregfile/regfile_reg[17][11] failed (is not equivalent)
    Compare point core/iregfile/regfile_reg[17][10] failed (is not equivalent)
    Compare point core/iregfile/regfile_reg[17][0] failed (is not equivalent)
    Compare point core/iregfile/regfile_reg[18][9] failed (is not equivalent)
    Compare point core/iregfile/regfile_reg[18][8] failed (is not equivalent)
    Compare point core/iregfile/regfile_reg[18][7] failed (is not equivalent)
    Compare point core/iregfile/regfile_reg[18][6] failed (is not equivalent)
    Compare point core/iregfile/regfile_reg[18][63] failed (is not equivalent)
    Compare point core/iregfile/regfile_reg[18][62] failed (is not equivalent)
    Compare point core/iregfile/regfile_reg[18][61] failed (is not equivalent)
    Compare point core/iregfile/regfile_reg[18][60] failed (is not equivalent)
    Compare point core/iregfile/regfile_reg[18][5] failed (is not equivalent)
    Compare point core/iregfile/regfile_reg[18][59] failed (is not equivalent)
    Compare point core/iregfile/regfile_reg[18][58] failed (is not equivalent)
    Compare point core/iregfile/regfile_reg[18][57] failed (is not equivalent)
    Compare point core/iregfile/regfile_reg[18][56] failed (is not equivalent)
    Compare point core/iregfile/regfile_reg[18][55] failed (is not equivalent)
    Compare point core/iregfile/regfile_reg[18][54] failed (is not equivalent)
    Compare point core/iregfile/regfile_reg[18][53] failed (is not equivalent)
    Compare point core/iregfile/regfile_reg[18][52] failed (is not equivalent)
    Compare point core/iregfile/regfile_reg[18][51] failed (is not equivalent)
    Compare point core/iregfile/regfile_reg[18][50] failed (is not equivalent)
    Compare point core/iregfile/regfile_reg[18][4] failed (is not equivalent)
    Compare point core/iregfile/regfile_reg[18][49] failed (is not equivalent)
    Compare point core/iregfile/regfile_reg[18][48] failed (is not equivalent)
    Compare point core/iregfile/regfile_reg[18][47] failed (is not equivalent)
    Compare point core/iregfile/regfile_reg[18][46] failed (is not equivalent)
    Compare point core/iregfile/regfile_reg[18][45] failed (is not equivalent)
    Compare point core/iregfile/regfile_reg[18][44] failed (is not equivalent)
    Compare point core/iregfile/regfile_reg[18][43] failed (is not equivalent)
    Compare point core/iregfile/regfile_reg[18][42] failed (is not equivalent)
    Compare point core/iregfile/regfile_reg[18][41] failed (is not equivalent)
    Compare point core/iregfile/regfile_reg[18][40] failed (is not equivalent)
    Compare point core/iregfile/regfile_reg[18][3] failed (is not equivalent)
    Compare point core/iregfile/regfile_reg[18][39] failed (is not equivalent)
    Compare point core/iregfile/regfile_reg[18][38] failed (is not equivalent)
    Compare point core/iregfile/regfile_reg[18][37] failed (is not equivalent)
    Compare point core/iregfile/regfile_reg[18][36] failed (is not equivalent)
    Compare point core/iregfile/regfile_reg[18][35] failed (is not equivalent)
    Compare point core/iregfile/regfile_reg[18][34] failed (is not equivalent)
    Compare point core/iregfile/regfile_reg[18][33] failed (is not equivalent)
    Compare point core/iregfile/regfile_reg[18][32] failed (is not equivalent)
    Compare point core/iregfile/regfile_reg[18][31] failed (is not equivalent)
    Compare point core/iregfile/regfile_reg[18][30] failed (is not equivalent)
    Compare point core/iregfile/regfile_reg[18][2] failed (is not equivalent)
    Compare point core/iregfile/regfile_reg[18][29] failed (is not equivalent)
    Compare point core/iregfile/regfile_reg[18][28] failed (is not equivalent)
    Compare point core/iregfile/regfile_reg[18][27] failed (is not equivalent)
    Compare point core/iregfile/regfile_reg[18][26] failed (is not equivalent)
    Compare point core/iregfile/regfile_reg[18][25] failed (is not equivalent)
    Compare point core/iregfile/regfile_reg[18][24] failed (is not equivalent)
    Compare point core/iregfile/regfile_reg[18][23] failed (is not equivalent)
    Compare point core/iregfile/regfile_reg[18][22] failed (is not equivalent)
    Compare point core/iregfile/regfile_reg[18][21] failed (is not equivalent)
    Compare point core/iregfile/regfile_reg[18][20] failed (is not equivalent)
    Compare point core/iregfile/regfile_reg[18][1] failed (is not equivalent)
    Compare point core/iregfile/regfile_reg[18][19] failed (is not equivalent)
    Compare point core/iregfile/regfile_reg[18][18] failed (is not equivalent)
    Compare point core/iregfile/regfile_reg[18][17] failed (is not equivalent)
    Compare point core/iregfile/regfile_reg[18][16] failed (is not equivalent)
    Compare point core/iregfile/regfile_reg[18][15] failed (is not equivalent)
    Compare point core/iregfile/regfile_reg[18][14] failed (is not equivalent)
    Compare point core/iregfile/regfile_reg[18][13] failed (is not equivalent)
    Compare point core/iregfile/regfile_reg[18][12] failed (is not equivalent)
    Compare point core/iregfile/regfile_reg[18][10] failed (is not equivalent)
    Compare point core/iregfile/regfile_reg[18][0] failed (is not equivalent)
    Compare point core/iregfile/regfile_reg[18][11] failed (is not equivalent)
    Compare point core/iregfile/regfile_reg[19][9] failed (is not equivalent)
    Compare point core/iregfile/regfile_reg[19][8] failed (is not equivalent)
    Compare point core/iregfile/regfile_reg[19][7] failed (is not equivalent)
    Compare point core/iregfile/regfile_reg[19][6] failed (is not equivalent)
    Compare point core/iregfile/regfile_reg[19][63] failed (is not equivalent)
    Compare point core/iregfile/regfile_reg[19][62] failed (is not equivalent)
    Compare point core/iregfile/regfile_reg[19][61] failed (is not equivalent)
    Compare point core/iregfile/regfile_reg[19][60] failed (is not equivalent)
    Compare point core/iregfile/regfile_reg[19][5] failed (is not equivalent)
    Compare point core/iregfile/regfile_reg[19][59] failed (is not equivalent)
    Compare point core/iregfile/regfile_reg[19][58] failed (is not equivalent)
    Compare point core/iregfile/regfile_reg[19][57] failed (is not equivalent)
    Compare point core/iregfile/regfile_reg[19][56] failed (is not equivalent)
    Compare point core/iregfile/regfile_reg[19][55] failed (is not equivalent)
    Compare point core/iregfile/regfile_reg[19][54] failed (is not equivalent)
    Compare point core/iregfile/regfile_reg[19][53] failed (is not equivalent)
    Compare point core/iregfile/regfile_reg[19][52] failed (is not equivalent)
    Compare point core/iregfile/regfile_reg[19][51] failed (is not equivalent)
    Compare point core/iregfile/regfile_reg[19][50] failed (is not equivalent)
    Compare point core/iregfile/regfile_reg[19][4] failed (is not equivalent)
    Compare point core/iregfile/regfile_reg[19][49] failed (is not equivalent)
    Compare point core/iregfile/regfile_reg[19][48] failed (is not equivalent)
    Compare point core/iregfile/regfile_reg[19][47] failed (is not equivalent)
    Compare point core/iregfile/regfile_reg[19][46] failed (is not equivalent)
    Compare point core/iregfile/regfile_reg[19][45] failed (is not equivalent)
    Compare point core/iregfile/regfile_reg[19][44] failed (is not equivalent)
    Compare point core/iregfile/regfile_reg[19][43] failed (is not equivalent)
    Compare point core/iregfile/regfile_reg[19][42] failed (is not equivalent)
    Compare point core/iregfile/regfile_reg[19][41] failed (is not equivalent)
    Compare point core/iregfile/regfile_reg[19][40] failed (is not equivalent)
    Compare point core/iregfile/regfile_reg[19][3] failed (is not equivalent)
    Compare point core/iregfile/regfile_reg[19][39] failed (is not equivalent)
    Compare point core/iregfile/regfile_reg[19][38] failed (is not equivalent)
    Compare point core/iregfile/regfile_reg[19][37] failed (is not equivalent)
    Compare point core/iregfile/regfile_reg[19][36] failed (is not equivalent)
    Compare point core/iregfile/regfile_reg[19][35] failed (is not equivalent)
    Compare point core/iregfile/regfile_reg[19][34] failed (is not equivalent)
    Compare point core/iregfile/regfile_reg[19][33] failed (is not equivalent)
    Compare point core/iregfile/regfile_reg[19][32] failed (is not equivalent)
    Compare point core/iregfile/regfile_reg[19][31] failed (is not equivalent)
    Compare point core/iregfile/regfile_reg[19][30] failed (is not equivalent)
    Compare point core/iregfile/regfile_reg[19][2] failed (is not equivalent)
    Compare point core/iregfile/regfile_reg[19][29] failed (is not equivalent)
    Compare point core/iregfile/regfile_reg[19][28] failed (is not equivalent)
    Compare point core/iregfile/regfile_reg[19][27] failed (is not equivalent)
    Compare point core/iregfile/regfile_reg[19][26] failed (is not equivalent)
    Compare point core/iregfile/regfile_reg[19][25] failed (is not equivalent)
    Compare point core/iregfile/regfile_reg[19][24] failed (is not equivalent)
    Compare point core/iregfile/regfile_reg[19][23] failed (is not equivalent)
    Compare point core/iregfile/regfile_reg[19][22] failed (is not equivalent)
    Compare point core/iregfile/regfile_reg[19][21] failed (is not equivalent)
    Compare point core/iregfile/regfile_reg[19][20] failed (is not equivalent)
    Compare point core/iregfile/regfile_reg[19][1] failed (is not equivalent)
    Compare point core/iregfile/regfile_reg[19][19] failed (is not equivalent)
    Compare point core/iregfile/regfile_reg[19][18] failed (is not equivalent)
    Compare point core/iregfile/regfile_reg[19][17] failed (is not equivalent)
    Compare point core/iregfile/regfile_reg[19][16] failed (is not equivalent)
    Compare point core/iregfile/regfile_reg[19][15] failed (is not equivalent)
    Compare point core/iregfile/regfile_reg[19][14] failed (is not equivalent)
    Compare point core/iregfile/regfile_reg[19][13] failed (is not equivalent)
    Compare point core/iregfile/regfile_reg[19][12] failed (is not equivalent)
    Compare point core/iregfile/regfile_reg[19][11] failed (is not equivalent)
    Compare point core/iregfile/regfile_reg[19][10] failed (is not equivalent)
    Compare point core/iregfile/regfile_reg[19][0] failed (is not equivalent)
    Compare point core/iregfile/regfile_reg[20][0] failed (is not equivalent)
    Compare point core/iregfile/regfile_reg[20][9] failed (is not equivalent)
    Compare point core/iregfile/regfile_reg[20][8] failed (is not equivalent)
    Compare point core/iregfile/regfile_reg[20][7] failed (is not equivalent)
    Compare point core/iregfile/regfile_reg[20][6] failed (is not equivalent)
    Compare point core/iregfile/regfile_reg[20][63] failed (is not equivalent)
    Compare point core/iregfile/regfile_reg[20][62] failed (is not equivalent)
    Compare point core/iregfile/regfile_reg[20][61] failed (is not equivalent)
    Compare point core/iregfile/regfile_reg[20][60] failed (is not equivalent)
    Compare point core/iregfile/regfile_reg[20][5] failed (is not equivalent)
    Compare point core/iregfile/regfile_reg[20][59] failed (is not equivalent)
    Compare point core/iregfile/regfile_reg[20][58] failed (is not equivalent)
    Compare point core/iregfile/regfile_reg[20][57] failed (is not equivalent)
    Compare point core/iregfile/regfile_reg[20][56] failed (is not equivalent)
    Compare point core/iregfile/regfile_reg[20][55] failed (is not equivalent)
    Compare point core/iregfile/regfile_reg[20][54] failed (is not equivalent)
    Compare point core/iregfile/regfile_reg[20][53] failed (is not equivalent)
    Compare point core/iregfile/regfile_reg[20][52] failed (is not equivalent)
    Compare point core/iregfile/regfile_reg[20][51] failed (is not equivalent)
    Compare point core/iregfile/regfile_reg[20][50] failed (is not equivalent)
    Compare point core/iregfile/regfile_reg[20][4] failed (is not equivalent)
    Compare point core/iregfile/regfile_reg[20][49] failed (is not equivalent)
    Compare point core/iregfile/regfile_reg[20][48] failed (is not equivalent)
    Compare point core/iregfile/regfile_reg[20][47] failed (is not equivalent)
    Compare point core/iregfile/regfile_reg[20][46] failed (is not equivalent)
    Compare point core/iregfile/regfile_reg[20][45] failed (is not equivalent)
    Compare point core/iregfile/regfile_reg[20][44] failed (is not equivalent)
    Compare point core/iregfile/regfile_reg[20][43] failed (is not equivalent)
    Compare point core/iregfile/regfile_reg[20][42] failed (is not equivalent)
    Compare point core/iregfile/regfile_reg[20][41] failed (is not equivalent)
    Compare point core/iregfile/regfile_reg[20][40] failed (is not equivalent)
    Compare point core/iregfile/regfile_reg[20][3] failed (is not equivalent)
    Compare point core/iregfile/regfile_reg[20][39] failed (is not equivalent)
    Compare point core/iregfile/regfile_reg[20][38] failed (is not equivalent)
    Compare point core/iregfile/regfile_reg[20][37] failed (is not equivalent)
    Compare point core/iregfile/regfile_reg[20][36] failed (is not equivalent)
    Compare point core/iregfile/regfile_reg[20][35] failed (is not equivalent)
    Compare point core/iregfile/regfile_reg[20][34] failed (is not equivalent)
    Compare point core/iregfile/regfile_reg[20][33] failed (is not equivalent)
    Compare point core/iregfile/regfile_reg[20][32] failed (is not equivalent)
    Compare point core/iregfile/regfile_reg[20][31] failed (is not equivalent)
    Compare point core/iregfile/regfile_reg[20][30] failed (is not equivalent)
    Compare point core/iregfile/regfile_reg[20][2] failed (is not equivalent)
    Compare point core/iregfile/regfile_reg[20][29] failed (is not equivalent)
    Compare point core/iregfile/regfile_reg[20][28] failed (is not equivalent)
    Compare point core/iregfile/regfile_reg[20][27] failed (is not equivalent)
    Compare point core/iregfile/regfile_reg[20][26] failed (is not equivalent)
    Compare point core/iregfile/regfile_reg[20][25] failed (is not equivalent)
    Compare point core/iregfile/regfile_reg[20][24] failed (is not equivalent)
    Compare point core/iregfile/regfile_reg[20][23] failed (is not equivalent)
    Compare point core/iregfile/regfile_reg[20][22] failed (is not equivalent)
    Compare point core/iregfile/regfile_reg[20][21] failed (is not equivalent)
    Compare point core/iregfile/regfile_reg[20][20] failed (is not equivalent)
    Compare point core/iregfile/regfile_reg[20][1] failed (is not equivalent)
    Compare point core/iregfile/regfile_reg[20][19] failed (is not equivalent)
    Compare point core/iregfile/regfile_reg[20][18] failed (is not equivalent)
    Compare point core/iregfile/regfile_reg[20][17] failed (is not equivalent)
    Compare point core/iregfile/regfile_reg[20][16] failed (is not equivalent)
    Compare point core/iregfile/regfile_reg[20][15] failed (is not equivalent)
    Compare point core/iregfile/regfile_reg[20][14] failed (is not equivalent)
    Compare point core/iregfile/regfile_reg[20][13] failed (is not equivalent)
    Compare point core/iregfile/regfile_reg[20][12] failed (is not equivalent)
    Compare point core/iregfile/regfile_reg[20][11] failed (is not equivalent)
    Compare point core/iregfile/regfile_reg[20][10] failed (is not equivalent)
    Compare point core/iregfile/regfile_reg[21][10] failed (is not equivalent)
    Compare point core/iregfile/regfile_reg[21][9] failed (is not equivalent)
    Compare point core/iregfile/regfile_reg[21][8] failed (is not equivalent)
    Compare point core/iregfile/regfile_reg[21][7] failed (is not equivalent)
    Compare point core/iregfile/regfile_reg[21][6] failed (is not equivalent)
    Compare point core/iregfile/regfile_reg[21][63] failed (is not equivalent)
    Compare point core/iregfile/regfile_reg[21][62] failed (is not equivalent)
    Compare point core/iregfile/regfile_reg[21][61] failed (is not equivalent)
    Compare point core/iregfile/regfile_reg[21][60] failed (is not equivalent)
    Compare point core/iregfile/regfile_reg[21][5] failed (is not equivalent)
    Compare point core/iregfile/regfile_reg[21][59] failed (is not equivalent)
    Compare point core/iregfile/regfile_reg[21][58] failed (is not equivalent)
    Compare point core/iregfile/regfile_reg[21][57] failed (is not equivalent)
    Compare point core/iregfile/regfile_reg[21][56] failed (is not equivalent)
    Compare point core/iregfile/regfile_reg[21][55] failed (is not equivalent)
    Compare point core/iregfile/regfile_reg[21][54] failed (is not equivalent)
    Compare point core/iregfile/regfile_reg[21][53] failed (is not equivalent)
    Compare point core/iregfile/regfile_reg[21][52] failed (is not equivalent)
    Compare point core/iregfile/regfile_reg[21][51] failed (is not equivalent)
    Compare point core/iregfile/regfile_reg[21][50] failed (is not equivalent)
    Compare point core/iregfile/regfile_reg[21][4] failed (is not equivalent)
    Compare point core/iregfile/regfile_reg[21][49] failed (is not equivalent)
    Compare point core/iregfile/regfile_reg[21][48] failed (is not equivalent)
    Compare point core/iregfile/regfile_reg[21][47] failed (is not equivalent)
    Compare point core/iregfile/regfile_reg[21][46] failed (is not equivalent)
    Compare point core/iregfile/regfile_reg[21][45] failed (is not equivalent)
    Compare point core/iregfile/regfile_reg[21][44] failed (is not equivalent)
    Compare point core/iregfile/regfile_reg[21][43] failed (is not equivalent)
    Compare point core/iregfile/regfile_reg[21][42] failed (is not equivalent)
    Compare point core/iregfile/regfile_reg[21][41] failed (is not equivalent)
    Compare point core/iregfile/regfile_reg[21][40] failed (is not equivalent)
    Compare point core/iregfile/regfile_reg[21][3] failed (is not equivalent)
    Compare point core/iregfile/regfile_reg[21][39] failed (is not equivalent)
    Compare point core/iregfile/regfile_reg[21][38] failed (is not equivalent)
    Compare point core/iregfile/regfile_reg[21][37] failed (is not equivalent)
    Compare point core/iregfile/regfile_reg[21][36] failed (is not equivalent)
    Compare point core/iregfile/regfile_reg[21][35] failed (is not equivalent)
    Compare point core/iregfile/regfile_reg[21][34] failed (is not equivalent)
    Compare point core/iregfile/regfile_reg[21][33] failed (is not equivalent)
    Compare point core/iregfile/regfile_reg[21][32] failed (is not equivalent)
    Compare point core/iregfile/regfile_reg[21][31] failed (is not equivalent)
    Compare point core/iregfile/regfile_reg[21][30] failed (is not equivalent)
    Compare point core/iregfile/regfile_reg[21][2] failed (is not equivalent)
    Compare point core/iregfile/regfile_reg[21][29] failed (is not equivalent)
    Compare point core/iregfile/regfile_reg[21][28] failed (is not equivalent)
    Compare point core/iregfile/regfile_reg[21][27] failed (is not equivalent)
    Compare point core/iregfile/regfile_reg[21][26] failed (is not equivalent)
    Compare point core/iregfile/regfile_reg[21][25] failed (is not equivalent)
    Compare point core/iregfile/regfile_reg[21][24] failed (is not equivalent)
    Compare point core/iregfile/regfile_reg[21][23] failed (is not equivalent)
    Compare point core/iregfile/regfile_reg[21][22] failed (is not equivalent)
    Compare point core/iregfile/regfile_reg[21][21] failed (is not equivalent)
    Compare point core/iregfile/regfile_reg[21][20] failed (is not equivalent)
    Compare point core/iregfile/regfile_reg[21][1] failed (is not equivalent)
    Compare point core/iregfile/regfile_reg[21][19] failed (is not equivalent)
    Compare point core/iregfile/regfile_reg[21][18] failed (is not equivalent)
    Compare point core/iregfile/regfile_reg[21][17] failed (is not equivalent)
    Compare point core/iregfile/regfile_reg[21][16] failed (is not equivalent)
    Compare point core/iregfile/regfile_reg[21][15] failed (is not equivalent)
    Compare point core/iregfile/regfile_reg[21][14] failed (is not equivalent)
    Compare point core/iregfile/regfile_reg[21][13] failed (is not equivalent)
    Compare point core/iregfile/regfile_reg[21][12] failed (is not equivalent)
    Compare point core/iregfile/regfile_reg[21][11] failed (is not equivalent)
    Compare point core/iregfile/regfile_reg[21][0] failed (is not equivalent)
    Compare point core/iregfile/regfile_reg[22][20] failed (is not equivalent)
    Compare point core/iregfile/regfile_reg[22][9] failed (is not equivalent)
    Compare point core/iregfile/regfile_reg[22][8] failed (is not equivalent)
    Compare point core/iregfile/regfile_reg[22][7] failed (is not equivalent)
    Compare point core/iregfile/regfile_reg[22][6] failed (is not equivalent)
    Compare point core/iregfile/regfile_reg[22][63] failed (is not equivalent)
    Compare point core/iregfile/regfile_reg[22][62] failed (is not equivalent)
    Compare point core/iregfile/regfile_reg[22][61] failed (is not equivalent)
    Compare point core/iregfile/regfile_reg[22][60] failed (is not equivalent)
    Compare point core/iregfile/regfile_reg[22][5] failed (is not equivalent)
    Compare point core/iregfile/regfile_reg[22][59] failed (is not equivalent)
    Compare point core/iregfile/regfile_reg[22][58] failed (is not equivalent)
    Compare point core/iregfile/regfile_reg[22][57] failed (is not equivalent)
    Compare point core/iregfile/regfile_reg[22][56] failed (is not equivalent)
    Compare point core/iregfile/regfile_reg[22][55] failed (is not equivalent)
    Compare point core/iregfile/regfile_reg[22][54] failed (is not equivalent)
    Compare point core/iregfile/regfile_reg[22][53] failed (is not equivalent)
    Compare point core/iregfile/regfile_reg[22][52] failed (is not equivalent)
    Compare point core/iregfile/regfile_reg[22][51] failed (is not equivalent)
    Compare point core/iregfile/regfile_reg[22][50] failed (is not equivalent)
    Compare point core/iregfile/regfile_reg[22][4] failed (is not equivalent)
    Compare point core/iregfile/regfile_reg[22][49] failed (is not equivalent)
    Compare point core/iregfile/regfile_reg[22][48] failed (is not equivalent)
    Compare point core/iregfile/regfile_reg[22][47] failed (is not equivalent)
    Compare point core/iregfile/regfile_reg[22][46] failed (is not equivalent)
    Compare point core/iregfile/regfile_reg[22][45] failed (is not equivalent)
    Compare point core/iregfile/regfile_reg[22][44] failed (is not equivalent)
    Compare point core/iregfile/regfile_reg[22][43] failed (is not equivalent)
    Compare point core/iregfile/regfile_reg[22][42] failed (is not equivalent)
    Compare point core/iregfile/regfile_reg[22][41] failed (is not equivalent)
    Compare point core/iregfile/regfile_reg[22][40] failed (is not equivalent)
    Compare point core/iregfile/regfile_reg[22][3] failed (is not equivalent)
    Compare point core/iregfile/regfile_reg[22][39] failed (is not equivalent)
    Compare point core/iregfile/regfile_reg[22][38] failed (is not equivalent)
    Compare point core/iregfile/regfile_reg[22][37] failed (is not equivalent)
    Compare point core/iregfile/regfile_reg[22][36] failed (is not equivalent)
    Compare point core/iregfile/regfile_reg[22][35] failed (is not equivalent)
    Compare point core/iregfile/regfile_reg[22][34] failed (is not equivalent)
    Compare point core/iregfile/regfile_reg[22][33] failed (is not equivalent)
    Compare point core/iregfile/regfile_reg[22][32] failed (is not equivalent)
    Compare point core/iregfile/regfile_reg[22][31] failed (is not equivalent)
    Compare point core/iregfile/regfile_reg[22][30] failed (is not equivalent)
    Compare point core/iregfile/regfile_reg[22][2] failed (is not equivalent)
    Compare point core/iregfile/regfile_reg[22][29] failed (is not equivalent)
    Compare point core/iregfile/regfile_reg[22][28] failed (is not equivalent)
    Compare point core/iregfile/regfile_reg[22][27] failed (is not equivalent)
    Compare point core/iregfile/regfile_reg[22][26] failed (is not equivalent)
    Compare point core/iregfile/regfile_reg[22][25] failed (is not equivalent)
    Compare point core/iregfile/regfile_reg[22][24] failed (is not equivalent)
    Compare point core/iregfile/regfile_reg[22][23] failed (is not equivalent)
    Compare point core/iregfile/regfile_reg[22][22] failed (is not equivalent)
    Compare point core/iregfile/regfile_reg[22][21] failed (is not equivalent)
    Compare point core/iregfile/regfile_reg[22][1] failed (is not equivalent)
    Compare point core/iregfile/regfile_reg[22][19] failed (is not equivalent)
    Compare point core/iregfile/regfile_reg[22][18] failed (is not equivalent)
    Compare point core/iregfile/regfile_reg[22][17] failed (is not equivalent)
    Compare point core/iregfile/regfile_reg[22][16] failed (is not equivalent)
    Compare point core/iregfile/regfile_reg[22][15] failed (is not equivalent)
    Compare point core/iregfile/regfile_reg[22][14] failed (is not equivalent)
    Compare point core/iregfile/regfile_reg[22][13] failed (is not equivalent)
    Compare point core/iregfile/regfile_reg[22][12] failed (is not equivalent)
    Compare point core/iregfile/regfile_reg[22][11] failed (is not equivalent)
    Compare point core/iregfile/regfile_reg[22][10] failed (is not equivalent)
    Compare point core/iregfile/regfile_reg[22][0] failed (is not equivalent)
    Compare point core/iregfile/regfile_reg[23][1] failed (is not equivalent)
    Compare point core/iregfile/regfile_reg[23][9] failed (is not equivalent)
    Compare point core/iregfile/regfile_reg[23][8] failed (is not equivalent)
    Compare point core/iregfile/regfile_reg[23][7] failed (is not equivalent)
    Compare point core/iregfile/regfile_reg[23][6] failed (is not equivalent)
    Compare point core/iregfile/regfile_reg[23][63] failed (is not equivalent)
    Compare point core/iregfile/regfile_reg[23][62] failed (is not equivalent)
    Compare point core/iregfile/regfile_reg[23][61] failed (is not equivalent)
    Compare point core/iregfile/regfile_reg[23][60] failed (is not equivalent)
    Compare point core/iregfile/regfile_reg[23][5] failed (is not equivalent)
    Compare point core/iregfile/regfile_reg[23][59] failed (is not equivalent)
    Compare point core/iregfile/regfile_reg[23][58] failed (is not equivalent)
    Compare point core/iregfile/regfile_reg[23][57] failed (is not equivalent)
    Compare point core/iregfile/regfile_reg[23][56] failed (is not equivalent)
    Compare point core/iregfile/regfile_reg[23][55] failed (is not equivalent)
    Compare point core/iregfile/regfile_reg[23][54] failed (is not equivalent)
    Compare point core/iregfile/regfile_reg[23][53] failed (is not equivalent)
    Compare point core/iregfile/regfile_reg[23][52] failed (is not equivalent)
    Compare point core/iregfile/regfile_reg[23][51] failed (is not equivalent)
    Compare point core/iregfile/regfile_reg[23][50] failed (is not equivalent)
    Compare point core/iregfile/regfile_reg[23][4] failed (is not equivalent)
    Compare point core/iregfile/regfile_reg[23][49] failed (is not equivalent)
    Compare point core/iregfile/regfile_reg[23][48] failed (is not equivalent)
    Compare point core/iregfile/regfile_reg[23][47] failed (is not equivalent)
    Compare point core/iregfile/regfile_reg[23][46] failed (is not equivalent)
    Compare point core/iregfile/regfile_reg[23][45] failed (is not equivalent)
    Compare point core/iregfile/regfile_reg[23][44] failed (is not equivalent)
    Compare point core/iregfile/regfile_reg[23][43] failed (is not equivalent)
    Compare point core/iregfile/regfile_reg[23][42] failed (is not equivalent)
    Compare point core/iregfile/regfile_reg[23][41] failed (is not equivalent)
    Compare point core/iregfile/regfile_reg[23][40] failed (is not equivalent)
    Compare point core/iregfile/regfile_reg[23][3] failed (is not equivalent)
    Compare point core/iregfile/regfile_reg[23][39] failed (is not equivalent)
    Compare point core/iregfile/regfile_reg[23][38] failed (is not equivalent)
    Compare point core/iregfile/regfile_reg[23][37] failed (is not equivalent)
    Compare point core/iregfile/regfile_reg[23][36] failed (is not equivalent)
    Compare point core/iregfile/regfile_reg[23][35] failed (is not equivalent)
    Compare point core/iregfile/regfile_reg[23][34] failed (is not equivalent)
    Compare point core/iregfile/regfile_reg[23][33] failed (is not equivalent)
    Compare point core/iregfile/regfile_reg[23][32] failed (is not equivalent)
    Compare point core/iregfile/regfile_reg[23][31] failed (is not equivalent)
    Compare point core/iregfile/regfile_reg[23][30] failed (is not equivalent)
    Compare point core/iregfile/regfile_reg[23][2] failed (is not equivalent)
    Compare point core/iregfile/regfile_reg[23][29] failed (is not equivalent)
    Compare point core/iregfile/regfile_reg[23][28] failed (is not equivalent)
    Compare point core/iregfile/regfile_reg[23][27] failed (is not equivalent)
    Compare point core/iregfile/regfile_reg[23][26] failed (is not equivalent)
    Compare point core/iregfile/regfile_reg[23][25] failed (is not equivalent)
    Compare point core/iregfile/regfile_reg[23][24] failed (is not equivalent)
    Compare point core/iregfile/regfile_reg[23][23] failed (is not equivalent)
    Compare point core/iregfile/regfile_reg[23][22] failed (is not equivalent)
    Compare point core/iregfile/regfile_reg[23][21] failed (is not equivalent)
    Compare point core/iregfile/regfile_reg[23][20] failed (is not equivalent)
    Compare point core/iregfile/regfile_reg[23][19] failed (is not equivalent)
    Compare point core/iregfile/regfile_reg[23][18] failed (is not equivalent)
    Compare point core/iregfile/regfile_reg[23][17] failed (is not equivalent)
    Compare point core/iregfile/regfile_reg[23][16] failed (is not equivalent)
    Compare point core/iregfile/regfile_reg[23][15] failed (is not equivalent)
    Compare point core/iregfile/regfile_reg[23][14] failed (is not equivalent)
    Compare point core/iregfile/regfile_reg[23][13] failed (is not equivalent)
    Compare point core/iregfile/regfile_reg[23][12] failed (is not equivalent)
    Compare point core/iregfile/regfile_reg[23][11] failed (is not equivalent)
    Compare point core/iregfile/regfile_reg[23][10] failed (is not equivalent)
    Compare point core/iregfile/regfile_reg[23][0] failed (is not equivalent)
    Compare point core/iregfile/regfile_reg[24][12] failed (is not equivalent)
    Compare point core/iregfile/regfile_reg[24][9] failed (is not equivalent)
    Compare point core/iregfile/regfile_reg[24][8] failed (is not equivalent)
    Compare point core/iregfile/regfile_reg[24][7] failed (is not equivalent)
    Compare point core/iregfile/regfile_reg[24][6] failed (is not equivalent)
    Compare point core/iregfile/regfile_reg[24][63] failed (is not equivalent)
    Compare point core/iregfile/regfile_reg[24][62] failed (is not equivalent)
    Compare point core/iregfile/regfile_reg[24][61] failed (is not equivalent)
    Compare point core/iregfile/regfile_reg[24][60] failed (is not equivalent)
    Compare point core/iregfile/regfile_reg[24][5] failed (is not equivalent)
    Compare point core/iregfile/regfile_reg[24][59] failed (is not equivalent)
    Compare point core/iregfile/regfile_reg[24][58] failed (is not equivalent)
    Compare point core/iregfile/regfile_reg[24][57] failed (is not equivalent)
    Compare point core/iregfile/regfile_reg[24][56] failed (is not equivalent)
    Compare point core/iregfile/regfile_reg[24][55] failed (is not equivalent)
    Compare point core/iregfile/regfile_reg[24][54] failed (is not equivalent)
    Compare point core/iregfile/regfile_reg[24][53] failed (is not equivalent)
    Compare point core/iregfile/regfile_reg[24][52] failed (is not equivalent)
    Compare point core/iregfile/regfile_reg[24][51] failed (is not equivalent)
    Compare point core/iregfile/regfile_reg[24][50] failed (is not equivalent)
    Compare point core/iregfile/regfile_reg[24][4] failed (is not equivalent)
    Compare point core/iregfile/regfile_reg[24][49] failed (is not equivalent)
    Compare point core/iregfile/regfile_reg[24][48] failed (is not equivalent)
    Compare point core/iregfile/regfile_reg[24][47] failed (is not equivalent)
    Compare point core/iregfile/regfile_reg[24][46] failed (is not equivalent)
    Compare point core/iregfile/regfile_reg[24][45] failed (is not equivalent)
    Compare point core/iregfile/regfile_reg[24][44] failed (is not equivalent)
    Compare point core/iregfile/regfile_reg[24][43] failed (is not equivalent)
    Compare point core/iregfile/regfile_reg[24][42] failed (is not equivalent)
    Compare point core/iregfile/regfile_reg[24][41] failed (is not equivalent)
    Compare point core/iregfile/regfile_reg[24][40] failed (is not equivalent)
    Compare point core/iregfile/regfile_reg[24][3] failed (is not equivalent)
    Compare point core/iregfile/regfile_reg[24][39] failed (is not equivalent)
    Compare point core/iregfile/regfile_reg[24][38] failed (is not equivalent)
    Compare point core/iregfile/regfile_reg[24][37] failed (is not equivalent)
    Compare point core/iregfile/regfile_reg[24][36] failed (is not equivalent)
    Compare point core/iregfile/regfile_reg[24][35] failed (is not equivalent)
    Compare point core/iregfile/regfile_reg[24][34] failed (is not equivalent)
    Compare point core/iregfile/regfile_reg[24][33] failed (is not equivalent)
    Compare point core/iregfile/regfile_reg[24][32] failed (is not equivalent)
    Compare point core/iregfile/regfile_reg[24][31] failed (is not equivalent)
    Compare point core/iregfile/regfile_reg[24][30] failed (is not equivalent)
    Compare point core/iregfile/regfile_reg[24][2] failed (is not equivalent)
    Compare point core/iregfile/regfile_reg[24][29] failed (is not equivalent)
    Compare point core/iregfile/regfile_reg[24][28] failed (is not equivalent)
    Compare point core/iregfile/regfile_reg[24][27] failed (is not equivalent)
    Compare point core/iregfile/regfile_reg[24][26] failed (is not equivalent)
    Compare point core/iregfile/regfile_reg[24][25] failed (is not equivalent)
    Compare point core/iregfile/regfile_reg[24][24] failed (is not equivalent)
    Compare point core/iregfile/regfile_reg[24][23] failed (is not equivalent)
    Compare point core/iregfile/regfile_reg[24][22] failed (is not equivalent)
    Compare point core/iregfile/regfile_reg[24][21] failed (is not equivalent)
    Compare point core/iregfile/regfile_reg[24][20] failed (is not equivalent)
    Compare point core/iregfile/regfile_reg[24][1] failed (is not equivalent)
    Compare point core/iregfile/regfile_reg[24][19] failed (is not equivalent)
    Compare point core/iregfile/regfile_reg[24][18] failed (is not equivalent)
    Compare point core/iregfile/regfile_reg[24][17] failed (is not equivalent)
    Compare point core/iregfile/regfile_reg[24][16] failed (is not equivalent)
    Compare point core/iregfile/regfile_reg[24][15] failed (is not equivalent)
    Compare point core/iregfile/regfile_reg[24][14] failed (is not equivalent)
    Compare point core/iregfile/regfile_reg[24][13] failed (is not equivalent)
    Compare point core/iregfile/regfile_reg[24][11] failed (is not equivalent)
    Compare point core/iregfile/regfile_reg[24][10] failed (is not equivalent)
    Compare point core/iregfile/regfile_reg[24][0] failed (is not equivalent)
    Compare point core/iregfile/regfile_reg[25][9] failed (is not equivalent)
    Compare point core/iregfile/regfile_reg[25][8] failed (is not equivalent)
    Compare point core/iregfile/regfile_reg[25][7] failed (is not equivalent)
    Compare point core/iregfile/regfile_reg[25][6] failed (is not equivalent)
    Compare point core/iregfile/regfile_reg[25][63] failed (is not equivalent)
    Compare point core/iregfile/regfile_reg[25][62] failed (is not equivalent)
    Compare point core/iregfile/regfile_reg[25][61] failed (is not equivalent)
    Compare point core/iregfile/regfile_reg[25][60] failed (is not equivalent)
    Compare point core/iregfile/regfile_reg[25][5] failed (is not equivalent)
    Compare point core/iregfile/regfile_reg[25][59] failed (is not equivalent)
    Compare point core/iregfile/regfile_reg[25][58] failed (is not equivalent)
    Compare point core/iregfile/regfile_reg[25][57] failed (is not equivalent)
    Compare point core/iregfile/regfile_reg[25][56] failed (is not equivalent)
    Compare point core/iregfile/regfile_reg[25][55] failed (is not equivalent)
    Compare point core/iregfile/regfile_reg[25][54] failed (is not equivalent)
    Compare point core/iregfile/regfile_reg[25][53] failed (is not equivalent)
    Compare point core/iregfile/regfile_reg[25][52] failed (is not equivalent)
    Compare point core/iregfile/regfile_reg[25][51] failed (is not equivalent)
    Compare point core/iregfile/regfile_reg[25][50] failed (is not equivalent)
    Compare point core/iregfile/regfile_reg[25][4] failed (is not equivalent)
    Compare point core/iregfile/regfile_reg[25][49] failed (is not equivalent)
    Compare point core/iregfile/regfile_reg[25][48] failed (is not equivalent)
    Compare point core/iregfile/regfile_reg[25][47] failed (is not equivalent)
    Compare point core/iregfile/regfile_reg[25][46] failed (is not equivalent)
    Compare point core/iregfile/regfile_reg[25][45] failed (is not equivalent)
    Compare point core/iregfile/regfile_reg[25][44] failed (is not equivalent)
    Compare point core/iregfile/regfile_reg[25][43] failed (is not equivalent)
    Compare point core/iregfile/regfile_reg[25][42] failed (is not equivalent)
    Compare point core/iregfile/regfile_reg[25][41] failed (is not equivalent)
    Compare point core/iregfile/regfile_reg[25][40] failed (is not equivalent)
    Compare point core/iregfile/regfile_reg[25][3] failed (is not equivalent)
    Compare point core/iregfile/regfile_reg[25][39] failed (is not equivalent)
    Compare point core/iregfile/regfile_reg[25][38] failed (is not equivalent)
    Compare point core/iregfile/regfile_reg[25][37] failed (is not equivalent)
    Compare point core/iregfile/regfile_reg[25][36] failed (is not equivalent)
    Compare point core/iregfile/regfile_reg[25][35] failed (is not equivalent)
    Compare point core/iregfile/regfile_reg[25][34] failed (is not equivalent)
    Compare point core/iregfile/regfile_reg[25][33] failed (is not equivalent)
    Compare point core/iregfile/regfile_reg[25][32] failed (is not equivalent)
    Compare point core/iregfile/regfile_reg[25][31] failed (is not equivalent)
    Compare point core/iregfile/regfile_reg[25][30] failed (is not equivalent)
    Compare point core/iregfile/regfile_reg[25][2] failed (is not equivalent)
    Compare point core/iregfile/regfile_reg[25][29] failed (is not equivalent)
    Compare point core/iregfile/regfile_reg[25][28] failed (is not equivalent)
    Compare point core/iregfile/regfile_reg[25][27] failed (is not equivalent)
    Compare point core/iregfile/regfile_reg[25][26] failed (is not equivalent)
    Compare point core/iregfile/regfile_reg[25][25] failed (is not equivalent)
    Compare point core/iregfile/regfile_reg[25][24] failed (is not equivalent)
    Compare point core/iregfile/regfile_reg[25][23] failed (is not equivalent)
    Compare point core/iregfile/regfile_reg[25][22] failed (is not equivalent)
    Compare point core/iregfile/regfile_reg[25][21] failed (is not equivalent)
    Compare point core/iregfile/regfile_reg[25][20] failed (is not equivalent)
    Compare point core/iregfile/regfile_reg[25][1] failed (is not equivalent)
    Compare point core/iregfile/regfile_reg[25][19] failed (is not equivalent)
    Compare point core/iregfile/regfile_reg[25][18] failed (is not equivalent)
    Compare point core/iregfile/regfile_reg[25][17] failed (is not equivalent)
    Compare point core/iregfile/regfile_reg[25][16] failed (is not equivalent)
    Compare point core/iregfile/regfile_reg[25][15] failed (is not equivalent)
    Compare point core/iregfile/regfile_reg[25][14] failed (is not equivalent)
    Compare point core/iregfile/regfile_reg[25][13] failed (is not equivalent)
    Compare point core/iregfile/regfile_reg[25][12] failed (is not equivalent)
    Compare point core/iregfile/regfile_reg[25][11] failed (is not equivalent)
    Compare point core/iregfile/regfile_reg[25][10] failed (is not equivalent)
    Compare point core/iregfile/regfile_reg[25][0] failed (is not equivalent)
    Compare point core/iregfile/regfile_reg[26][25] failed (is not equivalent)
    Compare point core/iregfile/regfile_reg[26][9] failed (is not equivalent)
    Compare point core/iregfile/regfile_reg[26][8] failed (is not equivalent)
    Compare point core/iregfile/regfile_reg[26][7] failed (is not equivalent)
    Compare point core/iregfile/regfile_reg[26][6] failed (is not equivalent)
    Compare point core/iregfile/regfile_reg[26][63] failed (is not equivalent)
    Compare point core/iregfile/regfile_reg[26][62] failed (is not equivalent)
    Compare point core/iregfile/regfile_reg[26][61] failed (is not equivalent)
    Compare point core/iregfile/regfile_reg[26][60] failed (is not equivalent)
    Compare point core/iregfile/regfile_reg[26][5] failed (is not equivalent)
    Compare point core/iregfile/regfile_reg[26][59] failed (is not equivalent)
    Compare point core/iregfile/regfile_reg[26][58] failed (is not equivalent)
    Compare point core/iregfile/regfile_reg[26][57] failed (is not equivalent)
    Compare point core/iregfile/regfile_reg[26][56] failed (is not equivalent)
    Compare point core/iregfile/regfile_reg[26][55] failed (is not equivalent)
    Compare point core/iregfile/regfile_reg[26][54] failed (is not equivalent)
    Compare point core/iregfile/regfile_reg[26][53] failed (is not equivalent)
    Compare point core/iregfile/regfile_reg[26][52] failed (is not equivalent)
    Compare point core/iregfile/regfile_reg[26][51] failed (is not equivalent)
    Compare point core/iregfile/regfile_reg[26][50] failed (is not equivalent)
    Compare point core/iregfile/regfile_reg[26][4] failed (is not equivalent)
    Compare point core/iregfile/regfile_reg[26][49] failed (is not equivalent)
    Compare point core/iregfile/regfile_reg[26][48] failed (is not equivalent)
    Compare point core/iregfile/regfile_reg[26][47] failed (is not equivalent)
    Compare point core/iregfile/regfile_reg[26][46] failed (is not equivalent)
    Compare point core/iregfile/regfile_reg[26][45] failed (is not equivalent)
    Compare point core/iregfile/regfile_reg[26][44] failed (is not equivalent)
    Compare point core/iregfile/regfile_reg[26][43] failed (is not equivalent)
    Compare point core/iregfile/regfile_reg[26][42] failed (is not equivalent)
    Compare point core/iregfile/regfile_reg[26][41] failed (is not equivalent)
    Compare point core/iregfile/regfile_reg[26][40] failed (is not equivalent)
    Compare point core/iregfile/regfile_reg[26][3] failed (is not equivalent)
    Compare point core/iregfile/regfile_reg[26][39] failed (is not equivalent)
    Compare point core/iregfile/regfile_reg[26][38] failed (is not equivalent)
    Compare point core/iregfile/regfile_reg[26][37] failed (is not equivalent)
    Compare point core/iregfile/regfile_reg[26][36] failed (is not equivalent)
    Compare point core/iregfile/regfile_reg[26][35] failed (is not equivalent)
    Compare point core/iregfile/regfile_reg[26][34] failed (is not equivalent)
    Compare point core/iregfile/regfile_reg[26][33] failed (is not equivalent)
    Compare point core/iregfile/regfile_reg[26][32] failed (is not equivalent)
    Compare point core/iregfile/regfile_reg[26][31] failed (is not equivalent)
    Compare point core/iregfile/regfile_reg[26][30] failed (is not equivalent)
    Compare point core/iregfile/regfile_reg[26][2] failed (is not equivalent)
    Compare point core/iregfile/regfile_reg[26][29] failed (is not equivalent)
    Compare point core/iregfile/regfile_reg[26][28] failed (is not equivalent)
    Compare point core/iregfile/regfile_reg[26][27] failed (is not equivalent)
    Compare point core/iregfile/regfile_reg[26][26] failed (is not equivalent)
    Compare point core/iregfile/regfile_reg[26][24] failed (is not equivalent)
    Compare point core/iregfile/regfile_reg[26][23] failed (is not equivalent)
    Compare point core/iregfile/regfile_reg[26][22] failed (is not equivalent)
    Compare point core/iregfile/regfile_reg[26][21] failed (is not equivalent)
    Compare point core/iregfile/regfile_reg[26][20] failed (is not equivalent)
    Compare point core/iregfile/regfile_reg[26][1] failed (is not equivalent)
    Compare point core/iregfile/regfile_reg[26][19] failed (is not equivalent)
    Compare point core/iregfile/regfile_reg[26][18] failed (is not equivalent)
    Compare point core/iregfile/regfile_reg[26][17] failed (is not equivalent)
    Compare point core/iregfile/regfile_reg[26][16] failed (is not equivalent)
    Compare point core/iregfile/regfile_reg[26][15] failed (is not equivalent)
    Compare point core/iregfile/regfile_reg[26][14] failed (is not equivalent)
    Compare point core/iregfile/regfile_reg[26][13] failed (is not equivalent)
    Compare point core/iregfile/regfile_reg[26][12] failed (is not equivalent)
    Compare point core/iregfile/regfile_reg[26][11] failed (is not equivalent)
    Compare point core/iregfile/regfile_reg[26][10] failed (is not equivalent)
    Compare point core/iregfile/regfile_reg[26][0] failed (is not equivalent)
    Compare point core/iregfile/regfile_reg[27][9] failed (is not equivalent)
    Compare point core/iregfile/regfile_reg[27][8] failed (is not equivalent)
    Compare point core/iregfile/regfile_reg[27][7] failed (is not equivalent)
    Compare point core/iregfile/regfile_reg[27][6] failed (is not equivalent)
    Compare point core/iregfile/regfile_reg[27][63] failed (is not equivalent)
    Compare point core/iregfile/regfile_reg[27][62] failed (is not equivalent)
    Compare point core/iregfile/regfile_reg[27][61] failed (is not equivalent)
    Compare point core/iregfile/regfile_reg[27][60] failed (is not equivalent)
    Compare point core/iregfile/regfile_reg[27][5] failed (is not equivalent)
    Compare point core/iregfile/regfile_reg[27][59] failed (is not equivalent)
    Compare point core/iregfile/regfile_reg[27][58] failed (is not equivalent)
    Compare point core/iregfile/regfile_reg[27][57] failed (is not equivalent)
    Compare point core/iregfile/regfile_reg[27][56] failed (is not equivalent)
    Compare point core/iregfile/regfile_reg[27][55] failed (is not equivalent)
    Compare point core/iregfile/regfile_reg[27][54] failed (is not equivalent)
    Compare point core/iregfile/regfile_reg[27][53] failed (is not equivalent)
    Compare point core/iregfile/regfile_reg[27][52] failed (is not equivalent)
    Compare point core/iregfile/regfile_reg[27][51] failed (is not equivalent)
    Compare point core/iregfile/regfile_reg[27][50] failed (is not equivalent)
    Compare point core/iregfile/regfile_reg[27][4] failed (is not equivalent)
    Compare point core/iregfile/regfile_reg[27][49] failed (is not equivalent)
    Compare point core/iregfile/regfile_reg[27][48] failed (is not equivalent)
    Compare point core/iregfile/regfile_reg[27][47] failed (is not equivalent)
    Compare point core/iregfile/regfile_reg[27][46] failed (is not equivalent)
    Compare point core/iregfile/regfile_reg[27][45] failed (is not equivalent)
    Compare point core/iregfile/regfile_reg[27][44] failed (is not equivalent)
    Compare point core/iregfile/regfile_reg[27][43] failed (is not equivalent)
    Compare point core/iregfile/regfile_reg[27][42] failed (is not equivalent)
    Compare point core/iregfile/regfile_reg[27][41] failed (is not equivalent)
    Compare point core/iregfile/regfile_reg[27][40] failed (is not equivalent)
    Compare point core/iregfile/regfile_reg[27][3] failed (is not equivalent)
    Compare point core/iregfile/regfile_reg[27][39] failed (is not equivalent)
    Compare point core/iregfile/regfile_reg[27][38] failed (is not equivalent)
    Compare point core/iregfile/regfile_reg[27][37] failed (is not equivalent)
    Compare point core/iregfile/regfile_reg[27][36] failed (is not equivalent)
    Compare point core/iregfile/regfile_reg[27][35] failed (is not equivalent)
    Compare point core/iregfile/regfile_reg[27][34] failed (is not equivalent)
    Compare point core/iregfile/regfile_reg[27][33] failed (is not equivalent)
    Compare point core/iregfile/regfile_reg[27][32] failed (is not equivalent)
    Compare point core/iregfile/regfile_reg[27][31] failed (is not equivalent)
    Compare point core/iregfile/regfile_reg[27][30] failed (is not equivalent)
    Compare point core/iregfile/regfile_reg[27][2] failed (is not equivalent)
    Compare point core/iregfile/regfile_reg[27][29] failed (is not equivalent)
    Compare point core/iregfile/regfile_reg[27][28] failed (is not equivalent)
    Compare point core/iregfile/regfile_reg[27][27] failed (is not equivalent)
    Compare point core/iregfile/regfile_reg[27][26] failed (is not equivalent)
    Compare point core/iregfile/regfile_reg[27][25] failed (is not equivalent)
    Compare point core/iregfile/regfile_reg[27][24] failed (is not equivalent)
    Compare point core/iregfile/regfile_reg[27][23] failed (is not equivalent)
    Compare point core/iregfile/regfile_reg[27][22] failed (is not equivalent)
    Compare point core/iregfile/regfile_reg[27][21] failed (is not equivalent)
    Compare point core/iregfile/regfile_reg[27][20] failed (is not equivalent)
    Compare point core/iregfile/regfile_reg[27][1] failed (is not equivalent)
    Compare point core/iregfile/regfile_reg[27][19] failed (is not equivalent)
    Compare point core/iregfile/regfile_reg[27][18] failed (is not equivalent)
    Compare point core/iregfile/regfile_reg[27][17] failed (is not equivalent)
    Compare point core/iregfile/regfile_reg[27][16] failed (is not equivalent)
    Compare point core/iregfile/regfile_reg[27][15] failed (is not equivalent)
    Compare point core/iregfile/regfile_reg[27][14] failed (is not equivalent)
    Compare point core/iregfile/regfile_reg[27][13] failed (is not equivalent)
    Compare point core/iregfile/regfile_reg[27][12] failed (is not equivalent)
    Compare point core/iregfile/regfile_reg[27][11] failed (is not equivalent)
    Compare point core/iregfile/regfile_reg[27][10] failed (is not equivalent)
    Compare point core/iregfile/regfile_reg[27][0] failed (is not equivalent)
    Compare point core/iregfile/regfile_reg[28][12] failed (is not equivalent)
    Compare point core/iregfile/regfile_reg[28][9] failed (is not equivalent)
    Compare point core/iregfile/regfile_reg[28][8] failed (is not equivalent)
    Compare point core/iregfile/regfile_reg[28][7] failed (is not equivalent)
    Compare point core/iregfile/regfile_reg[28][6] failed (is not equivalent)
    Compare point core/iregfile/regfile_reg[28][63] failed (is not equivalent)
    Compare point core/iregfile/regfile_reg[28][62] failed (is not equivalent)
    Compare point core/iregfile/regfile_reg[28][61] failed (is not equivalent)
    Compare point core/iregfile/regfile_reg[28][60] failed (is not equivalent)
    Compare point core/iregfile/regfile_reg[28][5] failed (is not equivalent)
    Compare point core/iregfile/regfile_reg[28][59] failed (is not equivalent)
    Compare point core/iregfile/regfile_reg[28][58] failed (is not equivalent)
    Compare point core/iregfile/regfile_reg[28][57] failed (is not equivalent)
    Compare point core/iregfile/regfile_reg[28][56] failed (is not equivalent)
    Compare point core/iregfile/regfile_reg[28][55] failed (is not equivalent)
    Compare point core/iregfile/regfile_reg[28][54] failed (is not equivalent)
    Compare point core/iregfile/regfile_reg[28][53] failed (is not equivalent)
    Compare point core/iregfile/regfile_reg[28][52] failed (is not equivalent)
    Compare point core/iregfile/regfile_reg[28][51] failed (is not equivalent)
    Compare point core/iregfile/regfile_reg[28][50] failed (is not equivalent)
    Compare point core/iregfile/regfile_reg[28][4] failed (is not equivalent)
    Compare point core/iregfile/regfile_reg[28][49] failed (is not equivalent)
    Compare point core/iregfile/regfile_reg[28][48] failed (is not equivalent)
    Compare point core/iregfile/regfile_reg[28][47] failed (is not equivalent)
    Compare point core/iregfile/regfile_reg[28][46] failed (is not equivalent)
    Compare point core/iregfile/regfile_reg[28][45] failed (is not equivalent)
    Compare point core/iregfile/regfile_reg[28][44] failed (is not equivalent)
    Compare point core/iregfile/regfile_reg[28][43] failed (is not equivalent)
    Compare point core/iregfile/regfile_reg[28][42] failed (is not equivalent)
    Compare point core/iregfile/regfile_reg[28][41] failed (is not equivalent)
    Compare point core/iregfile/regfile_reg[28][40] failed (is not equivalent)
    Compare point core/iregfile/regfile_reg[28][3] failed (is not equivalent)
    Compare point core/iregfile/regfile_reg[28][39] failed (is not equivalent)
    Compare point core/iregfile/regfile_reg[28][38] failed (is not equivalent)
    Compare point core/iregfile/regfile_reg[28][37] failed (is not equivalent)
    Compare point core/iregfile/regfile_reg[28][36] failed (is not equivalent)
    Compare point core/iregfile/regfile_reg[28][35] failed (is not equivalent)
    Compare point core/iregfile/regfile_reg[28][34] failed (is not equivalent)
    Compare point core/iregfile/regfile_reg[28][33] failed (is not equivalent)
    Compare point core/iregfile/regfile_reg[28][32] failed (is not equivalent)
    Compare point core/iregfile/regfile_reg[28][31] failed (is not equivalent)
    Compare point core/iregfile/regfile_reg[28][30] failed (is not equivalent)
    Compare point core/iregfile/regfile_reg[28][2] failed (is not equivalent)
    Compare point core/iregfile/regfile_reg[28][29] failed (is not equivalent)
    Compare point core/iregfile/regfile_reg[28][28] failed (is not equivalent)
    Compare point core/iregfile/regfile_reg[28][27] failed (is not equivalent)
    Compare point core/iregfile/regfile_reg[28][26] failed (is not equivalent)
    Compare point core/iregfile/regfile_reg[28][25] failed (is not equivalent)
    Compare point core/iregfile/regfile_reg[28][24] failed (is not equivalent)
    Compare point core/iregfile/regfile_reg[28][23] failed (is not equivalent)
    Compare point core/iregfile/regfile_reg[28][22] failed (is not equivalent)
    Compare point core/iregfile/regfile_reg[28][21] failed (is not equivalent)
    Compare point core/iregfile/regfile_reg[28][20] failed (is not equivalent)
    Compare point core/iregfile/regfile_reg[28][1] failed (is not equivalent)
    Compare point core/iregfile/regfile_reg[28][19] failed (is not equivalent)
    Compare point core/iregfile/regfile_reg[28][18] failed (is not equivalent)
    Compare point core/iregfile/regfile_reg[28][17] failed (is not equivalent)
    Compare point core/iregfile/regfile_reg[28][16] failed (is not equivalent)
    Compare point core/iregfile/regfile_reg[28][15] failed (is not equivalent)
    Compare point core/iregfile/regfile_reg[28][14] failed (is not equivalent)
    Compare point core/iregfile/regfile_reg[28][13] failed (is not equivalent)
    Compare point core/iregfile/regfile_reg[28][11] failed (is not equivalent)
    Compare point core/iregfile/regfile_reg[28][10] failed (is not equivalent)
    Compare point core/iregfile/regfile_reg[28][0] failed (is not equivalent)
.
    Compare point core/iregfile/regfile_reg[29][14] failed (is not equivalent)
    Compare point core/iregfile/regfile_reg[29][9] failed (is not equivalent)
    Compare point core/iregfile/regfile_reg[29][8] failed (is not equivalent)
    Compare point core/iregfile/regfile_reg[29][7] failed (is not equivalent)
    Compare point core/iregfile/regfile_reg[29][6] failed (is not equivalent)
    Compare point core/iregfile/regfile_reg[29][63] failed (is not equivalent)
    Compare point core/iregfile/regfile_reg[29][62] failed (is not equivalent)
    Compare point core/iregfile/regfile_reg[29][61] failed (is not equivalent)
    Compare point core/iregfile/regfile_reg[29][60] failed (is not equivalent)
    Compare point core/iregfile/regfile_reg[29][5] failed (is not equivalent)
    Compare point core/iregfile/regfile_reg[29][59] failed (is not equivalent)
    Compare point core/iregfile/regfile_reg[29][58] failed (is not equivalent)
    Compare point core/iregfile/regfile_reg[29][57] failed (is not equivalent)
    Compare point core/iregfile/regfile_reg[29][56] failed (is not equivalent)
    Compare point core/iregfile/regfile_reg[29][55] failed (is not equivalent)
    Compare point core/iregfile/regfile_reg[29][54] failed (is not equivalent)
    Compare point core/iregfile/regfile_reg[29][53] failed (is not equivalent)
    Compare point core/iregfile/regfile_reg[29][52] failed (is not equivalent)
    Compare point core/iregfile/regfile_reg[29][51] failed (is not equivalent)
    Compare point core/iregfile/regfile_reg[29][50] failed (is not equivalent)
    Compare point core/iregfile/regfile_reg[29][4] failed (is not equivalent)
    Compare point core/iregfile/regfile_reg[29][49] failed (is not equivalent)
    Compare point core/iregfile/regfile_reg[29][48] failed (is not equivalent)
    Compare point core/iregfile/regfile_reg[29][47] failed (is not equivalent)
    Compare point core/iregfile/regfile_reg[29][46] failed (is not equivalent)
    Compare point core/iregfile/regfile_reg[29][45] failed (is not equivalent)
    Compare point core/iregfile/regfile_reg[29][44] failed (is not equivalent)
    Compare point core/iregfile/regfile_reg[29][43] failed (is not equivalent)
    Compare point core/iregfile/regfile_reg[29][42] failed (is not equivalent)
    Compare point core/iregfile/regfile_reg[29][41] failed (is not equivalent)
    Compare point core/iregfile/regfile_reg[29][40] failed (is not equivalent)
    Compare point core/iregfile/regfile_reg[29][3] failed (is not equivalent)
    Compare point core/iregfile/regfile_reg[29][39] failed (is not equivalent)
    Compare point core/iregfile/regfile_reg[29][38] failed (is not equivalent)
    Compare point core/iregfile/regfile_reg[29][37] failed (is not equivalent)
    Compare point core/iregfile/regfile_reg[29][36] failed (is not equivalent)
    Compare point core/iregfile/regfile_reg[29][35] failed (is not equivalent)
    Compare point core/iregfile/regfile_reg[29][34] failed (is not equivalent)
    Compare point core/iregfile/regfile_reg[29][33] failed (is not equivalent)
    Compare point core/iregfile/regfile_reg[29][32] failed (is not equivalent)
    Compare point core/iregfile/regfile_reg[29][31] failed (is not equivalent)
    Compare point core/iregfile/regfile_reg[29][30] failed (is not equivalent)
    Compare point core/iregfile/regfile_reg[29][2] failed (is not equivalent)
    Compare point core/iregfile/regfile_reg[29][29] failed (is not equivalent)
    Compare point core/iregfile/regfile_reg[29][28] failed (is not equivalent)
    Compare point core/iregfile/regfile_reg[29][27] failed (is not equivalent)
    Compare point core/iregfile/regfile_reg[29][26] failed (is not equivalent)
    Compare point core/iregfile/regfile_reg[29][25] failed (is not equivalent)
    Compare point core/iregfile/regfile_reg[29][24] failed (is not equivalent)
    Compare point core/iregfile/regfile_reg[29][23] failed (is not equivalent)
    Compare point core/iregfile/regfile_reg[29][22] failed (is not equivalent)
    Compare point core/iregfile/regfile_reg[29][21] failed (is not equivalent)
    Compare point core/iregfile/regfile_reg[29][20] failed (is not equivalent)
    Compare point core/iregfile/regfile_reg[29][1] failed (is not equivalent)
    Compare point core/iregfile/regfile_reg[29][19] failed (is not equivalent)
    Compare point core/iregfile/regfile_reg[29][18] failed (is not equivalent)
    Compare point core/iregfile/regfile_reg[29][17] failed (is not equivalent)
    Compare point core/iregfile/regfile_reg[29][16] failed (is not equivalent)
    Compare point core/iregfile/regfile_reg[29][15] failed (is not equivalent)
    Compare point core/iregfile/regfile_reg[29][13] failed (is not equivalent)
    Compare point core/iregfile/regfile_reg[29][12] failed (is not equivalent)
    Compare point core/iregfile/regfile_reg[29][11] failed (is not equivalent)
    Compare point core/iregfile/regfile_reg[29][10] failed (is not equivalent)
    Compare point core/iregfile/regfile_reg[29][0] failed (is not equivalent)
    Compare point core/iregfile/regfile_reg[2][19] failed (is not equivalent)
    Compare point core/iregfile/regfile_reg[2][9] failed (is not equivalent)
    Compare point core/iregfile/regfile_reg[2][8] failed (is not equivalent)
    Compare point core/iregfile/regfile_reg[2][7] failed (is not equivalent)
    Compare point core/iregfile/regfile_reg[2][6] failed (is not equivalent)
    Compare point core/iregfile/regfile_reg[2][63] failed (is not equivalent)
    Compare point core/iregfile/regfile_reg[2][62] failed (is not equivalent)
    Compare point core/iregfile/regfile_reg[2][61] failed (is not equivalent)
    Compare point core/iregfile/regfile_reg[2][60] failed (is not equivalent)
    Compare point core/iregfile/regfile_reg[2][5] failed (is not equivalent)
    Compare point core/iregfile/regfile_reg[2][59] failed (is not equivalent)
    Compare point core/iregfile/regfile_reg[2][58] failed (is not equivalent)
    Compare point core/iregfile/regfile_reg[2][57] failed (is not equivalent)
    Compare point core/iregfile/regfile_reg[2][56] failed (is not equivalent)
    Compare point core/iregfile/regfile_reg[2][55] failed (is not equivalent)
    Compare point core/iregfile/regfile_reg[2][54] failed (is not equivalent)
    Compare point core/iregfile/regfile_reg[2][53] failed (is not equivalent)
    Compare point core/iregfile/regfile_reg[2][52] failed (is not equivalent)
    Compare point core/iregfile/regfile_reg[2][51] failed (is not equivalent)
    Compare point core/iregfile/regfile_reg[2][50] failed (is not equivalent)
    Compare point core/iregfile/regfile_reg[2][4] failed (is not equivalent)
    Compare point core/iregfile/regfile_reg[2][49] failed (is not equivalent)
    Compare point core/iregfile/regfile_reg[2][48] failed (is not equivalent)
    Compare point core/iregfile/regfile_reg[2][47] failed (is not equivalent)
    Compare point core/iregfile/regfile_reg[2][46] failed (is not equivalent)
    Compare point core/iregfile/regfile_reg[2][45] failed (is not equivalent)
    Compare point core/iregfile/regfile_reg[2][44] failed (is not equivalent)
    Compare point core/iregfile/regfile_reg[2][43] failed (is not equivalent)
    Compare point core/iregfile/regfile_reg[2][42] failed (is not equivalent)
    Compare point core/iregfile/regfile_reg[2][41] failed (is not equivalent)
    Compare point core/iregfile/regfile_reg[2][40] failed (is not equivalent)
    Compare point core/iregfile/regfile_reg[2][3] failed (is not equivalent)
    Compare point core/iregfile/regfile_reg[2][39] failed (is not equivalent)
    Compare point core/iregfile/regfile_reg[2][38] failed (is not equivalent)
    Compare point core/iregfile/regfile_reg[2][37] failed (is not equivalent)
    Compare point core/iregfile/regfile_reg[2][36] failed (is not equivalent)
    Compare point core/iregfile/regfile_reg[2][35] failed (is not equivalent)
    Compare point core/iregfile/regfile_reg[2][34] failed (is not equivalent)
    Compare point core/iregfile/regfile_reg[2][33] failed (is not equivalent)
    Compare point core/iregfile/regfile_reg[2][32] failed (is not equivalent)
    Compare point core/iregfile/regfile_reg[2][31] failed (is not equivalent)
    Compare point core/iregfile/regfile_reg[2][30] failed (is not equivalent)
    Compare point core/iregfile/regfile_reg[2][2] failed (is not equivalent)
    Compare point core/iregfile/regfile_reg[2][29] failed (is not equivalent)
    Compare point core/iregfile/regfile_reg[2][28] failed (is not equivalent)
    Compare point core/iregfile/regfile_reg[2][27] failed (is not equivalent)
    Compare point core/iregfile/regfile_reg[2][26] failed (is not equivalent)
    Compare point core/iregfile/regfile_reg[2][25] failed (is not equivalent)
    Compare point core/iregfile/regfile_reg[2][24] failed (is not equivalent)
    Compare point core/iregfile/regfile_reg[2][23] failed (is not equivalent)
    Compare point core/iregfile/regfile_reg[2][22] failed (is not equivalent)
    Compare point core/iregfile/regfile_reg[2][21] failed (is not equivalent)
    Compare point core/iregfile/regfile_reg[2][20] failed (is not equivalent)
    Compare point core/iregfile/regfile_reg[2][1] failed (is not equivalent)
    Compare point core/iregfile/regfile_reg[2][18] failed (is not equivalent)
    Compare point core/iregfile/regfile_reg[2][17] failed (is not equivalent)
    Compare point core/iregfile/regfile_reg[2][16] failed (is not equivalent)
    Compare point core/iregfile/regfile_reg[2][15] failed (is not equivalent)
    Compare point core/iregfile/regfile_reg[2][14] failed (is not equivalent)
    Compare point core/iregfile/regfile_reg[2][13] failed (is not equivalent)
    Compare point core/iregfile/regfile_reg[2][12] failed (is not equivalent)
    Compare point core/iregfile/regfile_reg[2][11] failed (is not equivalent)
    Compare point core/iregfile/regfile_reg[2][10] failed (is not equivalent)
    Compare point core/iregfile/regfile_reg[2][0] failed (is not equivalent)
    Compare point core/iregfile/regfile_reg[30][18] failed (is not equivalent)
    Compare point core/iregfile/regfile_reg[30][9] failed (is not equivalent)
    Compare point core/iregfile/regfile_reg[30][8] failed (is not equivalent)
    Compare point core/iregfile/regfile_reg[30][7] failed (is not equivalent)
    Compare point core/iregfile/regfile_reg[30][6] failed (is not equivalent)
    Compare point core/iregfile/regfile_reg[30][63] failed (is not equivalent)
    Compare point core/iregfile/regfile_reg[30][62] failed (is not equivalent)
    Compare point core/iregfile/regfile_reg[30][61] failed (is not equivalent)
    Compare point core/iregfile/regfile_reg[30][60] failed (is not equivalent)
    Compare point core/iregfile/regfile_reg[30][5] failed (is not equivalent)
    Compare point core/iregfile/regfile_reg[30][59] failed (is not equivalent)
    Compare point core/iregfile/regfile_reg[30][58] failed (is not equivalent)
    Compare point core/iregfile/regfile_reg[30][57] failed (is not equivalent)
    Compare point core/iregfile/regfile_reg[30][56] failed (is not equivalent)
    Compare point core/iregfile/regfile_reg[30][55] failed (is not equivalent)
    Compare point core/iregfile/regfile_reg[30][54] failed (is not equivalent)
    Compare point core/iregfile/regfile_reg[30][53] failed (is not equivalent)
    Compare point core/iregfile/regfile_reg[30][52] failed (is not equivalent)
    Compare point core/iregfile/regfile_reg[30][51] failed (is not equivalent)
    Compare point core/iregfile/regfile_reg[30][50] failed (is not equivalent)
    Compare point core/iregfile/regfile_reg[30][4] failed (is not equivalent)
    Compare point core/iregfile/regfile_reg[30][49] failed (is not equivalent)
    Compare point core/iregfile/regfile_reg[30][48] failed (is not equivalent)
    Compare point core/iregfile/regfile_reg[30][47] failed (is not equivalent)
    Compare point core/iregfile/regfile_reg[30][46] failed (is not equivalent)
    Compare point core/iregfile/regfile_reg[30][45] failed (is not equivalent)
    Compare point core/iregfile/regfile_reg[30][44] failed (is not equivalent)
    Compare point core/iregfile/regfile_reg[30][43] failed (is not equivalent)
    Compare point core/iregfile/regfile_reg[30][42] failed (is not equivalent)
    Compare point core/iregfile/regfile_reg[30][41] failed (is not equivalent)
    Compare point core/iregfile/regfile_reg[30][40] failed (is not equivalent)
    Compare point core/iregfile/regfile_reg[30][3] failed (is not equivalent)
    Compare point core/iregfile/regfile_reg[30][39] failed (is not equivalent)
    Compare point core/iregfile/regfile_reg[30][38] failed (is not equivalent)
    Compare point core/iregfile/regfile_reg[30][37] failed (is not equivalent)
    Compare point core/iregfile/regfile_reg[30][36] failed (is not equivalent)
    Compare point core/iregfile/regfile_reg[30][35] failed (is not equivalent)
    Compare point core/iregfile/regfile_reg[30][34] failed (is not equivalent)
    Compare point core/iregfile/regfile_reg[30][33] failed (is not equivalent)
    Compare point core/iregfile/regfile_reg[30][32] failed (is not equivalent)
    Compare point core/iregfile/regfile_reg[30][31] failed (is not equivalent)
    Compare point core/iregfile/regfile_reg[30][30] failed (is not equivalent)
    Compare point core/iregfile/regfile_reg[30][2] failed (is not equivalent)
    Compare point core/iregfile/regfile_reg[30][29] failed (is not equivalent)
    Compare point core/iregfile/regfile_reg[30][28] failed (is not equivalent)
    Compare point core/iregfile/regfile_reg[30][27] failed (is not equivalent)
    Compare point core/iregfile/regfile_reg[30][26] failed (is not equivalent)
    Compare point core/iregfile/regfile_reg[30][25] failed (is not equivalent)
    Compare point core/iregfile/regfile_reg[30][24] failed (is not equivalent)
    Compare point core/iregfile/regfile_reg[30][23] failed (is not equivalent)
    Compare point core/iregfile/regfile_reg[30][22] failed (is not equivalent)
    Compare point core/iregfile/regfile_reg[30][21] failed (is not equivalent)
    Compare point core/iregfile/regfile_reg[30][20] failed (is not equivalent)
    Compare point core/iregfile/regfile_reg[30][1] failed (is not equivalent)
    Compare point core/iregfile/regfile_reg[30][19] failed (is not equivalent)
    Compare point core/iregfile/regfile_reg[30][17] failed (is not equivalent)
    Compare point core/iregfile/regfile_reg[30][16] failed (is not equivalent)
    Compare point core/iregfile/regfile_reg[30][15] failed (is not equivalent)
    Compare point core/iregfile/regfile_reg[30][14] failed (is not equivalent)
    Compare point core/iregfile/regfile_reg[30][13] failed (is not equivalent)
    Compare point core/iregfile/regfile_reg[30][12] failed (is not equivalent)
    Compare point core/iregfile/regfile_reg[30][11] failed (is not equivalent)
    Compare point core/iregfile/regfile_reg[30][10] failed (is not equivalent)
    Compare point core/iregfile/regfile_reg[30][0] failed (is not equivalent)
    Compare point core/iregfile/regfile_reg[31][30] failed (is not equivalent)
    Compare point core/iregfile/regfile_reg[31][9] failed (is not equivalent)
    Compare point core/iregfile/regfile_reg[31][8] failed (is not equivalent)
    Compare point core/iregfile/regfile_reg[31][7] failed (is not equivalent)
    Compare point core/iregfile/regfile_reg[31][6] failed (is not equivalent)
    Compare point core/iregfile/regfile_reg[31][63] failed (is not equivalent)
    Compare point core/iregfile/regfile_reg[31][62] failed (is not equivalent)
    Compare point core/iregfile/regfile_reg[31][61] failed (is not equivalent)
    Compare point core/iregfile/regfile_reg[31][60] failed (is not equivalent)
    Compare point core/iregfile/regfile_reg[31][5] failed (is not equivalent)
    Compare point core/iregfile/regfile_reg[31][59] failed (is not equivalent)
    Compare point core/iregfile/regfile_reg[31][58] failed (is not equivalent)
    Compare point core/iregfile/regfile_reg[31][57] failed (is not equivalent)
    Compare point core/iregfile/regfile_reg[31][56] failed (is not equivalent)
    Compare point core/iregfile/regfile_reg[31][55] failed (is not equivalent)
    Compare point core/iregfile/regfile_reg[31][54] failed (is not equivalent)
    Compare point core/iregfile/regfile_reg[31][53] failed (is not equivalent)
    Compare point core/iregfile/regfile_reg[31][52] failed (is not equivalent)
    Compare point core/iregfile/regfile_reg[31][51] failed (is not equivalent)
    Compare point core/iregfile/regfile_reg[31][50] failed (is not equivalent)
    Compare point core/iregfile/regfile_reg[31][4] failed (is not equivalent)
    Compare point core/iregfile/regfile_reg[31][49] failed (is not equivalent)
    Compare point core/iregfile/regfile_reg[31][48] failed (is not equivalent)
    Compare point core/iregfile/regfile_reg[31][47] failed (is not equivalent)
    Compare point core/iregfile/regfile_reg[31][46] failed (is not equivalent)
    Compare point core/iregfile/regfile_reg[31][45] failed (is not equivalent)
    Compare point core/iregfile/regfile_reg[31][44] failed (is not equivalent)
    Compare point core/iregfile/regfile_reg[31][43] failed (is not equivalent)
    Compare point core/iregfile/regfile_reg[31][42] failed (is not equivalent)
    Compare point core/iregfile/regfile_reg[31][41] failed (is not equivalent)
    Compare point core/iregfile/regfile_reg[31][40] failed (is not equivalent)
    Compare point core/iregfile/regfile_reg[31][3] failed (is not equivalent)
    Compare point core/iregfile/regfile_reg[31][39] failed (is not equivalent)
    Compare point core/iregfile/regfile_reg[31][38] failed (is not equivalent)
    Compare point core/iregfile/regfile_reg[31][37] failed (is not equivalent)
    Compare point core/iregfile/regfile_reg[31][36] failed (is not equivalent)
    Compare point core/iregfile/regfile_reg[31][35] failed (is not equivalent)
    Compare point core/iregfile/regfile_reg[31][34] failed (is not equivalent)
    Compare point core/iregfile/regfile_reg[31][33] failed (is not equivalent)
    Compare point core/iregfile/regfile_reg[31][32] failed (is not equivalent)
    Compare point core/iregfile/regfile_reg[31][31] failed (is not equivalent)
    Compare point core/iregfile/regfile_reg[31][2] failed (is not equivalent)
    Compare point core/iregfile/regfile_reg[31][29] failed (is not equivalent)
    Compare point core/iregfile/regfile_reg[31][28] failed (is not equivalent)
    Compare point core/iregfile/regfile_reg[31][27] failed (is not equivalent)
    Compare point core/iregfile/regfile_reg[31][26] failed (is not equivalent)
    Compare point core/iregfile/regfile_reg[31][25] failed (is not equivalent)
    Compare point core/iregfile/regfile_reg[31][24] failed (is not equivalent)
    Compare point core/iregfile/regfile_reg[31][23] failed (is not equivalent)
    Compare point core/iregfile/regfile_reg[31][22] failed (is not equivalent)
    Compare point core/iregfile/regfile_reg[31][21] failed (is not equivalent)
    Compare point core/iregfile/regfile_reg[31][20] failed (is not equivalent)
    Compare point core/iregfile/regfile_reg[31][1] failed (is not equivalent)
    Compare point core/iregfile/regfile_reg[31][19] failed (is not equivalent)
    Compare point core/iregfile/regfile_reg[31][18] failed (is not equivalent)
    Compare point core/iregfile/regfile_reg[31][17] failed (is not equivalent)
    Compare point core/iregfile/regfile_reg[31][16] failed (is not equivalent)
    Compare point core/iregfile/regfile_reg[31][15] failed (is not equivalent)
    Compare point core/iregfile/regfile_reg[31][14] failed (is not equivalent)
    Compare point core/iregfile/regfile_reg[31][13] failed (is not equivalent)
    Compare point core/iregfile/regfile_reg[31][12] failed (is not equivalent)
    Compare point core/iregfile/regfile_reg[31][11] failed (is not equivalent)
    Compare point core/iregfile/regfile_reg[31][10] failed (is not equivalent)
    Compare point core/iregfile/regfile_reg[31][0] failed (is not equivalent)
    Compare point core/iregfile/regfile_reg[32][22] failed (is not equivalent)
    Compare point core/iregfile/regfile_reg[32][9] failed (is not equivalent)
    Compare point core/iregfile/regfile_reg[32][8] failed (is not equivalent)
    Compare point core/iregfile/regfile_reg[32][7] failed (is not equivalent)
    Compare point core/iregfile/regfile_reg[32][6] failed (is not equivalent)
    Compare point core/iregfile/regfile_reg[32][63] failed (is not equivalent)
    Compare point core/iregfile/regfile_reg[32][62] failed (is not equivalent)
    Compare point core/iregfile/regfile_reg[32][61] failed (is not equivalent)
    Compare point core/iregfile/regfile_reg[32][60] failed (is not equivalent)
    Compare point core/iregfile/regfile_reg[32][5] failed (is not equivalent)
    Compare point core/iregfile/regfile_reg[32][59] failed (is not equivalent)
    Compare point core/iregfile/regfile_reg[32][58] failed (is not equivalent)
    Compare point core/iregfile/regfile_reg[32][57] failed (is not equivalent)
    Compare point core/iregfile/regfile_reg[32][56] failed (is not equivalent)
    Compare point core/iregfile/regfile_reg[32][55] failed (is not equivalent)
    Compare point core/iregfile/regfile_reg[32][54] failed (is not equivalent)
    Compare point core/iregfile/regfile_reg[32][53] failed (is not equivalent)
    Compare point core/iregfile/regfile_reg[32][52] failed (is not equivalent)
    Compare point core/iregfile/regfile_reg[32][51] failed (is not equivalent)
    Compare point core/iregfile/regfile_reg[32][50] failed (is not equivalent)
    Compare point core/iregfile/regfile_reg[32][4] failed (is not equivalent)
    Compare point core/iregfile/regfile_reg[32][49] failed (is not equivalent)
    Compare point core/iregfile/regfile_reg[32][48] failed (is not equivalent)
    Compare point core/iregfile/regfile_reg[32][47] failed (is not equivalent)
    Compare point core/iregfile/regfile_reg[32][46] failed (is not equivalent)
    Compare point core/iregfile/regfile_reg[32][45] failed (is not equivalent)
    Compare point core/iregfile/regfile_reg[32][44] failed (is not equivalent)
    Compare point core/iregfile/regfile_reg[32][43] failed (is not equivalent)
    Compare point core/iregfile/regfile_reg[32][42] failed (is not equivalent)
    Compare point core/iregfile/regfile_reg[32][41] failed (is not equivalent)
    Compare point core/iregfile/regfile_reg[32][40] failed (is not equivalent)
    Compare point core/iregfile/regfile_reg[32][3] failed (is not equivalent)
    Compare point core/iregfile/regfile_reg[32][39] failed (is not equivalent)
    Compare point core/iregfile/regfile_reg[32][38] failed (is not equivalent)
    Compare point core/iregfile/regfile_reg[32][37] failed (is not equivalent)
    Compare point core/iregfile/regfile_reg[32][36] failed (is not equivalent)
    Compare point core/iregfile/regfile_reg[32][35] failed (is not equivalent)
    Compare point core/iregfile/regfile_reg[32][34] failed (is not equivalent)
    Compare point core/iregfile/regfile_reg[32][33] failed (is not equivalent)
    Compare point core/iregfile/regfile_reg[32][32] failed (is not equivalent)
    Compare point core/iregfile/regfile_reg[32][31] failed (is not equivalent)
    Compare point core/iregfile/regfile_reg[32][30] failed (is not equivalent)
    Compare point core/iregfile/regfile_reg[32][2] failed (is not equivalent)
    Compare point core/iregfile/regfile_reg[32][29] failed (is not equivalent)
    Compare point core/iregfile/regfile_reg[32][28] failed (is not equivalent)
    Compare point core/iregfile/regfile_reg[32][27] failed (is not equivalent)
    Compare point core/iregfile/regfile_reg[32][26] failed (is not equivalent)
    Compare point core/iregfile/regfile_reg[32][25] failed (is not equivalent)
    Compare point core/iregfile/regfile_reg[32][24] failed (is not equivalent)
    Compare point core/iregfile/regfile_reg[32][23] failed (is not equivalent)
    Compare point core/iregfile/regfile_reg[32][21] failed (is not equivalent)
    Compare point core/iregfile/regfile_reg[32][20] failed (is not equivalent)
    Compare point core/iregfile/regfile_reg[32][1] failed (is not equivalent)
    Compare point core/iregfile/regfile_reg[32][19] failed (is not equivalent)
    Compare point core/iregfile/regfile_reg[32][18] failed (is not equivalent)
    Compare point core/iregfile/regfile_reg[32][17] failed (is not equivalent)
    Compare point core/iregfile/regfile_reg[32][16] failed (is not equivalent)
    Compare point core/iregfile/regfile_reg[32][15] failed (is not equivalent)
    Compare point core/iregfile/regfile_reg[32][14] failed (is not equivalent)
    Compare point core/iregfile/regfile_reg[32][13] failed (is not equivalent)
    Compare point core/iregfile/regfile_reg[32][12] failed (is not equivalent)
    Compare point core/iregfile/regfile_reg[32][11] failed (is not equivalent)
    Compare point core/iregfile/regfile_reg[32][10] failed (is not equivalent)
    Compare point core/iregfile/regfile_reg[32][0] failed (is not equivalent)
    Compare point core/iregfile/regfile_reg[33][10] failed (is not equivalent)
    Compare point core/iregfile/regfile_reg[33][9] failed (is not equivalent)
    Compare point core/iregfile/regfile_reg[33][8] failed (is not equivalent)
    Compare point core/iregfile/regfile_reg[33][7] failed (is not equivalent)
    Compare point core/iregfile/regfile_reg[33][6] failed (is not equivalent)
    Compare point core/iregfile/regfile_reg[33][63] failed (is not equivalent)
    Compare point core/iregfile/regfile_reg[33][62] failed (is not equivalent)
    Compare point core/iregfile/regfile_reg[33][61] failed (is not equivalent)
    Compare point core/iregfile/regfile_reg[33][60] failed (is not equivalent)
    Compare point core/iregfile/regfile_reg[33][5] failed (is not equivalent)
    Compare point core/iregfile/regfile_reg[33][59] failed (is not equivalent)
    Compare point core/iregfile/regfile_reg[33][58] failed (is not equivalent)
    Compare point core/iregfile/regfile_reg[33][57] failed (is not equivalent)
    Compare point core/iregfile/regfile_reg[33][56] failed (is not equivalent)
    Compare point core/iregfile/regfile_reg[33][55] failed (is not equivalent)
    Compare point core/iregfile/regfile_reg[33][54] failed (is not equivalent)
    Compare point core/iregfile/regfile_reg[33][53] failed (is not equivalent)
    Compare point core/iregfile/regfile_reg[33][52] failed (is not equivalent)
    Compare point core/iregfile/regfile_reg[33][51] failed (is not equivalent)
    Compare point core/iregfile/regfile_reg[33][50] failed (is not equivalent)
    Compare point core/iregfile/regfile_reg[33][4] failed (is not equivalent)
    Compare point core/iregfile/regfile_reg[33][49] failed (is not equivalent)
    Compare point core/iregfile/regfile_reg[33][48] failed (is not equivalent)
    Compare point core/iregfile/regfile_reg[33][47] failed (is not equivalent)
    Compare point core/iregfile/regfile_reg[33][46] failed (is not equivalent)
    Compare point core/iregfile/regfile_reg[33][45] failed (is not equivalent)
    Compare point core/iregfile/regfile_reg[33][44] failed (is not equivalent)
    Compare point core/iregfile/regfile_reg[33][43] failed (is not equivalent)
    Compare point core/iregfile/regfile_reg[33][42] failed (is not equivalent)
    Compare point core/iregfile/regfile_reg[33][41] failed (is not equivalent)
    Compare point core/iregfile/regfile_reg[33][40] failed (is not equivalent)
    Compare point core/iregfile/regfile_reg[33][3] failed (is not equivalent)
    Compare point core/iregfile/regfile_reg[33][39] failed (is not equivalent)
    Compare point core/iregfile/regfile_reg[33][38] failed (is not equivalent)
    Compare point core/iregfile/regfile_reg[33][37] failed (is not equivalent)
    Compare point core/iregfile/regfile_reg[33][36] failed (is not equivalent)
    Compare point core/iregfile/regfile_reg[33][35] failed (is not equivalent)
    Compare point core/iregfile/regfile_reg[33][34] failed (is not equivalent)
    Compare point core/iregfile/regfile_reg[33][33] failed (is not equivalent)
    Compare point core/iregfile/regfile_reg[33][32] failed (is not equivalent)
    Compare point core/iregfile/regfile_reg[33][31] failed (is not equivalent)
    Compare point core/iregfile/regfile_reg[33][30] failed (is not equivalent)
    Compare point core/iregfile/regfile_reg[33][2] failed (is not equivalent)
    Compare point core/iregfile/regfile_reg[33][29] failed (is not equivalent)
    Compare point core/iregfile/regfile_reg[33][28] failed (is not equivalent)
    Compare point core/iregfile/regfile_reg[33][27] failed (is not equivalent)
    Compare point core/iregfile/regfile_reg[33][26] failed (is not equivalent)
    Compare point core/iregfile/regfile_reg[33][25] failed (is not equivalent)
    Compare point core/iregfile/regfile_reg[33][24] failed (is not equivalent)
    Compare point core/iregfile/regfile_reg[33][23] failed (is not equivalent)
    Compare point core/iregfile/regfile_reg[33][22] failed (is not equivalent)
    Compare point core/iregfile/regfile_reg[33][21] failed (is not equivalent)
    Compare point core/iregfile/regfile_reg[33][20] failed (is not equivalent)
    Compare point core/iregfile/regfile_reg[33][1] failed (is not equivalent)
    Compare point core/iregfile/regfile_reg[33][19] failed (is not equivalent)
    Compare point core/iregfile/regfile_reg[33][18] failed (is not equivalent)
    Compare point core/iregfile/regfile_reg[33][17] failed (is not equivalent)
    Compare point core/iregfile/regfile_reg[33][16] failed (is not equivalent)
    Compare point core/iregfile/regfile_reg[33][15] failed (is not equivalent)
    Compare point core/iregfile/regfile_reg[33][14] failed (is not equivalent)
    Compare point core/iregfile/regfile_reg[33][13] failed (is not equivalent)
    Compare point core/iregfile/regfile_reg[33][12] failed (is not equivalent)
    Compare point core/iregfile/regfile_reg[33][11] failed (is not equivalent)
    Compare point core/iregfile/regfile_reg[33][0] failed (is not equivalent)
    Compare point core/iregfile/regfile_reg[34][11] failed (is not equivalent)
    Compare point core/iregfile/regfile_reg[34][9] failed (is not equivalent)
    Compare point core/iregfile/regfile_reg[34][8] failed (is not equivalent)
    Compare point core/iregfile/regfile_reg[34][7] failed (is not equivalent)
    Compare point core/iregfile/regfile_reg[34][6] failed (is not equivalent)
    Compare point core/iregfile/regfile_reg[34][63] failed (is not equivalent)
    Compare point core/iregfile/regfile_reg[34][62] failed (is not equivalent)
    Compare point core/iregfile/regfile_reg[34][61] failed (is not equivalent)
    Compare point core/iregfile/regfile_reg[34][60] failed (is not equivalent)
    Compare point core/iregfile/regfile_reg[34][5] failed (is not equivalent)
    Compare point core/iregfile/regfile_reg[34][59] failed (is not equivalent)
    Compare point core/iregfile/regfile_reg[34][58] failed (is not equivalent)
    Compare point core/iregfile/regfile_reg[34][57] failed (is not equivalent)
    Compare point core/iregfile/regfile_reg[34][56] failed (is not equivalent)
    Compare point core/iregfile/regfile_reg[34][55] failed (is not equivalent)
    Compare point core/iregfile/regfile_reg[34][54] failed (is not equivalent)
    Compare point core/iregfile/regfile_reg[34][53] failed (is not equivalent)
    Compare point core/iregfile/regfile_reg[34][52] failed (is not equivalent)
    Compare point core/iregfile/regfile_reg[34][51] failed (is not equivalent)
    Compare point core/iregfile/regfile_reg[34][50] failed (is not equivalent)
    Compare point core/iregfile/regfile_reg[34][4] failed (is not equivalent)
    Compare point core/iregfile/regfile_reg[34][49] failed (is not equivalent)
    Compare point core/iregfile/regfile_reg[34][48] failed (is not equivalent)
    Compare point core/iregfile/regfile_reg[34][47] failed (is not equivalent)
    Compare point core/iregfile/regfile_reg[34][46] failed (is not equivalent)
    Compare point core/iregfile/regfile_reg[34][45] failed (is not equivalent)
    Compare point core/iregfile/regfile_reg[34][44] failed (is not equivalent)
    Compare point core/iregfile/regfile_reg[34][43] failed (is not equivalent)
    Compare point core/iregfile/regfile_reg[34][42] failed (is not equivalent)
    Compare point core/iregfile/regfile_reg[34][41] failed (is not equivalent)
    Compare point core/iregfile/regfile_reg[34][40] failed (is not equivalent)
    Compare point core/iregfile/regfile_reg[34][3] failed (is not equivalent)
    Compare point core/iregfile/regfile_reg[34][39] failed (is not equivalent)
    Compare point core/iregfile/regfile_reg[34][38] failed (is not equivalent)
    Compare point core/iregfile/regfile_reg[34][37] failed (is not equivalent)
    Compare point core/iregfile/regfile_reg[34][36] failed (is not equivalent)
    Compare point core/iregfile/regfile_reg[34][35] failed (is not equivalent)
    Compare point core/iregfile/regfile_reg[34][34] failed (is not equivalent)
    Compare point core/iregfile/regfile_reg[34][33] failed (is not equivalent)
    Compare point core/iregfile/regfile_reg[34][32] failed (is not equivalent)
    Compare point core/iregfile/regfile_reg[34][31] failed (is not equivalent)
    Compare point core/iregfile/regfile_reg[34][30] failed (is not equivalent)
    Compare point core/iregfile/regfile_reg[34][2] failed (is not equivalent)
    Compare point core/iregfile/regfile_reg[34][29] failed (is not equivalent)
    Compare point core/iregfile/regfile_reg[34][28] failed (is not equivalent)
    Compare point core/iregfile/regfile_reg[34][27] failed (is not equivalent)
    Compare point core/iregfile/regfile_reg[34][26] failed (is not equivalent)
    Compare point core/iregfile/regfile_reg[34][25] failed (is not equivalent)
    Compare point core/iregfile/regfile_reg[34][24] failed (is not equivalent)
    Compare point core/iregfile/regfile_reg[34][23] failed (is not equivalent)
    Compare point core/iregfile/regfile_reg[34][22] failed (is not equivalent)
    Compare point core/iregfile/regfile_reg[34][21] failed (is not equivalent)
    Compare point core/iregfile/regfile_reg[34][20] failed (is not equivalent)
    Compare point core/iregfile/regfile_reg[34][1] failed (is not equivalent)
    Compare point core/iregfile/regfile_reg[34][19] failed (is not equivalent)
    Compare point core/iregfile/regfile_reg[34][18] failed (is not equivalent)
    Compare point core/iregfile/regfile_reg[34][17] failed (is not equivalent)
    Compare point core/iregfile/regfile_reg[34][16] failed (is not equivalent)
    Compare point core/iregfile/regfile_reg[34][15] failed (is not equivalent)
    Compare point core/iregfile/regfile_reg[34][14] failed (is not equivalent)
    Compare point core/iregfile/regfile_reg[34][13] failed (is not equivalent)
    Compare point core/iregfile/regfile_reg[34][12] failed (is not equivalent)
    Compare point core/iregfile/regfile_reg[34][10] failed (is not equivalent)
    Compare point core/iregfile/regfile_reg[34][0] failed (is not equivalent)
    Compare point core/iregfile/regfile_reg[35][0] failed (is not equivalent)
    Compare point core/iregfile/regfile_reg[35][9] failed (is not equivalent)
    Compare point core/iregfile/regfile_reg[35][8] failed (is not equivalent)
    Compare point core/iregfile/regfile_reg[35][7] failed (is not equivalent)
    Compare point core/iregfile/regfile_reg[35][6] failed (is not equivalent)
    Compare point core/iregfile/regfile_reg[35][63] failed (is not equivalent)
    Compare point core/iregfile/regfile_reg[35][62] failed (is not equivalent)
    Compare point core/iregfile/regfile_reg[35][61] failed (is not equivalent)
    Compare point core/iregfile/regfile_reg[35][60] failed (is not equivalent)
    Compare point core/iregfile/regfile_reg[35][5] failed (is not equivalent)
    Compare point core/iregfile/regfile_reg[35][59] failed (is not equivalent)
    Compare point core/iregfile/regfile_reg[35][58] failed (is not equivalent)
    Compare point core/iregfile/regfile_reg[35][57] failed (is not equivalent)
    Compare point core/iregfile/regfile_reg[35][56] failed (is not equivalent)
    Compare point core/iregfile/regfile_reg[35][55] failed (is not equivalent)
    Compare point core/iregfile/regfile_reg[35][54] failed (is not equivalent)
    Compare point core/iregfile/regfile_reg[35][53] failed (is not equivalent)
    Compare point core/iregfile/regfile_reg[35][52] failed (is not equivalent)
    Compare point core/iregfile/regfile_reg[35][51] failed (is not equivalent)
    Compare point core/iregfile/regfile_reg[35][50] failed (is not equivalent)
    Compare point core/iregfile/regfile_reg[35][4] failed (is not equivalent)
    Compare point core/iregfile/regfile_reg[35][49] failed (is not equivalent)
    Compare point core/iregfile/regfile_reg[35][48] failed (is not equivalent)
    Compare point core/iregfile/regfile_reg[35][47] failed (is not equivalent)
    Compare point core/iregfile/regfile_reg[35][46] failed (is not equivalent)
    Compare point core/iregfile/regfile_reg[35][45] failed (is not equivalent)
    Compare point core/iregfile/regfile_reg[35][44] failed (is not equivalent)
    Compare point core/iregfile/regfile_reg[35][43] failed (is not equivalent)
    Compare point core/iregfile/regfile_reg[35][42] failed (is not equivalent)
    Compare point core/iregfile/regfile_reg[35][41] failed (is not equivalent)
    Compare point core/iregfile/regfile_reg[35][40] failed (is not equivalent)
    Compare point core/iregfile/regfile_reg[35][3] failed (is not equivalent)
    Compare point core/iregfile/regfile_reg[35][39] failed (is not equivalent)
    Compare point core/iregfile/regfile_reg[35][38] failed (is not equivalent)
    Compare point core/iregfile/regfile_reg[35][37] failed (is not equivalent)
    Compare point core/iregfile/regfile_reg[35][36] failed (is not equivalent)
    Compare point core/iregfile/regfile_reg[35][35] failed (is not equivalent)
    Compare point core/iregfile/regfile_reg[35][34] failed (is not equivalent)
    Compare point core/iregfile/regfile_reg[35][33] failed (is not equivalent)
    Compare point core/iregfile/regfile_reg[35][32] failed (is not equivalent)
    Compare point core/iregfile/regfile_reg[35][31] failed (is not equivalent)
    Compare point core/iregfile/regfile_reg[35][30] failed (is not equivalent)
    Compare point core/iregfile/regfile_reg[35][2] failed (is not equivalent)
    Compare point core/iregfile/regfile_reg[35][29] failed (is not equivalent)
    Compare point core/iregfile/regfile_reg[35][28] failed (is not equivalent)
    Compare point core/iregfile/regfile_reg[35][27] failed (is not equivalent)
    Compare point core/iregfile/regfile_reg[35][26] failed (is not equivalent)
    Compare point core/iregfile/regfile_reg[35][25] failed (is not equivalent)
    Compare point core/iregfile/regfile_reg[35][24] failed (is not equivalent)
    Compare point core/iregfile/regfile_reg[35][23] failed (is not equivalent)
    Compare point core/iregfile/regfile_reg[35][22] failed (is not equivalent)
    Compare point core/iregfile/regfile_reg[35][21] failed (is not equivalent)
    Compare point core/iregfile/regfile_reg[35][20] failed (is not equivalent)
    Compare point core/iregfile/regfile_reg[35][1] failed (is not equivalent)
    Compare point core/iregfile/regfile_reg[35][19] failed (is not equivalent)
    Compare point core/iregfile/regfile_reg[35][18] failed (is not equivalent)
    Compare point core/iregfile/regfile_reg[35][17] failed (is not equivalent)
    Compare point core/iregfile/regfile_reg[35][16] failed (is not equivalent)
    Compare point core/iregfile/regfile_reg[35][15] failed (is not equivalent)
    Compare point core/iregfile/regfile_reg[35][14] failed (is not equivalent)
    Compare point core/iregfile/regfile_reg[35][13] failed (is not equivalent)
    Compare point core/iregfile/regfile_reg[35][12] failed (is not equivalent)
    Compare point core/iregfile/regfile_reg[35][11] failed (is not equivalent)
    Compare point core/iregfile/regfile_reg[35][10] failed (is not equivalent)
    Compare point core/iregfile/regfile_reg[36][17] failed (is not equivalent)
    Compare point core/iregfile/regfile_reg[36][9] failed (is not equivalent)
    Compare point core/iregfile/regfile_reg[36][8] failed (is not equivalent)
    Compare point core/iregfile/regfile_reg[36][7] failed (is not equivalent)
    Compare point core/iregfile/regfile_reg[36][6] failed (is not equivalent)
    Compare point core/iregfile/regfile_reg[36][63] failed (is not equivalent)
    Compare point core/iregfile/regfile_reg[36][62] failed (is not equivalent)
    Compare point core/iregfile/regfile_reg[36][61] failed (is not equivalent)
    Compare point core/iregfile/regfile_reg[36][60] failed (is not equivalent)
    Compare point core/iregfile/regfile_reg[36][5] failed (is not equivalent)
    Compare point core/iregfile/regfile_reg[36][59] failed (is not equivalent)
    Compare point core/iregfile/regfile_reg[36][58] failed (is not equivalent)
    Compare point core/iregfile/regfile_reg[36][57] failed (is not equivalent)
    Compare point core/iregfile/regfile_reg[36][56] failed (is not equivalent)
    Compare point core/iregfile/regfile_reg[36][55] failed (is not equivalent)
    Compare point core/iregfile/regfile_reg[36][54] failed (is not equivalent)
    Compare point core/iregfile/regfile_reg[36][53] failed (is not equivalent)
    Compare point core/iregfile/regfile_reg[36][52] failed (is not equivalent)
    Compare point core/iregfile/regfile_reg[36][51] failed (is not equivalent)
    Compare point core/iregfile/regfile_reg[36][50] failed (is not equivalent)
    Compare point core/iregfile/regfile_reg[36][4] failed (is not equivalent)
    Compare point core/iregfile/regfile_reg[36][49] failed (is not equivalent)
    Compare point core/iregfile/regfile_reg[36][48] failed (is not equivalent)
    Compare point core/iregfile/regfile_reg[36][47] failed (is not equivalent)
    Compare point core/iregfile/regfile_reg[36][46] failed (is not equivalent)
    Compare point core/iregfile/regfile_reg[36][45] failed (is not equivalent)
    Compare point core/iregfile/regfile_reg[36][44] failed (is not equivalent)
    Compare point core/iregfile/regfile_reg[36][43] failed (is not equivalent)
    Compare point core/iregfile/regfile_reg[36][42] failed (is not equivalent)
    Compare point core/iregfile/regfile_reg[36][41] failed (is not equivalent)
    Compare point core/iregfile/regfile_reg[36][40] failed (is not equivalent)
    Compare point core/iregfile/regfile_reg[36][3] failed (is not equivalent)
    Compare point core/iregfile/regfile_reg[36][39] failed (is not equivalent)
    Compare point core/iregfile/regfile_reg[36][38] failed (is not equivalent)
    Compare point core/iregfile/regfile_reg[36][37] failed (is not equivalent)
    Compare point core/iregfile/regfile_reg[36][36] failed (is not equivalent)
    Compare point core/iregfile/regfile_reg[36][35] failed (is not equivalent)
    Compare point core/iregfile/regfile_reg[36][34] failed (is not equivalent)
    Compare point core/iregfile/regfile_reg[36][33] failed (is not equivalent)
    Compare point core/iregfile/regfile_reg[36][32] failed (is not equivalent)
    Compare point core/iregfile/regfile_reg[36][31] failed (is not equivalent)
    Compare point core/iregfile/regfile_reg[36][30] failed (is not equivalent)
    Compare point core/iregfile/regfile_reg[36][2] failed (is not equivalent)
    Compare point core/iregfile/regfile_reg[36][29] failed (is not equivalent)
    Compare point core/iregfile/regfile_reg[36][28] failed (is not equivalent)
    Compare point core/iregfile/regfile_reg[36][27] failed (is not equivalent)
    Compare point core/iregfile/regfile_reg[36][26] failed (is not equivalent)
    Compare point core/iregfile/regfile_reg[36][25] failed (is not equivalent)
    Compare point core/iregfile/regfile_reg[36][24] failed (is not equivalent)
    Compare point core/iregfile/regfile_reg[36][23] failed (is not equivalent)
    Compare point core/iregfile/regfile_reg[36][22] failed (is not equivalent)
    Compare point core/iregfile/regfile_reg[36][21] failed (is not equivalent)
    Compare point core/iregfile/regfile_reg[36][20] failed (is not equivalent)
    Compare point core/iregfile/regfile_reg[36][1] failed (is not equivalent)
    Compare point core/iregfile/regfile_reg[36][19] failed (is not equivalent)
    Compare point core/iregfile/regfile_reg[36][18] failed (is not equivalent)
    Compare point core/iregfile/regfile_reg[36][16] failed (is not equivalent)
    Compare point core/iregfile/regfile_reg[36][15] failed (is not equivalent)
    Compare point core/iregfile/regfile_reg[36][14] failed (is not equivalent)
    Compare point core/iregfile/regfile_reg[36][13] failed (is not equivalent)
    Compare point core/iregfile/regfile_reg[36][12] failed (is not equivalent)
    Compare point core/iregfile/regfile_reg[36][11] failed (is not equivalent)
    Compare point core/iregfile/regfile_reg[36][10] failed (is not equivalent)
    Compare point core/iregfile/regfile_reg[36][0] failed (is not equivalent)
    Compare point core/iregfile/regfile_reg[37][26] failed (is not equivalent)
    Compare point core/iregfile/regfile_reg[37][9] failed (is not equivalent)
    Compare point core/iregfile/regfile_reg[37][8] failed (is not equivalent)
    Compare point core/iregfile/regfile_reg[37][7] failed (is not equivalent)
    Compare point core/iregfile/regfile_reg[37][6] failed (is not equivalent)
    Compare point core/iregfile/regfile_reg[37][63] failed (is not equivalent)
    Compare point core/iregfile/regfile_reg[37][62] failed (is not equivalent)
    Compare point core/iregfile/regfile_reg[37][61] failed (is not equivalent)
    Compare point core/iregfile/regfile_reg[37][60] failed (is not equivalent)
    Compare point core/iregfile/regfile_reg[37][5] failed (is not equivalent)
    Compare point core/iregfile/regfile_reg[37][59] failed (is not equivalent)
    Compare point core/iregfile/regfile_reg[37][58] failed (is not equivalent)
    Compare point core/iregfile/regfile_reg[37][57] failed (is not equivalent)
    Compare point core/iregfile/regfile_reg[37][56] failed (is not equivalent)
    Compare point core/iregfile/regfile_reg[37][55] failed (is not equivalent)
    Compare point core/iregfile/regfile_reg[37][54] failed (is not equivalent)
    Compare point core/iregfile/regfile_reg[37][53] failed (is not equivalent)
    Compare point core/iregfile/regfile_reg[37][52] failed (is not equivalent)
    Compare point core/iregfile/regfile_reg[37][51] failed (is not equivalent)
    Compare point core/iregfile/regfile_reg[37][50] failed (is not equivalent)
    Compare point core/iregfile/regfile_reg[37][4] failed (is not equivalent)
    Compare point core/iregfile/regfile_reg[37][49] failed (is not equivalent)
    Compare point core/iregfile/regfile_reg[37][48] failed (is not equivalent)
    Compare point core/iregfile/regfile_reg[37][47] failed (is not equivalent)
    Compare point core/iregfile/regfile_reg[37][46] failed (is not equivalent)
    Compare point core/iregfile/regfile_reg[37][45] failed (is not equivalent)
    Compare point core/iregfile/regfile_reg[37][44] failed (is not equivalent)
    Compare point core/iregfile/regfile_reg[37][43] failed (is not equivalent)
    Compare point core/iregfile/regfile_reg[37][42] failed (is not equivalent)
    Compare point core/iregfile/regfile_reg[37][41] failed (is not equivalent)
    Compare point core/iregfile/regfile_reg[37][40] failed (is not equivalent)
    Compare point core/iregfile/regfile_reg[37][3] failed (is not equivalent)
    Compare point core/iregfile/regfile_reg[37][39] failed (is not equivalent)
    Compare point core/iregfile/regfile_reg[37][38] failed (is not equivalent)
    Compare point core/iregfile/regfile_reg[37][37] failed (is not equivalent)
    Compare point core/iregfile/regfile_reg[37][36] failed (is not equivalent)
    Compare point core/iregfile/regfile_reg[37][35] failed (is not equivalent)
    Compare point core/iregfile/regfile_reg[37][34] failed (is not equivalent)
    Compare point core/iregfile/regfile_reg[37][33] failed (is not equivalent)
    Compare point core/iregfile/regfile_reg[37][32] failed (is not equivalent)
    Compare point core/iregfile/regfile_reg[37][31] failed (is not equivalent)
    Compare point core/iregfile/regfile_reg[37][30] failed (is not equivalent)
    Compare point core/iregfile/regfile_reg[37][2] failed (is not equivalent)
    Compare point core/iregfile/regfile_reg[37][29] failed (is not equivalent)
    Compare point core/iregfile/regfile_reg[37][28] failed (is not equivalent)
    Compare point core/iregfile/regfile_reg[37][27] failed (is not equivalent)
    Compare point core/iregfile/regfile_reg[37][25] failed (is not equivalent)
    Compare point core/iregfile/regfile_reg[37][24] failed (is not equivalent)
    Compare point core/iregfile/regfile_reg[37][23] failed (is not equivalent)
    Compare point core/iregfile/regfile_reg[37][22] failed (is not equivalent)
    Compare point core/iregfile/regfile_reg[37][21] failed (is not equivalent)
    Compare point core/iregfile/regfile_reg[37][20] failed (is not equivalent)
    Compare point core/iregfile/regfile_reg[37][1] failed (is not equivalent)
    Compare point core/iregfile/regfile_reg[37][19] failed (is not equivalent)
    Compare point core/iregfile/regfile_reg[37][18] failed (is not equivalent)
    Compare point core/iregfile/regfile_reg[37][17] failed (is not equivalent)
    Compare point core/iregfile/regfile_reg[37][16] failed (is not equivalent)
    Compare point core/iregfile/regfile_reg[37][15] failed (is not equivalent)
    Compare point core/iregfile/regfile_reg[37][14] failed (is not equivalent)
    Compare point core/iregfile/regfile_reg[37][13] failed (is not equivalent)
    Compare point core/iregfile/regfile_reg[37][12] failed (is not equivalent)
    Compare point core/iregfile/regfile_reg[37][11] failed (is not equivalent)
    Compare point core/iregfile/regfile_reg[37][10] failed (is not equivalent)
    Compare point core/iregfile/regfile_reg[37][0] failed (is not equivalent)
    Compare point core/iregfile/regfile_reg[38][20] failed (is not equivalent)
    Compare point core/iregfile/regfile_reg[38][9] failed (is not equivalent)
    Compare point core/iregfile/regfile_reg[38][8] failed (is not equivalent)
    Compare point core/iregfile/regfile_reg[38][7] failed (is not equivalent)
    Compare point core/iregfile/regfile_reg[38][6] failed (is not equivalent)
    Compare point core/iregfile/regfile_reg[38][63] failed (is not equivalent)
    Compare point core/iregfile/regfile_reg[38][62] failed (is not equivalent)
    Compare point core/iregfile/regfile_reg[38][61] failed (is not equivalent)
    Compare point core/iregfile/regfile_reg[38][60] failed (is not equivalent)
    Compare point core/iregfile/regfile_reg[38][5] failed (is not equivalent)
    Compare point core/iregfile/regfile_reg[38][59] failed (is not equivalent)
    Compare point core/iregfile/regfile_reg[38][58] failed (is not equivalent)
    Compare point core/iregfile/regfile_reg[38][57] failed (is not equivalent)
    Compare point core/iregfile/regfile_reg[38][56] failed (is not equivalent)
    Compare point core/iregfile/regfile_reg[38][55] failed (is not equivalent)
    Compare point core/iregfile/regfile_reg[38][54] failed (is not equivalent)
    Compare point core/iregfile/regfile_reg[38][53] failed (is not equivalent)
    Compare point core/iregfile/regfile_reg[38][52] failed (is not equivalent)
    Compare point core/iregfile/regfile_reg[38][51] failed (is not equivalent)
    Compare point core/iregfile/regfile_reg[38][50] failed (is not equivalent)
    Compare point core/iregfile/regfile_reg[38][4] failed (is not equivalent)
    Compare point core/iregfile/regfile_reg[38][49] failed (is not equivalent)
    Compare point core/iregfile/regfile_reg[38][48] failed (is not equivalent)
    Compare point core/iregfile/regfile_reg[38][47] failed (is not equivalent)
    Compare point core/iregfile/regfile_reg[38][46] failed (is not equivalent)
    Compare point core/iregfile/regfile_reg[38][45] failed (is not equivalent)
    Compare point core/iregfile/regfile_reg[38][44] failed (is not equivalent)
    Compare point core/iregfile/regfile_reg[38][43] failed (is not equivalent)
    Compare point core/iregfile/regfile_reg[38][42] failed (is not equivalent)
    Compare point core/iregfile/regfile_reg[38][41] failed (is not equivalent)
    Compare point core/iregfile/regfile_reg[38][40] failed (is not equivalent)
    Compare point core/iregfile/regfile_reg[38][3] failed (is not equivalent)
    Compare point core/iregfile/regfile_reg[38][39] failed (is not equivalent)
    Compare point core/iregfile/regfile_reg[38][38] failed (is not equivalent)
    Compare point core/iregfile/regfile_reg[38][37] failed (is not equivalent)
    Compare point core/iregfile/regfile_reg[38][36] failed (is not equivalent)
    Compare point core/iregfile/regfile_reg[38][35] failed (is not equivalent)
    Compare point core/iregfile/regfile_reg[38][34] failed (is not equivalent)
    Compare point core/iregfile/regfile_reg[38][33] failed (is not equivalent)
    Compare point core/iregfile/regfile_reg[38][32] failed (is not equivalent)
    Compare point core/iregfile/regfile_reg[38][31] failed (is not equivalent)
    Compare point core/iregfile/regfile_reg[38][30] failed (is not equivalent)
    Compare point core/iregfile/regfile_reg[38][2] failed (is not equivalent)
    Compare point core/iregfile/regfile_reg[38][29] failed (is not equivalent)
    Compare point core/iregfile/regfile_reg[38][28] failed (is not equivalent)
    Compare point core/iregfile/regfile_reg[38][27] failed (is not equivalent)
    Compare point core/iregfile/regfile_reg[38][26] failed (is not equivalent)
    Compare point core/iregfile/regfile_reg[38][25] failed (is not equivalent)
    Compare point core/iregfile/regfile_reg[38][24] failed (is not equivalent)
    Compare point core/iregfile/regfile_reg[38][23] failed (is not equivalent)
    Compare point core/iregfile/regfile_reg[38][22] failed (is not equivalent)
    Compare point core/iregfile/regfile_reg[38][21] failed (is not equivalent)
    Compare point core/iregfile/regfile_reg[38][1] failed (is not equivalent)
    Compare point core/iregfile/regfile_reg[38][19] failed (is not equivalent)
    Compare point core/iregfile/regfile_reg[38][18] failed (is not equivalent)
    Compare point core/iregfile/regfile_reg[38][17] failed (is not equivalent)
    Compare point core/iregfile/regfile_reg[38][16] failed (is not equivalent)
    Compare point core/iregfile/regfile_reg[38][15] failed (is not equivalent)
    Compare point core/iregfile/regfile_reg[38][14] failed (is not equivalent)
    Compare point core/iregfile/regfile_reg[38][13] failed (is not equivalent)
    Compare point core/iregfile/regfile_reg[38][12] failed (is not equivalent)
    Compare point core/iregfile/regfile_reg[38][11] failed (is not equivalent)
    Compare point core/iregfile/regfile_reg[38][10] failed (is not equivalent)
    Compare point core/iregfile/regfile_reg[38][0] failed (is not equivalent)
    Compare point core/iregfile/regfile_reg[39][25] failed (is not equivalent)
    Compare point core/iregfile/regfile_reg[39][9] failed (is not equivalent)
    Compare point core/iregfile/regfile_reg[39][8] failed (is not equivalent)
    Compare point core/iregfile/regfile_reg[39][7] failed (is not equivalent)
    Compare point core/iregfile/regfile_reg[39][6] failed (is not equivalent)
    Compare point core/iregfile/regfile_reg[39][63] failed (is not equivalent)
    Compare point core/iregfile/regfile_reg[39][62] failed (is not equivalent)
    Compare point core/iregfile/regfile_reg[39][61] failed (is not equivalent)
    Compare point core/iregfile/regfile_reg[39][60] failed (is not equivalent)
    Compare point core/iregfile/regfile_reg[39][5] failed (is not equivalent)
    Compare point core/iregfile/regfile_reg[39][59] failed (is not equivalent)
    Compare point core/iregfile/regfile_reg[39][58] failed (is not equivalent)
    Compare point core/iregfile/regfile_reg[39][57] failed (is not equivalent)
    Compare point core/iregfile/regfile_reg[39][56] failed (is not equivalent)
    Compare point core/iregfile/regfile_reg[39][55] failed (is not equivalent)
    Compare point core/iregfile/regfile_reg[39][54] failed (is not equivalent)
    Compare point core/iregfile/regfile_reg[39][53] failed (is not equivalent)
    Compare point core/iregfile/regfile_reg[39][52] failed (is not equivalent)
    Compare point core/iregfile/regfile_reg[39][51] failed (is not equivalent)
    Compare point core/iregfile/regfile_reg[39][50] failed (is not equivalent)
    Compare point core/iregfile/regfile_reg[39][4] failed (is not equivalent)
    Compare point core/iregfile/regfile_reg[39][49] failed (is not equivalent)
    Compare point core/iregfile/regfile_reg[39][48] failed (is not equivalent)
    Compare point core/iregfile/regfile_reg[39][47] failed (is not equivalent)
    Compare point core/iregfile/regfile_reg[39][46] failed (is not equivalent)
    Compare point core/iregfile/regfile_reg[39][45] failed (is not equivalent)
    Compare point core/iregfile/regfile_reg[39][44] failed (is not equivalent)
    Compare point core/iregfile/regfile_reg[39][43] failed (is not equivalent)
    Compare point core/iregfile/regfile_reg[39][42] failed (is not equivalent)
    Compare point core/iregfile/regfile_reg[39][41] failed (is not equivalent)
    Compare point core/iregfile/regfile_reg[39][40] failed (is not equivalent)
    Compare point core/iregfile/regfile_reg[39][3] failed (is not equivalent)
    Compare point core/iregfile/regfile_reg[39][39] failed (is not equivalent)
    Compare point core/iregfile/regfile_reg[39][38] failed (is not equivalent)
    Compare point core/iregfile/regfile_reg[39][37] failed (is not equivalent)
    Compare point core/iregfile/regfile_reg[39][36] failed (is not equivalent)
    Compare point core/iregfile/regfile_reg[39][35] failed (is not equivalent)
    Compare point core/iregfile/regfile_reg[39][34] failed (is not equivalent)
    Compare point core/iregfile/regfile_reg[39][33] failed (is not equivalent)
    Compare point core/iregfile/regfile_reg[39][32] failed (is not equivalent)
    Compare point core/iregfile/regfile_reg[39][31] failed (is not equivalent)
    Compare point core/iregfile/regfile_reg[39][30] failed (is not equivalent)
    Compare point core/iregfile/regfile_reg[39][2] failed (is not equivalent)
    Compare point core/iregfile/regfile_reg[39][29] failed (is not equivalent)
    Compare point core/iregfile/regfile_reg[39][28] failed (is not equivalent)
    Compare point core/iregfile/regfile_reg[39][27] failed (is not equivalent)
    Compare point core/iregfile/regfile_reg[39][26] failed (is not equivalent)
    Compare point core/iregfile/regfile_reg[39][24] failed (is not equivalent)
    Compare point core/iregfile/regfile_reg[39][23] failed (is not equivalent)
    Compare point core/iregfile/regfile_reg[39][22] failed (is not equivalent)
    Compare point core/iregfile/regfile_reg[39][21] failed (is not equivalent)
    Compare point core/iregfile/regfile_reg[39][20] failed (is not equivalent)
    Compare point core/iregfile/regfile_reg[39][1] failed (is not equivalent)
    Compare point core/iregfile/regfile_reg[39][19] failed (is not equivalent)
    Compare point core/iregfile/regfile_reg[39][18] failed (is not equivalent)
    Compare point core/iregfile/regfile_reg[39][17] failed (is not equivalent)
    Compare point core/iregfile/regfile_reg[39][16] failed (is not equivalent)
    Compare point core/iregfile/regfile_reg[39][15] failed (is not equivalent)
    Compare point core/iregfile/regfile_reg[39][14] failed (is not equivalent)
    Compare point core/iregfile/regfile_reg[39][13] failed (is not equivalent)
    Compare point core/iregfile/regfile_reg[39][12] failed (is not equivalent)
    Compare point core/iregfile/regfile_reg[39][11] failed (is not equivalent)
    Compare point core/iregfile/regfile_reg[39][10] failed (is not equivalent)
    Compare point core/iregfile/regfile_reg[39][0] failed (is not equivalent)
.
    Compare point core/iregfile/regfile_reg[3][9] failed (is not equivalent)
    Compare point core/iregfile/regfile_reg[3][8] failed (is not equivalent)
    Compare point core/iregfile/regfile_reg[3][7] failed (is not equivalent)
    Compare point core/iregfile/regfile_reg[3][6] failed (is not equivalent)
    Compare point core/iregfile/regfile_reg[3][63] failed (is not equivalent)
    Compare point core/iregfile/regfile_reg[3][62] failed (is not equivalent)
    Compare point core/iregfile/regfile_reg[3][61] failed (is not equivalent)
    Compare point core/iregfile/regfile_reg[3][60] failed (is not equivalent)
    Compare point core/iregfile/regfile_reg[3][5] failed (is not equivalent)
    Compare point core/iregfile/regfile_reg[3][59] failed (is not equivalent)
    Compare point core/iregfile/regfile_reg[3][58] failed (is not equivalent)
    Compare point core/iregfile/regfile_reg[3][57] failed (is not equivalent)
    Compare point core/iregfile/regfile_reg[3][56] failed (is not equivalent)
    Compare point core/iregfile/regfile_reg[3][55] failed (is not equivalent)
    Compare point core/iregfile/regfile_reg[3][54] failed (is not equivalent)
    Compare point core/iregfile/regfile_reg[3][53] failed (is not equivalent)
    Compare point core/iregfile/regfile_reg[3][52] failed (is not equivalent)
    Compare point core/iregfile/regfile_reg[3][51] failed (is not equivalent)
    Compare point core/iregfile/regfile_reg[3][50] failed (is not equivalent)
    Compare point core/iregfile/regfile_reg[3][4] failed (is not equivalent)
    Compare point core/iregfile/regfile_reg[3][49] failed (is not equivalent)
    Compare point core/iregfile/regfile_reg[3][48] failed (is not equivalent)
    Compare point core/iregfile/regfile_reg[3][47] failed (is not equivalent)
    Compare point core/iregfile/regfile_reg[3][46] failed (is not equivalent)
    Compare point core/iregfile/regfile_reg[3][45] failed (is not equivalent)
    Compare point core/iregfile/regfile_reg[3][44] failed (is not equivalent)
    Compare point core/iregfile/regfile_reg[3][43] failed (is not equivalent)
    Compare point core/iregfile/regfile_reg[3][42] failed (is not equivalent)
    Compare point core/iregfile/regfile_reg[3][41] failed (is not equivalent)
    Compare point core/iregfile/regfile_reg[3][40] failed (is not equivalent)
    Compare point core/iregfile/regfile_reg[3][3] failed (is not equivalent)
    Compare point core/iregfile/regfile_reg[3][39] failed (is not equivalent)
    Compare point core/iregfile/regfile_reg[3][38] failed (is not equivalent)
    Compare point core/iregfile/regfile_reg[3][37] failed (is not equivalent)
    Compare point core/iregfile/regfile_reg[3][36] failed (is not equivalent)
    Compare point core/iregfile/regfile_reg[3][35] failed (is not equivalent)
    Compare point core/iregfile/regfile_reg[3][34] failed (is not equivalent)
    Compare point core/iregfile/regfile_reg[3][33] failed (is not equivalent)
    Compare point core/iregfile/regfile_reg[3][32] failed (is not equivalent)
    Compare point core/iregfile/regfile_reg[3][31] failed (is not equivalent)
    Compare point core/iregfile/regfile_reg[3][30] failed (is not equivalent)
    Compare point core/iregfile/regfile_reg[3][2] failed (is not equivalent)
    Compare point core/iregfile/regfile_reg[3][29] failed (is not equivalent)
    Compare point core/iregfile/regfile_reg[3][28] failed (is not equivalent)
    Compare point core/iregfile/regfile_reg[3][27] failed (is not equivalent)
    Compare point core/iregfile/regfile_reg[3][26] failed (is not equivalent)
    Compare point core/iregfile/regfile_reg[3][25] failed (is not equivalent)
    Compare point core/iregfile/regfile_reg[3][24] failed (is not equivalent)
    Compare point core/iregfile/regfile_reg[3][23] failed (is not equivalent)
    Compare point core/iregfile/regfile_reg[3][22] failed (is not equivalent)
    Compare point core/iregfile/regfile_reg[3][21] failed (is not equivalent)
    Compare point core/iregfile/regfile_reg[3][20] failed (is not equivalent)
    Compare point core/iregfile/regfile_reg[3][1] failed (is not equivalent)
    Compare point core/iregfile/regfile_reg[3][19] failed (is not equivalent)
    Compare point core/iregfile/regfile_reg[3][18] failed (is not equivalent)
    Compare point core/iregfile/regfile_reg[3][17] failed (is not equivalent)
    Compare point core/iregfile/regfile_reg[3][16] failed (is not equivalent)
    Compare point core/iregfile/regfile_reg[3][15] failed (is not equivalent)
    Compare point core/iregfile/regfile_reg[3][14] failed (is not equivalent)
    Compare point core/iregfile/regfile_reg[3][13] failed (is not equivalent)
    Compare point core/iregfile/regfile_reg[3][12] failed (is not equivalent)
    Compare point core/iregfile/regfile_reg[3][11] failed (is not equivalent)
    Compare point core/iregfile/regfile_reg[3][10] failed (is not equivalent)
    Compare point core/iregfile/regfile_reg[3][0] failed (is not equivalent)
    Compare point core/iregfile/regfile_reg[40][11] failed (is not equivalent)
    Compare point core/iregfile/regfile_reg[40][9] failed (is not equivalent)
    Compare point core/iregfile/regfile_reg[40][8] failed (is not equivalent)
    Compare point core/iregfile/regfile_reg[40][7] failed (is not equivalent)
    Compare point core/iregfile/regfile_reg[40][6] failed (is not equivalent)
    Compare point core/iregfile/regfile_reg[40][63] failed (is not equivalent)
    Compare point core/iregfile/regfile_reg[40][62] failed (is not equivalent)
    Compare point core/iregfile/regfile_reg[40][61] failed (is not equivalent)
    Compare point core/iregfile/regfile_reg[40][60] failed (is not equivalent)
    Compare point core/iregfile/regfile_reg[40][5] failed (is not equivalent)
    Compare point core/iregfile/regfile_reg[40][59] failed (is not equivalent)
    Compare point core/iregfile/regfile_reg[40][58] failed (is not equivalent)
    Compare point core/iregfile/regfile_reg[40][57] failed (is not equivalent)
    Compare point core/iregfile/regfile_reg[40][56] failed (is not equivalent)
    Compare point core/iregfile/regfile_reg[40][55] failed (is not equivalent)
    Compare point core/iregfile/regfile_reg[40][54] failed (is not equivalent)
    Compare point core/iregfile/regfile_reg[40][53] failed (is not equivalent)
    Compare point core/iregfile/regfile_reg[40][52] failed (is not equivalent)
    Compare point core/iregfile/regfile_reg[40][51] failed (is not equivalent)
    Compare point core/iregfile/regfile_reg[40][50] failed (is not equivalent)
    Compare point core/iregfile/regfile_reg[40][4] failed (is not equivalent)
    Compare point core/iregfile/regfile_reg[40][49] failed (is not equivalent)
    Compare point core/iregfile/regfile_reg[40][48] failed (is not equivalent)
    Compare point core/iregfile/regfile_reg[40][47] failed (is not equivalent)
    Compare point core/iregfile/regfile_reg[40][46] failed (is not equivalent)
    Compare point core/iregfile/regfile_reg[40][45] failed (is not equivalent)
    Compare point core/iregfile/regfile_reg[40][44] failed (is not equivalent)
    Compare point core/iregfile/regfile_reg[40][43] failed (is not equivalent)
    Compare point core/iregfile/regfile_reg[40][42] failed (is not equivalent)
    Compare point core/iregfile/regfile_reg[40][41] failed (is not equivalent)
    Compare point core/iregfile/regfile_reg[40][40] failed (is not equivalent)
    Compare point core/iregfile/regfile_reg[40][3] failed (is not equivalent)
    Compare point core/iregfile/regfile_reg[40][39] failed (is not equivalent)
    Compare point core/iregfile/regfile_reg[40][38] failed (is not equivalent)
    Compare point core/iregfile/regfile_reg[40][37] failed (is not equivalent)
    Compare point core/iregfile/regfile_reg[40][36] failed (is not equivalent)
    Compare point core/iregfile/regfile_reg[40][35] failed (is not equivalent)
    Compare point core/iregfile/regfile_reg[40][34] failed (is not equivalent)
    Compare point core/iregfile/regfile_reg[40][33] failed (is not equivalent)
    Compare point core/iregfile/regfile_reg[40][32] failed (is not equivalent)
    Compare point core/iregfile/regfile_reg[40][31] failed (is not equivalent)
    Compare point core/iregfile/regfile_reg[40][30] failed (is not equivalent)
    Compare point core/iregfile/regfile_reg[40][2] failed (is not equivalent)
    Compare point core/iregfile/regfile_reg[40][29] failed (is not equivalent)
    Compare point core/iregfile/regfile_reg[40][28] failed (is not equivalent)
    Compare point core/iregfile/regfile_reg[40][27] failed (is not equivalent)
    Compare point core/iregfile/regfile_reg[40][26] failed (is not equivalent)
    Compare point core/iregfile/regfile_reg[40][25] failed (is not equivalent)
    Compare point core/iregfile/regfile_reg[40][24] failed (is not equivalent)
    Compare point core/iregfile/regfile_reg[40][23] failed (is not equivalent)
    Compare point core/iregfile/regfile_reg[40][22] failed (is not equivalent)
    Compare point core/iregfile/regfile_reg[40][21] failed (is not equivalent)
    Compare point core/iregfile/regfile_reg[40][20] failed (is not equivalent)
    Compare point core/iregfile/regfile_reg[40][1] failed (is not equivalent)
    Compare point core/iregfile/regfile_reg[40][19] failed (is not equivalent)
    Compare point core/iregfile/regfile_reg[40][18] failed (is not equivalent)
    Compare point core/iregfile/regfile_reg[40][17] failed (is not equivalent)
    Compare point core/iregfile/regfile_reg[40][16] failed (is not equivalent)
    Compare point core/iregfile/regfile_reg[40][15] failed (is not equivalent)
    Compare point core/iregfile/regfile_reg[40][14] failed (is not equivalent)
    Compare point core/iregfile/regfile_reg[40][13] failed (is not equivalent)
    Compare point core/iregfile/regfile_reg[40][12] failed (is not equivalent)
    Compare point core/iregfile/regfile_reg[40][10] failed (is not equivalent)
    Compare point core/iregfile/regfile_reg[40][0] failed (is not equivalent)
    Compare point core/iregfile/regfile_reg[41][21] failed (is not equivalent)
    Compare point core/iregfile/regfile_reg[41][9] failed (is not equivalent)
    Compare point core/iregfile/regfile_reg[41][8] failed (is not equivalent)
    Compare point core/iregfile/regfile_reg[41][7] failed (is not equivalent)
    Compare point core/iregfile/regfile_reg[41][6] failed (is not equivalent)
    Compare point core/iregfile/regfile_reg[41][63] failed (is not equivalent)
    Compare point core/iregfile/regfile_reg[41][62] failed (is not equivalent)
    Compare point core/iregfile/regfile_reg[41][61] failed (is not equivalent)
    Compare point core/iregfile/regfile_reg[41][60] failed (is not equivalent)
    Compare point core/iregfile/regfile_reg[41][5] failed (is not equivalent)
    Compare point core/iregfile/regfile_reg[41][59] failed (is not equivalent)
    Compare point core/iregfile/regfile_reg[41][58] failed (is not equivalent)
    Compare point core/iregfile/regfile_reg[41][57] failed (is not equivalent)
    Compare point core/iregfile/regfile_reg[41][56] failed (is not equivalent)
    Compare point core/iregfile/regfile_reg[41][55] failed (is not equivalent)
    Compare point core/iregfile/regfile_reg[41][54] failed (is not equivalent)
    Compare point core/iregfile/regfile_reg[41][53] failed (is not equivalent)
    Compare point core/iregfile/regfile_reg[41][52] failed (is not equivalent)
    Compare point core/iregfile/regfile_reg[41][51] failed (is not equivalent)
    Compare point core/iregfile/regfile_reg[41][50] failed (is not equivalent)
    Compare point core/iregfile/regfile_reg[41][4] failed (is not equivalent)
    Compare point core/iregfile/regfile_reg[41][49] failed (is not equivalent)
    Compare point core/iregfile/regfile_reg[41][48] failed (is not equivalent)
    Compare point core/iregfile/regfile_reg[41][47] failed (is not equivalent)
    Compare point core/iregfile/regfile_reg[41][46] failed (is not equivalent)
    Compare point core/iregfile/regfile_reg[41][45] failed (is not equivalent)
    Compare point core/iregfile/regfile_reg[41][44] failed (is not equivalent)
    Compare point core/iregfile/regfile_reg[41][43] failed (is not equivalent)
    Compare point core/iregfile/regfile_reg[41][42] failed (is not equivalent)
    Compare point core/iregfile/regfile_reg[41][41] failed (is not equivalent)
    Compare point core/iregfile/regfile_reg[41][40] failed (is not equivalent)
    Compare point core/iregfile/regfile_reg[41][3] failed (is not equivalent)
    Compare point core/iregfile/regfile_reg[41][39] failed (is not equivalent)
    Compare point core/iregfile/regfile_reg[41][38] failed (is not equivalent)
    Compare point core/iregfile/regfile_reg[41][37] failed (is not equivalent)
    Compare point core/iregfile/regfile_reg[41][36] failed (is not equivalent)
    Compare point core/iregfile/regfile_reg[41][35] failed (is not equivalent)
    Compare point core/iregfile/regfile_reg[41][34] failed (is not equivalent)
    Compare point core/iregfile/regfile_reg[41][33] failed (is not equivalent)
    Compare point core/iregfile/regfile_reg[41][32] failed (is not equivalent)
    Compare point core/iregfile/regfile_reg[41][31] failed (is not equivalent)
    Compare point core/iregfile/regfile_reg[41][30] failed (is not equivalent)
    Compare point core/iregfile/regfile_reg[41][2] failed (is not equivalent)
    Compare point core/iregfile/regfile_reg[41][29] failed (is not equivalent)
    Compare point core/iregfile/regfile_reg[41][28] failed (is not equivalent)
    Compare point core/iregfile/regfile_reg[41][27] failed (is not equivalent)
    Compare point core/iregfile/regfile_reg[41][26] failed (is not equivalent)
    Compare point core/iregfile/regfile_reg[41][25] failed (is not equivalent)
    Compare point core/iregfile/regfile_reg[41][24] failed (is not equivalent)
    Compare point core/iregfile/regfile_reg[41][23] failed (is not equivalent)
    Compare point core/iregfile/regfile_reg[41][22] failed (is not equivalent)
    Compare point core/iregfile/regfile_reg[41][20] failed (is not equivalent)
    Compare point core/iregfile/regfile_reg[41][1] failed (is not equivalent)
    Compare point core/iregfile/regfile_reg[41][19] failed (is not equivalent)
    Compare point core/iregfile/regfile_reg[41][18] failed (is not equivalent)
    Compare point core/iregfile/regfile_reg[41][17] failed (is not equivalent)
    Compare point core/iregfile/regfile_reg[41][16] failed (is not equivalent)
    Compare point core/iregfile/regfile_reg[41][15] failed (is not equivalent)
    Compare point core/iregfile/regfile_reg[41][14] failed (is not equivalent)
    Compare point core/iregfile/regfile_reg[41][13] failed (is not equivalent)
    Compare point core/iregfile/regfile_reg[41][12] failed (is not equivalent)
    Compare point core/iregfile/regfile_reg[41][11] failed (is not equivalent)
    Compare point core/iregfile/regfile_reg[41][10] failed (is not equivalent)
    Compare point core/iregfile/regfile_reg[41][0] failed (is not equivalent)
    Compare point core/iregfile/regfile_reg[42][21] failed (is not equivalent)
    Compare point core/iregfile/regfile_reg[42][9] failed (is not equivalent)
    Compare point core/iregfile/regfile_reg[42][8] failed (is not equivalent)
    Compare point core/iregfile/regfile_reg[42][7] failed (is not equivalent)
    Compare point core/iregfile/regfile_reg[42][6] failed (is not equivalent)
    Compare point core/iregfile/regfile_reg[42][63] failed (is not equivalent)
    Compare point core/iregfile/regfile_reg[42][62] failed (is not equivalent)
    Compare point core/iregfile/regfile_reg[42][61] failed (is not equivalent)
    Compare point core/iregfile/regfile_reg[42][60] failed (is not equivalent)
    Compare point core/iregfile/regfile_reg[42][5] failed (is not equivalent)
    Compare point core/iregfile/regfile_reg[42][59] failed (is not equivalent)
    Compare point core/iregfile/regfile_reg[42][58] failed (is not equivalent)
    Compare point core/iregfile/regfile_reg[42][57] failed (is not equivalent)
    Compare point core/iregfile/regfile_reg[42][56] failed (is not equivalent)
    Compare point core/iregfile/regfile_reg[42][55] failed (is not equivalent)
    Compare point core/iregfile/regfile_reg[42][54] failed (is not equivalent)
    Compare point core/iregfile/regfile_reg[42][53] failed (is not equivalent)
    Compare point core/iregfile/regfile_reg[42][52] failed (is not equivalent)
    Compare point core/iregfile/regfile_reg[42][51] failed (is not equivalent)
    Compare point core/iregfile/regfile_reg[42][50] failed (is not equivalent)
    Compare point core/iregfile/regfile_reg[42][4] failed (is not equivalent)
    Compare point core/iregfile/regfile_reg[42][49] failed (is not equivalent)
    Compare point core/iregfile/regfile_reg[42][48] failed (is not equivalent)
    Compare point core/iregfile/regfile_reg[42][47] failed (is not equivalent)
    Compare point core/iregfile/regfile_reg[42][46] failed (is not equivalent)
    Compare point core/iregfile/regfile_reg[42][45] failed (is not equivalent)
    Compare point core/iregfile/regfile_reg[42][44] failed (is not equivalent)
    Compare point core/iregfile/regfile_reg[42][43] failed (is not equivalent)
    Compare point core/iregfile/regfile_reg[42][42] failed (is not equivalent)
    Compare point core/iregfile/regfile_reg[42][41] failed (is not equivalent)
    Compare point core/iregfile/regfile_reg[42][40] failed (is not equivalent)
    Compare point core/iregfile/regfile_reg[42][3] failed (is not equivalent)
    Compare point core/iregfile/regfile_reg[42][39] failed (is not equivalent)
    Compare point core/iregfile/regfile_reg[42][38] failed (is not equivalent)
    Compare point core/iregfile/regfile_reg[42][37] failed (is not equivalent)
    Compare point core/iregfile/regfile_reg[42][36] failed (is not equivalent)
    Compare point core/iregfile/regfile_reg[42][35] failed (is not equivalent)
    Compare point core/iregfile/regfile_reg[42][34] failed (is not equivalent)
    Compare point core/iregfile/regfile_reg[42][33] failed (is not equivalent)
    Compare point core/iregfile/regfile_reg[42][32] failed (is not equivalent)
    Compare point core/iregfile/regfile_reg[42][31] failed (is not equivalent)
    Compare point core/iregfile/regfile_reg[42][30] failed (is not equivalent)
    Compare point core/iregfile/regfile_reg[42][2] failed (is not equivalent)
    Compare point core/iregfile/regfile_reg[42][29] failed (is not equivalent)
    Compare point core/iregfile/regfile_reg[42][28] failed (is not equivalent)
    Compare point core/iregfile/regfile_reg[42][27] failed (is not equivalent)
    Compare point core/iregfile/regfile_reg[42][26] failed (is not equivalent)
    Compare point core/iregfile/regfile_reg[42][25] failed (is not equivalent)
    Compare point core/iregfile/regfile_reg[42][24] failed (is not equivalent)
    Compare point core/iregfile/regfile_reg[42][23] failed (is not equivalent)
    Compare point core/iregfile/regfile_reg[42][22] failed (is not equivalent)
    Compare point core/iregfile/regfile_reg[42][20] failed (is not equivalent)
    Compare point core/iregfile/regfile_reg[42][1] failed (is not equivalent)
    Compare point core/iregfile/regfile_reg[42][19] failed (is not equivalent)
    Compare point core/iregfile/regfile_reg[42][18] failed (is not equivalent)
    Compare point core/iregfile/regfile_reg[42][17] failed (is not equivalent)
    Compare point core/iregfile/regfile_reg[42][16] failed (is not equivalent)
    Compare point core/iregfile/regfile_reg[42][15] failed (is not equivalent)
    Compare point core/iregfile/regfile_reg[42][14] failed (is not equivalent)
    Compare point core/iregfile/regfile_reg[42][13] failed (is not equivalent)
    Compare point core/iregfile/regfile_reg[42][12] failed (is not equivalent)
    Compare point core/iregfile/regfile_reg[42][11] failed (is not equivalent)
    Compare point core/iregfile/regfile_reg[42][10] failed (is not equivalent)
    Compare point core/iregfile/regfile_reg[42][0] failed (is not equivalent)
    Compare point core/iregfile/regfile_reg[43][16] failed (is not equivalent)
    Compare point core/iregfile/regfile_reg[43][9] failed (is not equivalent)
    Compare point core/iregfile/regfile_reg[43][8] failed (is not equivalent)
    Compare point core/iregfile/regfile_reg[43][6] failed (is not equivalent)
    Compare point core/iregfile/regfile_reg[43][63] failed (is not equivalent)
    Compare point core/iregfile/regfile_reg[43][62] failed (is not equivalent)
    Compare point core/iregfile/regfile_reg[43][61] failed (is not equivalent)
    Compare point core/iregfile/regfile_reg[43][60] failed (is not equivalent)
    Compare point core/iregfile/regfile_reg[43][5] failed (is not equivalent)
    Compare point core/iregfile/regfile_reg[43][59] failed (is not equivalent)
    Compare point core/iregfile/regfile_reg[43][58] failed (is not equivalent)
    Compare point core/iregfile/regfile_reg[43][57] failed (is not equivalent)
    Compare point core/iregfile/regfile_reg[43][56] failed (is not equivalent)
    Compare point core/iregfile/regfile_reg[43][55] failed (is not equivalent)
    Compare point core/iregfile/regfile_reg[43][54] failed (is not equivalent)
    Compare point core/iregfile/regfile_reg[43][53] failed (is not equivalent)
    Compare point core/iregfile/regfile_reg[43][52] failed (is not equivalent)
    Compare point core/iregfile/regfile_reg[43][51] failed (is not equivalent)
    Compare point core/iregfile/regfile_reg[43][50] failed (is not equivalent)
    Compare point core/iregfile/regfile_reg[43][4] failed (is not equivalent)
    Compare point core/iregfile/regfile_reg[43][49] failed (is not equivalent)
    Compare point core/iregfile/regfile_reg[43][48] failed (is not equivalent)
    Compare point core/iregfile/regfile_reg[43][47] failed (is not equivalent)
    Compare point core/iregfile/regfile_reg[43][46] failed (is not equivalent)
    Compare point core/iregfile/regfile_reg[43][45] failed (is not equivalent)
    Compare point core/iregfile/regfile_reg[43][44] failed (is not equivalent)
    Compare point core/iregfile/regfile_reg[43][43] failed (is not equivalent)
    Compare point core/iregfile/regfile_reg[43][42] failed (is not equivalent)
    Compare point core/iregfile/regfile_reg[43][41] failed (is not equivalent)
    Compare point core/iregfile/regfile_reg[43][40] failed (is not equivalent)
    Compare point core/iregfile/regfile_reg[43][3] failed (is not equivalent)
    Compare point core/iregfile/regfile_reg[43][39] failed (is not equivalent)
    Compare point core/iregfile/regfile_reg[43][38] failed (is not equivalent)
    Compare point core/iregfile/regfile_reg[43][37] failed (is not equivalent)
    Compare point core/iregfile/regfile_reg[43][36] failed (is not equivalent)
    Compare point core/iregfile/regfile_reg[43][35] failed (is not equivalent)
    Compare point core/iregfile/regfile_reg[43][34] failed (is not equivalent)
    Compare point core/iregfile/regfile_reg[43][33] failed (is not equivalent)
    Compare point core/iregfile/regfile_reg[43][32] failed (is not equivalent)
    Compare point core/iregfile/regfile_reg[43][31] failed (is not equivalent)
    Compare point core/iregfile/regfile_reg[43][30] failed (is not equivalent)
    Compare point core/iregfile/regfile_reg[43][2] failed (is not equivalent)
    Compare point core/iregfile/regfile_reg[43][29] failed (is not equivalent)
    Compare point core/iregfile/regfile_reg[43][28] failed (is not equivalent)
    Compare point core/iregfile/regfile_reg[43][27] failed (is not equivalent)
    Compare point core/iregfile/regfile_reg[43][26] failed (is not equivalent)
    Compare point core/iregfile/regfile_reg[43][25] failed (is not equivalent)
    Compare point core/iregfile/regfile_reg[43][24] failed (is not equivalent)
    Compare point core/iregfile/regfile_reg[43][23] failed (is not equivalent)
    Compare point core/iregfile/regfile_reg[43][22] failed (is not equivalent)
    Compare point core/iregfile/regfile_reg[43][21] failed (is not equivalent)
    Compare point core/iregfile/regfile_reg[43][20] failed (is not equivalent)
    Compare point core/iregfile/regfile_reg[43][1] failed (is not equivalent)
    Compare point core/iregfile/regfile_reg[43][19] failed (is not equivalent)
    Compare point core/iregfile/regfile_reg[43][18] failed (is not equivalent)
    Compare point core/iregfile/regfile_reg[43][17] failed (is not equivalent)
    Compare point core/iregfile/regfile_reg[43][15] failed (is not equivalent)
    Compare point core/iregfile/regfile_reg[43][14] failed (is not equivalent)
    Compare point core/iregfile/regfile_reg[43][13] failed (is not equivalent)
    Compare point core/iregfile/regfile_reg[43][12] failed (is not equivalent)
    Compare point core/iregfile/regfile_reg[43][11] failed (is not equivalent)
    Compare point core/iregfile/regfile_reg[43][10] failed (is not equivalent)
    Compare point core/iregfile/regfile_reg[43][0] failed (is not equivalent)
    Compare point core/iregfile/regfile_reg[43][7] failed (is not equivalent)
    Compare point core/iregfile/regfile_reg[44][40] failed (is not equivalent)
    Compare point core/iregfile/regfile_reg[44][38] failed (is not equivalent)
    Compare point core/iregfile/regfile_reg[44][35] failed (is not equivalent)
    Compare point core/iregfile/regfile_reg[44][57] failed (is not equivalent)
    Compare point core/iregfile/regfile_reg[44][51] failed (is not equivalent)
    Compare point core/iregfile/regfile_reg[44][50] failed (is not equivalent)
    Compare point core/iregfile/regfile_reg[44][60] failed (is not equivalent)
    Compare point core/iregfile/regfile_reg[44][59] failed (is not equivalent)
    Compare point core/iregfile/regfile_reg[44][43] failed (is not equivalent)
    Compare point core/iregfile/regfile_reg[44][29] failed (is not equivalent)
    Compare point core/iregfile/regfile_reg[44][15] failed (is not equivalent)
    Compare point core/iregfile/regfile_reg[44][9] failed (is not equivalent)
    Compare point core/iregfile/regfile_reg[44][8] failed (is not equivalent)
    Compare point core/iregfile/regfile_reg[44][7] failed (is not equivalent)
    Compare point core/iregfile/regfile_reg[44][6] failed (is not equivalent)
    Compare point core/iregfile/regfile_reg[44][63] failed (is not equivalent)
    Compare point core/iregfile/regfile_reg[44][62] failed (is not equivalent)
    Compare point core/iregfile/regfile_reg[44][61] failed (is not equivalent)
    Compare point core/iregfile/regfile_reg[44][5] failed (is not equivalent)
    Compare point core/iregfile/regfile_reg[44][58] failed (is not equivalent)
    Compare point core/iregfile/regfile_reg[44][56] failed (is not equivalent)
    Compare point core/iregfile/regfile_reg[44][55] failed (is not equivalent)
    Compare point core/iregfile/regfile_reg[44][54] failed (is not equivalent)
    Compare point core/iregfile/regfile_reg[44][53] failed (is not equivalent)
    Compare point core/iregfile/regfile_reg[44][52] failed (is not equivalent)
    Compare point core/iregfile/regfile_reg[44][4] failed (is not equivalent)
    Compare point core/iregfile/regfile_reg[44][49] failed (is not equivalent)
    Compare point core/iregfile/regfile_reg[44][48] failed (is not equivalent)
    Compare point core/iregfile/regfile_reg[44][47] failed (is not equivalent)
    Compare point core/iregfile/regfile_reg[44][46] failed (is not equivalent)
    Compare point core/iregfile/regfile_reg[44][45] failed (is not equivalent)
    Compare point core/iregfile/regfile_reg[44][44] failed (is not equivalent)
    Compare point core/iregfile/regfile_reg[44][42] failed (is not equivalent)
    Compare point core/iregfile/regfile_reg[44][41] failed (is not equivalent)
    Compare point core/iregfile/regfile_reg[44][3] failed (is not equivalent)
    Compare point core/iregfile/regfile_reg[44][39] failed (is not equivalent)
    Compare point core/iregfile/regfile_reg[44][37] failed (is not equivalent)
    Compare point core/iregfile/regfile_reg[44][36] failed (is not equivalent)
    Compare point core/iregfile/regfile_reg[44][34] failed (is not equivalent)
    Compare point core/iregfile/regfile_reg[44][33] failed (is not equivalent)
    Compare point core/iregfile/regfile_reg[44][32] failed (is not equivalent)
    Compare point core/iregfile/regfile_reg[44][31] failed (is not equivalent)
    Compare point core/iregfile/regfile_reg[44][30] failed (is not equivalent)
    Compare point core/iregfile/regfile_reg[44][2] failed (is not equivalent)
    Compare point core/iregfile/regfile_reg[44][28] failed (is not equivalent)
    Compare point core/iregfile/regfile_reg[44][27] failed (is not equivalent)
    Compare point core/iregfile/regfile_reg[44][26] failed (is not equivalent)
    Compare point core/iregfile/regfile_reg[44][25] failed (is not equivalent)
    Compare point core/iregfile/regfile_reg[44][24] failed (is not equivalent)
    Compare point core/iregfile/regfile_reg[44][23] failed (is not equivalent)
    Compare point core/iregfile/regfile_reg[44][22] failed (is not equivalent)
    Compare point core/iregfile/regfile_reg[44][21] failed (is not equivalent)
    Compare point core/iregfile/regfile_reg[44][20] failed (is not equivalent)
    Compare point core/iregfile/regfile_reg[44][1] failed (is not equivalent)
    Compare point core/iregfile/regfile_reg[44][19] failed (is not equivalent)
    Compare point core/iregfile/regfile_reg[44][18] failed (is not equivalent)
    Compare point core/iregfile/regfile_reg[44][17] failed (is not equivalent)
    Compare point core/iregfile/regfile_reg[44][16] failed (is not equivalent)
    Compare point core/iregfile/regfile_reg[44][14] failed (is not equivalent)
    Compare point core/iregfile/regfile_reg[44][13] failed (is not equivalent)
    Compare point core/iregfile/regfile_reg[44][12] failed (is not equivalent)
    Compare point core/iregfile/regfile_reg[44][11] failed (is not equivalent)
    Compare point core/iregfile/regfile_reg[44][10] failed (is not equivalent)
    Compare point core/iregfile/regfile_reg[44][0] failed (is not equivalent)
    Compare point core/iregfile/regfile_reg[45][0] failed (is not equivalent)
    Compare point core/iregfile/regfile_reg[45][9] failed (is not equivalent)
    Compare point core/iregfile/regfile_reg[45][8] failed (is not equivalent)
    Compare point core/iregfile/regfile_reg[45][7] failed (is not equivalent)
    Compare point core/iregfile/regfile_reg[45][6] failed (is not equivalent)
    Compare point core/iregfile/regfile_reg[45][63] failed (is not equivalent)
    Compare point core/iregfile/regfile_reg[45][62] failed (is not equivalent)
    Compare point core/iregfile/regfile_reg[45][61] failed (is not equivalent)
    Compare point core/iregfile/regfile_reg[45][60] failed (is not equivalent)
    Compare point core/iregfile/regfile_reg[45][5] failed (is not equivalent)
    Compare point core/iregfile/regfile_reg[45][59] failed (is not equivalent)
    Compare point core/iregfile/regfile_reg[45][58] failed (is not equivalent)
    Compare point core/iregfile/regfile_reg[45][57] failed (is not equivalent)
    Compare point core/iregfile/regfile_reg[45][56] failed (is not equivalent)
    Compare point core/iregfile/regfile_reg[45][55] failed (is not equivalent)
    Compare point core/iregfile/regfile_reg[45][54] failed (is not equivalent)
    Compare point core/iregfile/regfile_reg[45][53] failed (is not equivalent)
    Compare point core/iregfile/regfile_reg[45][52] failed (is not equivalent)
    Compare point core/iregfile/regfile_reg[45][51] failed (is not equivalent)
    Compare point core/iregfile/regfile_reg[45][50] failed (is not equivalent)
    Compare point core/iregfile/regfile_reg[45][4] failed (is not equivalent)
    Compare point core/iregfile/regfile_reg[45][49] failed (is not equivalent)
    Compare point core/iregfile/regfile_reg[45][48] failed (is not equivalent)
    Compare point core/iregfile/regfile_reg[45][47] failed (is not equivalent)
    Compare point core/iregfile/regfile_reg[45][46] failed (is not equivalent)
    Compare point core/iregfile/regfile_reg[45][45] failed (is not equivalent)
    Compare point core/iregfile/regfile_reg[45][44] failed (is not equivalent)
    Compare point core/iregfile/regfile_reg[45][43] failed (is not equivalent)
    Compare point core/iregfile/regfile_reg[45][42] failed (is not equivalent)
    Compare point core/iregfile/regfile_reg[45][41] failed (is not equivalent)
    Compare point core/iregfile/regfile_reg[45][40] failed (is not equivalent)
    Compare point core/iregfile/regfile_reg[45][3] failed (is not equivalent)
    Compare point core/iregfile/regfile_reg[45][39] failed (is not equivalent)
    Compare point core/iregfile/regfile_reg[45][38] failed (is not equivalent)
    Compare point core/iregfile/regfile_reg[45][37] failed (is not equivalent)
    Compare point core/iregfile/regfile_reg[45][36] failed (is not equivalent)
    Compare point core/iregfile/regfile_reg[45][35] failed (is not equivalent)
    Compare point core/iregfile/regfile_reg[45][34] failed (is not equivalent)
    Compare point core/iregfile/regfile_reg[45][33] failed (is not equivalent)
    Compare point core/iregfile/regfile_reg[45][32] failed (is not equivalent)
    Compare point core/iregfile/regfile_reg[45][31] failed (is not equivalent)
    Compare point core/iregfile/regfile_reg[45][30] failed (is not equivalent)
    Compare point core/iregfile/regfile_reg[45][2] failed (is not equivalent)
    Compare point core/iregfile/regfile_reg[45][29] failed (is not equivalent)
    Compare point core/iregfile/regfile_reg[45][28] failed (is not equivalent)
    Compare point core/iregfile/regfile_reg[45][27] failed (is not equivalent)
    Compare point core/iregfile/regfile_reg[45][26] failed (is not equivalent)
    Compare point core/iregfile/regfile_reg[45][25] failed (is not equivalent)
    Compare point core/iregfile/regfile_reg[45][24] failed (is not equivalent)
    Compare point core/iregfile/regfile_reg[45][23] failed (is not equivalent)
    Compare point core/iregfile/regfile_reg[45][22] failed (is not equivalent)
    Compare point core/iregfile/regfile_reg[45][21] failed (is not equivalent)
    Compare point core/iregfile/regfile_reg[45][20] failed (is not equivalent)
    Compare point core/iregfile/regfile_reg[45][1] failed (is not equivalent)
    Compare point core/iregfile/regfile_reg[45][19] failed (is not equivalent)
    Compare point core/iregfile/regfile_reg[45][18] failed (is not equivalent)
    Compare point core/iregfile/regfile_reg[45][17] failed (is not equivalent)
    Compare point core/iregfile/regfile_reg[45][16] failed (is not equivalent)
    Compare point core/iregfile/regfile_reg[45][15] failed (is not equivalent)
    Compare point core/iregfile/regfile_reg[45][14] failed (is not equivalent)
    Compare point core/iregfile/regfile_reg[45][13] failed (is not equivalent)
    Compare point core/iregfile/regfile_reg[45][12] failed (is not equivalent)
    Compare point core/iregfile/regfile_reg[45][11] failed (is not equivalent)
    Compare point core/iregfile/regfile_reg[45][10] failed (is not equivalent)
    Compare point core/iregfile/regfile_reg[46][10] failed (is not equivalent)
    Compare point core/iregfile/regfile_reg[46][9] failed (is not equivalent)
    Compare point core/iregfile/regfile_reg[46][8] failed (is not equivalent)
    Compare point core/iregfile/regfile_reg[46][7] failed (is not equivalent)
    Compare point core/iregfile/regfile_reg[46][6] failed (is not equivalent)
    Compare point core/iregfile/regfile_reg[46][63] failed (is not equivalent)
    Compare point core/iregfile/regfile_reg[46][62] failed (is not equivalent)
    Compare point core/iregfile/regfile_reg[46][61] failed (is not equivalent)
    Compare point core/iregfile/regfile_reg[46][60] failed (is not equivalent)
    Compare point core/iregfile/regfile_reg[46][5] failed (is not equivalent)
    Compare point core/iregfile/regfile_reg[46][59] failed (is not equivalent)
    Compare point core/iregfile/regfile_reg[46][58] failed (is not equivalent)
    Compare point core/iregfile/regfile_reg[46][57] failed (is not equivalent)
    Compare point core/iregfile/regfile_reg[46][56] failed (is not equivalent)
    Compare point core/iregfile/regfile_reg[46][55] failed (is not equivalent)
    Compare point core/iregfile/regfile_reg[46][54] failed (is not equivalent)
    Compare point core/iregfile/regfile_reg[46][53] failed (is not equivalent)
    Compare point core/iregfile/regfile_reg[46][52] failed (is not equivalent)
    Compare point core/iregfile/regfile_reg[46][51] failed (is not equivalent)
    Compare point core/iregfile/regfile_reg[46][50] failed (is not equivalent)
    Compare point core/iregfile/regfile_reg[46][4] failed (is not equivalent)
    Compare point core/iregfile/regfile_reg[46][49] failed (is not equivalent)
    Compare point core/iregfile/regfile_reg[46][48] failed (is not equivalent)
    Compare point core/iregfile/regfile_reg[46][47] failed (is not equivalent)
    Compare point core/iregfile/regfile_reg[46][46] failed (is not equivalent)
    Compare point core/iregfile/regfile_reg[46][45] failed (is not equivalent)
    Compare point core/iregfile/regfile_reg[46][44] failed (is not equivalent)
    Compare point core/iregfile/regfile_reg[46][43] failed (is not equivalent)
    Compare point core/iregfile/regfile_reg[46][42] failed (is not equivalent)
    Compare point core/iregfile/regfile_reg[46][41] failed (is not equivalent)
    Compare point core/iregfile/regfile_reg[46][40] failed (is not equivalent)
    Compare point core/iregfile/regfile_reg[46][3] failed (is not equivalent)
    Compare point core/iregfile/regfile_reg[46][39] failed (is not equivalent)
    Compare point core/iregfile/regfile_reg[46][38] failed (is not equivalent)
    Compare point core/iregfile/regfile_reg[46][37] failed (is not equivalent)
    Compare point core/iregfile/regfile_reg[46][36] failed (is not equivalent)
    Compare point core/iregfile/regfile_reg[46][35] failed (is not equivalent)
    Compare point core/iregfile/regfile_reg[46][34] failed (is not equivalent)
    Compare point core/iregfile/regfile_reg[46][33] failed (is not equivalent)
    Compare point core/iregfile/regfile_reg[46][32] failed (is not equivalent)
    Compare point core/iregfile/regfile_reg[46][31] failed (is not equivalent)
    Compare point core/iregfile/regfile_reg[46][30] failed (is not equivalent)
    Compare point core/iregfile/regfile_reg[46][2] failed (is not equivalent)
    Compare point core/iregfile/regfile_reg[46][29] failed (is not equivalent)
    Compare point core/iregfile/regfile_reg[46][28] failed (is not equivalent)
    Compare point core/iregfile/regfile_reg[46][27] failed (is not equivalent)
    Compare point core/iregfile/regfile_reg[46][26] failed (is not equivalent)
    Compare point core/iregfile/regfile_reg[46][25] failed (is not equivalent)
    Compare point core/iregfile/regfile_reg[46][24] failed (is not equivalent)
    Compare point core/iregfile/regfile_reg[46][23] failed (is not equivalent)
    Compare point core/iregfile/regfile_reg[46][22] failed (is not equivalent)
    Compare point core/iregfile/regfile_reg[46][21] failed (is not equivalent)
    Compare point core/iregfile/regfile_reg[46][20] failed (is not equivalent)
    Compare point core/iregfile/regfile_reg[46][1] failed (is not equivalent)
    Compare point core/iregfile/regfile_reg[46][19] failed (is not equivalent)
    Compare point core/iregfile/regfile_reg[46][18] failed (is not equivalent)
    Compare point core/iregfile/regfile_reg[46][17] failed (is not equivalent)
    Compare point core/iregfile/regfile_reg[46][16] failed (is not equivalent)
    Compare point core/iregfile/regfile_reg[46][15] failed (is not equivalent)
    Compare point core/iregfile/regfile_reg[46][14] failed (is not equivalent)
    Compare point core/iregfile/regfile_reg[46][13] failed (is not equivalent)
    Compare point core/iregfile/regfile_reg[46][12] failed (is not equivalent)
    Compare point core/iregfile/regfile_reg[46][11] failed (is not equivalent)
    Compare point core/iregfile/regfile_reg[46][0] failed (is not equivalent)
    Compare point core/iregfile/regfile_reg[47][9] failed (is not equivalent)
    Compare point core/iregfile/regfile_reg[47][8] failed (is not equivalent)
    Compare point core/iregfile/regfile_reg[47][7] failed (is not equivalent)
    Compare point core/iregfile/regfile_reg[47][6] failed (is not equivalent)
    Compare point core/iregfile/regfile_reg[47][63] failed (is not equivalent)
    Compare point core/iregfile/regfile_reg[47][62] failed (is not equivalent)
    Compare point core/iregfile/regfile_reg[47][61] failed (is not equivalent)
    Compare point core/iregfile/regfile_reg[47][60] failed (is not equivalent)
    Compare point core/iregfile/regfile_reg[47][5] failed (is not equivalent)
    Compare point core/iregfile/regfile_reg[47][59] failed (is not equivalent)
    Compare point core/iregfile/regfile_reg[47][58] failed (is not equivalent)
    Compare point core/iregfile/regfile_reg[47][57] failed (is not equivalent)
    Compare point core/iregfile/regfile_reg[47][56] failed (is not equivalent)
    Compare point core/iregfile/regfile_reg[47][55] failed (is not equivalent)
    Compare point core/iregfile/regfile_reg[47][54] failed (is not equivalent)
    Compare point core/iregfile/regfile_reg[47][53] failed (is not equivalent)
    Compare point core/iregfile/regfile_reg[47][52] failed (is not equivalent)
    Compare point core/iregfile/regfile_reg[47][51] failed (is not equivalent)
    Compare point core/iregfile/regfile_reg[47][50] failed (is not equivalent)
    Compare point core/iregfile/regfile_reg[47][4] failed (is not equivalent)
    Compare point core/iregfile/regfile_reg[47][49] failed (is not equivalent)
    Compare point core/iregfile/regfile_reg[47][48] failed (is not equivalent)
    Compare point core/iregfile/regfile_reg[47][47] failed (is not equivalent)
    Compare point core/iregfile/regfile_reg[47][46] failed (is not equivalent)
    Compare point core/iregfile/regfile_reg[47][45] failed (is not equivalent)
    Compare point core/iregfile/regfile_reg[47][44] failed (is not equivalent)
    Compare point core/iregfile/regfile_reg[47][43] failed (is not equivalent)
    Compare point core/iregfile/regfile_reg[47][42] failed (is not equivalent)
    Compare point core/iregfile/regfile_reg[47][41] failed (is not equivalent)
    Compare point core/iregfile/regfile_reg[47][40] failed (is not equivalent)
    Compare point core/iregfile/regfile_reg[47][3] failed (is not equivalent)
    Compare point core/iregfile/regfile_reg[47][39] failed (is not equivalent)
    Compare point core/iregfile/regfile_reg[47][38] failed (is not equivalent)
    Compare point core/iregfile/regfile_reg[47][37] failed (is not equivalent)
    Compare point core/iregfile/regfile_reg[47][36] failed (is not equivalent)
    Compare point core/iregfile/regfile_reg[47][35] failed (is not equivalent)
    Compare point core/iregfile/regfile_reg[47][34] failed (is not equivalent)
    Compare point core/iregfile/regfile_reg[47][33] failed (is not equivalent)
    Compare point core/iregfile/regfile_reg[47][32] failed (is not equivalent)
    Compare point core/iregfile/regfile_reg[47][31] failed (is not equivalent)
    Compare point core/iregfile/regfile_reg[47][30] failed (is not equivalent)
    Compare point core/iregfile/regfile_reg[47][2] failed (is not equivalent)
    Compare point core/iregfile/regfile_reg[47][29] failed (is not equivalent)
    Compare point core/iregfile/regfile_reg[47][28] failed (is not equivalent)
    Compare point core/iregfile/regfile_reg[47][27] failed (is not equivalent)
    Compare point core/iregfile/regfile_reg[47][26] failed (is not equivalent)
    Compare point core/iregfile/regfile_reg[47][25] failed (is not equivalent)
    Compare point core/iregfile/regfile_reg[47][24] failed (is not equivalent)
    Compare point core/iregfile/regfile_reg[47][23] failed (is not equivalent)
    Compare point core/iregfile/regfile_reg[47][22] failed (is not equivalent)
    Compare point core/iregfile/regfile_reg[47][21] failed (is not equivalent)
    Compare point core/iregfile/regfile_reg[47][20] failed (is not equivalent)
    Compare point core/iregfile/regfile_reg[47][1] failed (is not equivalent)
    Compare point core/iregfile/regfile_reg[47][19] failed (is not equivalent)
    Compare point core/iregfile/regfile_reg[47][18] failed (is not equivalent)
    Compare point core/iregfile/regfile_reg[47][17] failed (is not equivalent)
    Compare point core/iregfile/regfile_reg[47][16] failed (is not equivalent)
    Compare point core/iregfile/regfile_reg[47][15] failed (is not equivalent)
    Compare point core/iregfile/regfile_reg[47][14] failed (is not equivalent)
    Compare point core/iregfile/regfile_reg[47][13] failed (is not equivalent)
    Compare point core/iregfile/regfile_reg[47][12] failed (is not equivalent)
    Compare point core/iregfile/regfile_reg[47][11] failed (is not equivalent)
    Compare point core/iregfile/regfile_reg[47][10] failed (is not equivalent)
    Compare point core/iregfile/regfile_reg[47][0] failed (is not equivalent)
    Compare point core/iregfile/regfile_reg[48][19] failed (is not equivalent)
    Compare point core/iregfile/regfile_reg[48][9] failed (is not equivalent)
    Compare point core/iregfile/regfile_reg[48][8] failed (is not equivalent)
    Compare point core/iregfile/regfile_reg[48][7] failed (is not equivalent)
    Compare point core/iregfile/regfile_reg[48][6] failed (is not equivalent)
    Compare point core/iregfile/regfile_reg[48][63] failed (is not equivalent)
    Compare point core/iregfile/regfile_reg[48][62] failed (is not equivalent)
    Compare point core/iregfile/regfile_reg[48][61] failed (is not equivalent)
    Compare point core/iregfile/regfile_reg[48][60] failed (is not equivalent)
    Compare point core/iregfile/regfile_reg[48][5] failed (is not equivalent)
    Compare point core/iregfile/regfile_reg[48][59] failed (is not equivalent)
    Compare point core/iregfile/regfile_reg[48][58] failed (is not equivalent)
    Compare point core/iregfile/regfile_reg[48][57] failed (is not equivalent)
    Compare point core/iregfile/regfile_reg[48][56] failed (is not equivalent)
    Compare point core/iregfile/regfile_reg[48][55] failed (is not equivalent)
    Compare point core/iregfile/regfile_reg[48][54] failed (is not equivalent)
    Compare point core/iregfile/regfile_reg[48][53] failed (is not equivalent)
    Compare point core/iregfile/regfile_reg[48][52] failed (is not equivalent)
    Compare point core/iregfile/regfile_reg[48][51] failed (is not equivalent)
    Compare point core/iregfile/regfile_reg[48][50] failed (is not equivalent)
    Compare point core/iregfile/regfile_reg[48][4] failed (is not equivalent)
    Compare point core/iregfile/regfile_reg[48][49] failed (is not equivalent)
    Compare point core/iregfile/regfile_reg[48][48] failed (is not equivalent)
    Compare point core/iregfile/regfile_reg[48][47] failed (is not equivalent)
    Compare point core/iregfile/regfile_reg[48][46] failed (is not equivalent)
    Compare point core/iregfile/regfile_reg[48][45] failed (is not equivalent)
    Compare point core/iregfile/regfile_reg[48][44] failed (is not equivalent)
    Compare point core/iregfile/regfile_reg[48][43] failed (is not equivalent)
    Compare point core/iregfile/regfile_reg[48][42] failed (is not equivalent)
    Compare point core/iregfile/regfile_reg[48][41] failed (is not equivalent)
    Compare point core/iregfile/regfile_reg[48][40] failed (is not equivalent)
    Compare point core/iregfile/regfile_reg[48][3] failed (is not equivalent)
    Compare point core/iregfile/regfile_reg[48][39] failed (is not equivalent)
    Compare point core/iregfile/regfile_reg[48][38] failed (is not equivalent)
    Compare point core/iregfile/regfile_reg[48][37] failed (is not equivalent)
    Compare point core/iregfile/regfile_reg[48][36] failed (is not equivalent)
    Compare point core/iregfile/regfile_reg[48][35] failed (is not equivalent)
    Compare point core/iregfile/regfile_reg[48][34] failed (is not equivalent)
    Compare point core/iregfile/regfile_reg[48][33] failed (is not equivalent)
    Compare point core/iregfile/regfile_reg[48][32] failed (is not equivalent)
    Compare point core/iregfile/regfile_reg[48][31] failed (is not equivalent)
    Compare point core/iregfile/regfile_reg[48][30] failed (is not equivalent)
    Compare point core/iregfile/regfile_reg[48][2] failed (is not equivalent)
    Compare point core/iregfile/regfile_reg[48][29] failed (is not equivalent)
    Compare point core/iregfile/regfile_reg[48][28] failed (is not equivalent)
    Compare point core/iregfile/regfile_reg[48][27] failed (is not equivalent)
    Compare point core/iregfile/regfile_reg[48][26] failed (is not equivalent)
    Compare point core/iregfile/regfile_reg[48][25] failed (is not equivalent)
    Compare point core/iregfile/regfile_reg[48][24] failed (is not equivalent)
    Compare point core/iregfile/regfile_reg[48][23] failed (is not equivalent)
    Compare point core/iregfile/regfile_reg[48][22] failed (is not equivalent)
    Compare point core/iregfile/regfile_reg[48][21] failed (is not equivalent)
    Compare point core/iregfile/regfile_reg[48][20] failed (is not equivalent)
    Compare point core/iregfile/regfile_reg[48][1] failed (is not equivalent)
    Compare point core/iregfile/regfile_reg[48][18] failed (is not equivalent)
    Compare point core/iregfile/regfile_reg[48][17] failed (is not equivalent)
    Compare point core/iregfile/regfile_reg[48][16] failed (is not equivalent)
    Compare point core/iregfile/regfile_reg[48][15] failed (is not equivalent)
    Compare point core/iregfile/regfile_reg[48][14] failed (is not equivalent)
    Compare point core/iregfile/regfile_reg[48][13] failed (is not equivalent)
    Compare point core/iregfile/regfile_reg[48][12] failed (is not equivalent)
    Compare point core/iregfile/regfile_reg[48][11] failed (is not equivalent)
    Compare point core/iregfile/regfile_reg[48][10] failed (is not equivalent)
    Compare point core/iregfile/regfile_reg[48][0] failed (is not equivalent)
    Compare point core/iregfile/regfile_reg[49][1] failed (is not equivalent)
    Compare point core/iregfile/regfile_reg[49][9] failed (is not equivalent)
    Compare point core/iregfile/regfile_reg[49][8] failed (is not equivalent)
    Compare point core/iregfile/regfile_reg[49][7] failed (is not equivalent)
    Compare point core/iregfile/regfile_reg[49][6] failed (is not equivalent)
    Compare point core/iregfile/regfile_reg[49][63] failed (is not equivalent)
    Compare point core/iregfile/regfile_reg[49][62] failed (is not equivalent)
    Compare point core/iregfile/regfile_reg[49][61] failed (is not equivalent)
    Compare point core/iregfile/regfile_reg[49][60] failed (is not equivalent)
    Compare point core/iregfile/regfile_reg[49][5] failed (is not equivalent)
    Compare point core/iregfile/regfile_reg[49][59] failed (is not equivalent)
    Compare point core/iregfile/regfile_reg[49][58] failed (is not equivalent)
    Compare point core/iregfile/regfile_reg[49][57] failed (is not equivalent)
    Compare point core/iregfile/regfile_reg[49][56] failed (is not equivalent)
    Compare point core/iregfile/regfile_reg[49][55] failed (is not equivalent)
    Compare point core/iregfile/regfile_reg[49][54] failed (is not equivalent)
    Compare point core/iregfile/regfile_reg[49][53] failed (is not equivalent)
    Compare point core/iregfile/regfile_reg[49][52] failed (is not equivalent)
    Compare point core/iregfile/regfile_reg[49][51] failed (is not equivalent)
    Compare point core/iregfile/regfile_reg[49][50] failed (is not equivalent)
    Compare point core/iregfile/regfile_reg[49][4] failed (is not equivalent)
    Compare point core/iregfile/regfile_reg[49][49] failed (is not equivalent)
    Compare point core/iregfile/regfile_reg[49][48] failed (is not equivalent)
    Compare point core/iregfile/regfile_reg[49][47] failed (is not equivalent)
    Compare point core/iregfile/regfile_reg[49][46] failed (is not equivalent)
    Compare point core/iregfile/regfile_reg[49][45] failed (is not equivalent)
    Compare point core/iregfile/regfile_reg[49][44] failed (is not equivalent)
    Compare point core/iregfile/regfile_reg[49][43] failed (is not equivalent)
    Compare point core/iregfile/regfile_reg[49][42] failed (is not equivalent)
    Compare point core/iregfile/regfile_reg[49][41] failed (is not equivalent)
    Compare point core/iregfile/regfile_reg[49][40] failed (is not equivalent)
    Compare point core/iregfile/regfile_reg[49][3] failed (is not equivalent)
    Compare point core/iregfile/regfile_reg[49][39] failed (is not equivalent)
    Compare point core/iregfile/regfile_reg[49][38] failed (is not equivalent)
    Compare point core/iregfile/regfile_reg[49][37] failed (is not equivalent)
    Compare point core/iregfile/regfile_reg[49][36] failed (is not equivalent)
    Compare point core/iregfile/regfile_reg[49][35] failed (is not equivalent)
    Compare point core/iregfile/regfile_reg[49][34] failed (is not equivalent)
    Compare point core/iregfile/regfile_reg[49][33] failed (is not equivalent)
    Compare point core/iregfile/regfile_reg[49][32] failed (is not equivalent)
    Compare point core/iregfile/regfile_reg[49][31] failed (is not equivalent)
    Compare point core/iregfile/regfile_reg[49][30] failed (is not equivalent)
    Compare point core/iregfile/regfile_reg[49][2] failed (is not equivalent)
    Compare point core/iregfile/regfile_reg[49][29] failed (is not equivalent)
    Compare point core/iregfile/regfile_reg[49][28] failed (is not equivalent)
    Compare point core/iregfile/regfile_reg[49][27] failed (is not equivalent)
    Compare point core/iregfile/regfile_reg[49][26] failed (is not equivalent)
    Compare point core/iregfile/regfile_reg[49][25] failed (is not equivalent)
    Compare point core/iregfile/regfile_reg[49][24] failed (is not equivalent)
    Compare point core/iregfile/regfile_reg[49][23] failed (is not equivalent)
    Compare point core/iregfile/regfile_reg[49][22] failed (is not equivalent)
    Compare point core/iregfile/regfile_reg[49][21] failed (is not equivalent)
    Compare point core/iregfile/regfile_reg[49][20] failed (is not equivalent)
    Compare point core/iregfile/regfile_reg[49][19] failed (is not equivalent)
    Compare point core/iregfile/regfile_reg[49][18] failed (is not equivalent)
    Compare point core/iregfile/regfile_reg[49][17] failed (is not equivalent)
    Compare point core/iregfile/regfile_reg[49][16] failed (is not equivalent)
    Compare point core/iregfile/regfile_reg[49][15] failed (is not equivalent)
    Compare point core/iregfile/regfile_reg[49][14] failed (is not equivalent)
    Compare point core/iregfile/regfile_reg[49][13] failed (is not equivalent)
    Compare point core/iregfile/regfile_reg[49][12] failed (is not equivalent)
    Compare point core/iregfile/regfile_reg[49][11] failed (is not equivalent)
    Compare point core/iregfile/regfile_reg[49][10] failed (is not equivalent)
    Compare point core/iregfile/regfile_reg[49][0] failed (is not equivalent)
    Compare point core/iregfile/regfile_reg[4][10] failed (is not equivalent)
    Compare point core/iregfile/regfile_reg[4][9] failed (is not equivalent)
    Compare point core/iregfile/regfile_reg[4][8] failed (is not equivalent)
    Compare point core/iregfile/regfile_reg[4][7] failed (is not equivalent)
    Compare point core/iregfile/regfile_reg[4][6] failed (is not equivalent)
    Compare point core/iregfile/regfile_reg[4][63] failed (is not equivalent)
    Compare point core/iregfile/regfile_reg[4][62] failed (is not equivalent)
    Compare point core/iregfile/regfile_reg[4][61] failed (is not equivalent)
    Compare point core/iregfile/regfile_reg[4][60] failed (is not equivalent)
    Compare point core/iregfile/regfile_reg[4][5] failed (is not equivalent)
    Compare point core/iregfile/regfile_reg[4][59] failed (is not equivalent)
    Compare point core/iregfile/regfile_reg[4][58] failed (is not equivalent)
    Compare point core/iregfile/regfile_reg[4][57] failed (is not equivalent)
    Compare point core/iregfile/regfile_reg[4][56] failed (is not equivalent)
    Compare point core/iregfile/regfile_reg[4][55] failed (is not equivalent)
    Compare point core/iregfile/regfile_reg[4][54] failed (is not equivalent)
    Compare point core/iregfile/regfile_reg[4][53] failed (is not equivalent)
    Compare point core/iregfile/regfile_reg[4][52] failed (is not equivalent)
    Compare point core/iregfile/regfile_reg[4][51] failed (is not equivalent)
    Compare point core/iregfile/regfile_reg[4][50] failed (is not equivalent)
    Compare point core/iregfile/regfile_reg[4][4] failed (is not equivalent)
    Compare point core/iregfile/regfile_reg[4][49] failed (is not equivalent)
    Compare point core/iregfile/regfile_reg[4][48] failed (is not equivalent)
    Compare point core/iregfile/regfile_reg[4][47] failed (is not equivalent)
    Compare point core/iregfile/regfile_reg[4][46] failed (is not equivalent)
    Compare point core/iregfile/regfile_reg[4][45] failed (is not equivalent)
    Compare point core/iregfile/regfile_reg[4][44] failed (is not equivalent)
    Compare point core/iregfile/regfile_reg[4][43] failed (is not equivalent)
    Compare point core/iregfile/regfile_reg[4][42] failed (is not equivalent)
    Compare point core/iregfile/regfile_reg[4][41] failed (is not equivalent)
    Compare point core/iregfile/regfile_reg[4][40] failed (is not equivalent)
    Compare point core/iregfile/regfile_reg[4][3] failed (is not equivalent)
    Compare point core/iregfile/regfile_reg[4][39] failed (is not equivalent)
    Compare point core/iregfile/regfile_reg[4][38] failed (is not equivalent)
    Compare point core/iregfile/regfile_reg[4][37] failed (is not equivalent)
    Compare point core/iregfile/regfile_reg[4][36] failed (is not equivalent)
    Compare point core/iregfile/regfile_reg[4][35] failed (is not equivalent)
    Compare point core/iregfile/regfile_reg[4][34] failed (is not equivalent)
    Compare point core/iregfile/regfile_reg[4][33] failed (is not equivalent)
    Compare point core/iregfile/regfile_reg[4][32] failed (is not equivalent)
    Compare point core/iregfile/regfile_reg[4][31] failed (is not equivalent)
    Compare point core/iregfile/regfile_reg[4][30] failed (is not equivalent)
    Compare point core/iregfile/regfile_reg[4][2] failed (is not equivalent)
    Compare point core/iregfile/regfile_reg[4][29] failed (is not equivalent)
    Compare point core/iregfile/regfile_reg[4][28] failed (is not equivalent)
    Compare point core/iregfile/regfile_reg[4][27] failed (is not equivalent)
    Compare point core/iregfile/regfile_reg[4][26] failed (is not equivalent)
    Compare point core/iregfile/regfile_reg[4][25] failed (is not equivalent)
    Compare point core/iregfile/regfile_reg[4][24] failed (is not equivalent)
    Compare point core/iregfile/regfile_reg[4][23] failed (is not equivalent)
    Compare point core/iregfile/regfile_reg[4][22] failed (is not equivalent)
    Compare point core/iregfile/regfile_reg[4][21] failed (is not equivalent)
    Compare point core/iregfile/regfile_reg[4][20] failed (is not equivalent)
    Compare point core/iregfile/regfile_reg[4][1] failed (is not equivalent)
    Compare point core/iregfile/regfile_reg[4][19] failed (is not equivalent)
    Compare point core/iregfile/regfile_reg[4][18] failed (is not equivalent)
    Compare point core/iregfile/regfile_reg[4][17] failed (is not equivalent)
    Compare point core/iregfile/regfile_reg[4][16] failed (is not equivalent)
    Compare point core/iregfile/regfile_reg[4][15] failed (is not equivalent)
    Compare point core/iregfile/regfile_reg[4][14] failed (is not equivalent)
    Compare point core/iregfile/regfile_reg[4][13] failed (is not equivalent)
    Compare point core/iregfile/regfile_reg[4][12] failed (is not equivalent)
    Compare point core/iregfile/regfile_reg[4][11] failed (is not equivalent)
    Compare point core/iregfile/regfile_reg[4][0] failed (is not equivalent)
.
    Compare point core/iregfile/regfile_reg[50][0] failed (is not equivalent)
    Compare point core/iregfile/regfile_reg[50][9] failed (is not equivalent)
    Compare point core/iregfile/regfile_reg[50][8] failed (is not equivalent)
    Compare point core/iregfile/regfile_reg[50][7] failed (is not equivalent)
    Compare point core/iregfile/regfile_reg[50][6] failed (is not equivalent)
    Compare point core/iregfile/regfile_reg[50][63] failed (is not equivalent)
    Compare point core/iregfile/regfile_reg[50][62] failed (is not equivalent)
    Compare point core/iregfile/regfile_reg[50][61] failed (is not equivalent)
    Compare point core/iregfile/regfile_reg[50][60] failed (is not equivalent)
    Compare point core/iregfile/regfile_reg[50][5] failed (is not equivalent)
    Compare point core/iregfile/regfile_reg[50][59] failed (is not equivalent)
    Compare point core/iregfile/regfile_reg[50][58] failed (is not equivalent)
    Compare point core/iregfile/regfile_reg[50][57] failed (is not equivalent)
    Compare point core/iregfile/regfile_reg[50][56] failed (is not equivalent)
    Compare point core/iregfile/regfile_reg[50][55] failed (is not equivalent)
    Compare point core/iregfile/regfile_reg[50][54] failed (is not equivalent)
    Compare point core/iregfile/regfile_reg[50][53] failed (is not equivalent)
    Compare point core/iregfile/regfile_reg[50][52] failed (is not equivalent)
    Compare point core/iregfile/regfile_reg[50][51] failed (is not equivalent)
    Compare point core/iregfile/regfile_reg[50][50] failed (is not equivalent)
    Compare point core/iregfile/regfile_reg[50][4] failed (is not equivalent)
    Compare point core/iregfile/regfile_reg[50][49] failed (is not equivalent)
    Compare point core/iregfile/regfile_reg[50][48] failed (is not equivalent)
    Compare point core/iregfile/regfile_reg[50][47] failed (is not equivalent)
    Compare point core/iregfile/regfile_reg[50][46] failed (is not equivalent)
    Compare point core/iregfile/regfile_reg[50][45] failed (is not equivalent)
    Compare point core/iregfile/regfile_reg[50][44] failed (is not equivalent)
    Compare point core/iregfile/regfile_reg[50][43] failed (is not equivalent)
    Compare point core/iregfile/regfile_reg[50][42] failed (is not equivalent)
    Compare point core/iregfile/regfile_reg[50][41] failed (is not equivalent)
    Compare point core/iregfile/regfile_reg[50][40] failed (is not equivalent)
    Compare point core/iregfile/regfile_reg[50][3] failed (is not equivalent)
    Compare point core/iregfile/regfile_reg[50][39] failed (is not equivalent)
    Compare point core/iregfile/regfile_reg[50][38] failed (is not equivalent)
    Compare point core/iregfile/regfile_reg[50][37] failed (is not equivalent)
    Compare point core/iregfile/regfile_reg[50][36] failed (is not equivalent)
    Compare point core/iregfile/regfile_reg[50][35] failed (is not equivalent)
    Compare point core/iregfile/regfile_reg[50][34] failed (is not equivalent)
    Compare point core/iregfile/regfile_reg[50][33] failed (is not equivalent)
    Compare point core/iregfile/regfile_reg[50][32] failed (is not equivalent)
    Compare point core/iregfile/regfile_reg[50][31] failed (is not equivalent)
    Compare point core/iregfile/regfile_reg[50][30] failed (is not equivalent)
    Compare point core/iregfile/regfile_reg[50][2] failed (is not equivalent)
    Compare point core/iregfile/regfile_reg[50][29] failed (is not equivalent)
    Compare point core/iregfile/regfile_reg[50][28] failed (is not equivalent)
    Compare point core/iregfile/regfile_reg[50][27] failed (is not equivalent)
    Compare point core/iregfile/regfile_reg[50][26] failed (is not equivalent)
    Compare point core/iregfile/regfile_reg[50][25] failed (is not equivalent)
    Compare point core/iregfile/regfile_reg[50][24] failed (is not equivalent)
    Compare point core/iregfile/regfile_reg[50][23] failed (is not equivalent)
    Compare point core/iregfile/regfile_reg[50][22] failed (is not equivalent)
    Compare point core/iregfile/regfile_reg[50][21] failed (is not equivalent)
    Compare point core/iregfile/regfile_reg[50][20] failed (is not equivalent)
    Compare point core/iregfile/regfile_reg[50][1] failed (is not equivalent)
    Compare point core/iregfile/regfile_reg[50][19] failed (is not equivalent)
    Compare point core/iregfile/regfile_reg[50][18] failed (is not equivalent)
    Compare point core/iregfile/regfile_reg[50][17] failed (is not equivalent)
    Compare point core/iregfile/regfile_reg[50][16] failed (is not equivalent)
    Compare point core/iregfile/regfile_reg[50][15] failed (is not equivalent)
    Compare point core/iregfile/regfile_reg[50][14] failed (is not equivalent)
    Compare point core/iregfile/regfile_reg[50][13] failed (is not equivalent)
    Compare point core/iregfile/regfile_reg[50][12] failed (is not equivalent)
    Compare point core/iregfile/regfile_reg[50][11] failed (is not equivalent)
    Compare point core/iregfile/regfile_reg[50][10] failed (is not equivalent)
    Compare point core/iregfile/regfile_reg[51][0] failed (is not equivalent)
    Compare point core/iregfile/regfile_reg[51][9] failed (is not equivalent)
    Compare point core/iregfile/regfile_reg[51][8] failed (is not equivalent)
    Compare point core/iregfile/regfile_reg[51][7] failed (is not equivalent)
    Compare point core/iregfile/regfile_reg[51][6] failed (is not equivalent)
    Compare point core/iregfile/regfile_reg[51][63] failed (is not equivalent)
    Compare point core/iregfile/regfile_reg[51][62] failed (is not equivalent)
    Compare point core/iregfile/regfile_reg[51][61] failed (is not equivalent)
    Compare point core/iregfile/regfile_reg[51][60] failed (is not equivalent)
    Compare point core/iregfile/regfile_reg[51][5] failed (is not equivalent)
    Compare point core/iregfile/regfile_reg[51][59] failed (is not equivalent)
    Compare point core/iregfile/regfile_reg[51][58] failed (is not equivalent)
    Compare point core/iregfile/regfile_reg[51][57] failed (is not equivalent)
    Compare point core/iregfile/regfile_reg[51][56] failed (is not equivalent)
    Compare point core/iregfile/regfile_reg[51][55] failed (is not equivalent)
    Compare point core/iregfile/regfile_reg[51][54] failed (is not equivalent)
    Compare point core/iregfile/regfile_reg[51][53] failed (is not equivalent)
    Compare point core/iregfile/regfile_reg[51][52] failed (is not equivalent)
    Compare point core/iregfile/regfile_reg[51][51] failed (is not equivalent)
    Compare point core/iregfile/regfile_reg[51][50] failed (is not equivalent)
    Compare point core/iregfile/regfile_reg[51][4] failed (is not equivalent)
    Compare point core/iregfile/regfile_reg[51][49] failed (is not equivalent)
    Compare point core/iregfile/regfile_reg[51][48] failed (is not equivalent)
    Compare point core/iregfile/regfile_reg[51][47] failed (is not equivalent)
    Compare point core/iregfile/regfile_reg[51][46] failed (is not equivalent)
    Compare point core/iregfile/regfile_reg[51][45] failed (is not equivalent)
    Compare point core/iregfile/regfile_reg[51][44] failed (is not equivalent)
    Compare point core/iregfile/regfile_reg[51][43] failed (is not equivalent)
    Compare point core/iregfile/regfile_reg[51][42] failed (is not equivalent)
    Compare point core/iregfile/regfile_reg[51][41] failed (is not equivalent)
    Compare point core/iregfile/regfile_reg[51][40] failed (is not equivalent)
    Compare point core/iregfile/regfile_reg[51][3] failed (is not equivalent)
    Compare point core/iregfile/regfile_reg[51][39] failed (is not equivalent)
    Compare point core/iregfile/regfile_reg[51][38] failed (is not equivalent)
    Compare point core/iregfile/regfile_reg[51][37] failed (is not equivalent)
    Compare point core/iregfile/regfile_reg[51][36] failed (is not equivalent)
    Compare point core/iregfile/regfile_reg[51][35] failed (is not equivalent)
    Compare point core/iregfile/regfile_reg[51][34] failed (is not equivalent)
    Compare point core/iregfile/regfile_reg[51][33] failed (is not equivalent)
    Compare point core/iregfile/regfile_reg[51][32] failed (is not equivalent)
    Compare point core/iregfile/regfile_reg[51][31] failed (is not equivalent)
    Compare point core/iregfile/regfile_reg[51][30] failed (is not equivalent)
    Compare point core/iregfile/regfile_reg[51][2] failed (is not equivalent)
    Compare point core/iregfile/regfile_reg[51][29] failed (is not equivalent)
    Compare point core/iregfile/regfile_reg[51][28] failed (is not equivalent)
    Compare point core/iregfile/regfile_reg[51][27] failed (is not equivalent)
    Compare point core/iregfile/regfile_reg[51][26] failed (is not equivalent)
    Compare point core/iregfile/regfile_reg[51][25] failed (is not equivalent)
    Compare point core/iregfile/regfile_reg[51][24] failed (is not equivalent)
    Compare point core/iregfile/regfile_reg[51][23] failed (is not equivalent)
    Compare point core/iregfile/regfile_reg[51][22] failed (is not equivalent)
    Compare point core/iregfile/regfile_reg[51][21] failed (is not equivalent)
    Compare point core/iregfile/regfile_reg[51][20] failed (is not equivalent)
    Compare point core/iregfile/regfile_reg[51][1] failed (is not equivalent)
    Compare point core/iregfile/regfile_reg[51][19] failed (is not equivalent)
    Compare point core/iregfile/regfile_reg[51][18] failed (is not equivalent)
    Compare point core/iregfile/regfile_reg[51][17] failed (is not equivalent)
    Compare point core/iregfile/regfile_reg[51][16] failed (is not equivalent)
    Compare point core/iregfile/regfile_reg[51][15] failed (is not equivalent)
    Compare point core/iregfile/regfile_reg[51][14] failed (is not equivalent)
    Compare point core/iregfile/regfile_reg[51][13] failed (is not equivalent)
    Compare point core/iregfile/regfile_reg[51][12] failed (is not equivalent)
    Compare point core/iregfile/regfile_reg[51][11] failed (is not equivalent)
    Compare point core/iregfile/regfile_reg[51][10] failed (is not equivalent)
    Compare point core/iregfile/regfile_reg[52][11] failed (is not equivalent)
    Compare point core/iregfile/regfile_reg[52][9] failed (is not equivalent)
    Compare point core/iregfile/regfile_reg[52][8] failed (is not equivalent)
    Compare point core/iregfile/regfile_reg[52][7] failed (is not equivalent)
    Compare point core/iregfile/regfile_reg[52][6] failed (is not equivalent)
    Compare point core/iregfile/regfile_reg[52][63] failed (is not equivalent)
    Compare point core/iregfile/regfile_reg[52][62] failed (is not equivalent)
    Compare point core/iregfile/regfile_reg[52][61] failed (is not equivalent)
    Compare point core/iregfile/regfile_reg[52][60] failed (is not equivalent)
    Compare point core/iregfile/regfile_reg[52][5] failed (is not equivalent)
    Compare point core/iregfile/regfile_reg[52][59] failed (is not equivalent)
    Compare point core/iregfile/regfile_reg[52][58] failed (is not equivalent)
    Compare point core/iregfile/regfile_reg[52][57] failed (is not equivalent)
    Compare point core/iregfile/regfile_reg[52][56] failed (is not equivalent)
    Compare point core/iregfile/regfile_reg[52][55] failed (is not equivalent)
    Compare point core/iregfile/regfile_reg[52][54] failed (is not equivalent)
    Compare point core/iregfile/regfile_reg[52][53] failed (is not equivalent)
    Compare point core/iregfile/regfile_reg[52][52] failed (is not equivalent)
    Compare point core/iregfile/regfile_reg[52][51] failed (is not equivalent)
    Compare point core/iregfile/regfile_reg[52][50] failed (is not equivalent)
    Compare point core/iregfile/regfile_reg[52][4] failed (is not equivalent)
    Compare point core/iregfile/regfile_reg[52][49] failed (is not equivalent)
    Compare point core/iregfile/regfile_reg[52][48] failed (is not equivalent)
    Compare point core/iregfile/regfile_reg[52][47] failed (is not equivalent)
    Compare point core/iregfile/regfile_reg[52][46] failed (is not equivalent)
    Compare point core/iregfile/regfile_reg[52][45] failed (is not equivalent)
    Compare point core/iregfile/regfile_reg[52][44] failed (is not equivalent)
    Compare point core/iregfile/regfile_reg[52][43] failed (is not equivalent)
    Compare point core/iregfile/regfile_reg[52][42] failed (is not equivalent)
    Compare point core/iregfile/regfile_reg[52][41] failed (is not equivalent)
    Compare point core/iregfile/regfile_reg[52][40] failed (is not equivalent)
    Compare point core/iregfile/regfile_reg[52][3] failed (is not equivalent)
    Compare point core/iregfile/regfile_reg[52][39] failed (is not equivalent)
    Compare point core/iregfile/regfile_reg[52][38] failed (is not equivalent)
    Compare point core/iregfile/regfile_reg[52][37] failed (is not equivalent)
    Compare point core/iregfile/regfile_reg[52][36] failed (is not equivalent)
    Compare point core/iregfile/regfile_reg[52][35] failed (is not equivalent)
    Compare point core/iregfile/regfile_reg[52][34] failed (is not equivalent)
    Compare point core/iregfile/regfile_reg[52][33] failed (is not equivalent)
    Compare point core/iregfile/regfile_reg[52][32] failed (is not equivalent)
    Compare point core/iregfile/regfile_reg[52][31] failed (is not equivalent)
    Compare point core/iregfile/regfile_reg[52][30] failed (is not equivalent)
    Compare point core/iregfile/regfile_reg[52][2] failed (is not equivalent)
    Compare point core/iregfile/regfile_reg[52][29] failed (is not equivalent)
    Compare point core/iregfile/regfile_reg[52][28] failed (is not equivalent)
    Compare point core/iregfile/regfile_reg[52][27] failed (is not equivalent)
    Compare point core/iregfile/regfile_reg[52][26] failed (is not equivalent)
    Compare point core/iregfile/regfile_reg[52][25] failed (is not equivalent)
    Compare point core/iregfile/regfile_reg[52][24] failed (is not equivalent)
    Compare point core/iregfile/regfile_reg[52][23] failed (is not equivalent)
    Compare point core/iregfile/regfile_reg[52][22] failed (is not equivalent)
    Compare point core/iregfile/regfile_reg[52][21] failed (is not equivalent)
    Compare point core/iregfile/regfile_reg[52][20] failed (is not equivalent)
    Compare point core/iregfile/regfile_reg[52][1] failed (is not equivalent)
    Compare point core/iregfile/regfile_reg[52][19] failed (is not equivalent)
    Compare point core/iregfile/regfile_reg[52][18] failed (is not equivalent)
    Compare point core/iregfile/regfile_reg[52][17] failed (is not equivalent)
    Compare point core/iregfile/regfile_reg[52][16] failed (is not equivalent)
    Compare point core/iregfile/regfile_reg[52][15] failed (is not equivalent)
    Compare point core/iregfile/regfile_reg[52][14] failed (is not equivalent)
    Compare point core/iregfile/regfile_reg[52][13] failed (is not equivalent)
    Compare point core/iregfile/regfile_reg[52][12] failed (is not equivalent)
    Compare point core/iregfile/regfile_reg[52][10] failed (is not equivalent)
    Compare point core/iregfile/regfile_reg[52][0] failed (is not equivalent)
    Compare point core/iregfile/regfile_reg[53][11] failed (is not equivalent)
    Compare point core/iregfile/regfile_reg[53][9] failed (is not equivalent)
    Compare point core/iregfile/regfile_reg[53][8] failed (is not equivalent)
    Compare point core/iregfile/regfile_reg[53][7] failed (is not equivalent)
    Compare point core/iregfile/regfile_reg[53][6] failed (is not equivalent)
    Compare point core/iregfile/regfile_reg[53][63] failed (is not equivalent)
    Compare point core/iregfile/regfile_reg[53][62] failed (is not equivalent)
    Compare point core/iregfile/regfile_reg[53][61] failed (is not equivalent)
    Compare point core/iregfile/regfile_reg[53][60] failed (is not equivalent)
    Compare point core/iregfile/regfile_reg[53][5] failed (is not equivalent)
    Compare point core/iregfile/regfile_reg[53][59] failed (is not equivalent)
    Compare point core/iregfile/regfile_reg[53][58] failed (is not equivalent)
    Compare point core/iregfile/regfile_reg[53][57] failed (is not equivalent)
    Compare point core/iregfile/regfile_reg[53][56] failed (is not equivalent)
    Compare point core/iregfile/regfile_reg[53][55] failed (is not equivalent)
    Compare point core/iregfile/regfile_reg[53][54] failed (is not equivalent)
    Compare point core/iregfile/regfile_reg[53][53] failed (is not equivalent)
    Compare point core/iregfile/regfile_reg[53][52] failed (is not equivalent)
    Compare point core/iregfile/regfile_reg[53][51] failed (is not equivalent)
    Compare point core/iregfile/regfile_reg[53][50] failed (is not equivalent)
    Compare point core/iregfile/regfile_reg[53][4] failed (is not equivalent)
    Compare point core/iregfile/regfile_reg[53][49] failed (is not equivalent)
    Compare point core/iregfile/regfile_reg[53][48] failed (is not equivalent)
    Compare point core/iregfile/regfile_reg[53][47] failed (is not equivalent)
    Compare point core/iregfile/regfile_reg[53][46] failed (is not equivalent)
    Compare point core/iregfile/regfile_reg[53][45] failed (is not equivalent)
    Compare point core/iregfile/regfile_reg[53][44] failed (is not equivalent)
    Compare point core/iregfile/regfile_reg[53][43] failed (is not equivalent)
    Compare point core/iregfile/regfile_reg[53][42] failed (is not equivalent)
    Compare point core/iregfile/regfile_reg[53][41] failed (is not equivalent)
    Compare point core/iregfile/regfile_reg[53][40] failed (is not equivalent)
    Compare point core/iregfile/regfile_reg[53][3] failed (is not equivalent)
    Compare point core/iregfile/regfile_reg[53][39] failed (is not equivalent)
    Compare point core/iregfile/regfile_reg[53][38] failed (is not equivalent)
    Compare point core/iregfile/regfile_reg[53][37] failed (is not equivalent)
    Compare point core/iregfile/regfile_reg[53][36] failed (is not equivalent)
    Compare point core/iregfile/regfile_reg[53][35] failed (is not equivalent)
    Compare point core/iregfile/regfile_reg[53][34] failed (is not equivalent)
    Compare point core/iregfile/regfile_reg[53][33] failed (is not equivalent)
    Compare point core/iregfile/regfile_reg[53][32] failed (is not equivalent)
    Compare point core/iregfile/regfile_reg[53][31] failed (is not equivalent)
    Compare point core/iregfile/regfile_reg[53][30] failed (is not equivalent)
    Compare point core/iregfile/regfile_reg[53][2] failed (is not equivalent)
    Compare point core/iregfile/regfile_reg[53][29] failed (is not equivalent)
    Compare point core/iregfile/regfile_reg[53][28] failed (is not equivalent)
    Compare point core/iregfile/regfile_reg[53][27] failed (is not equivalent)
    Compare point core/iregfile/regfile_reg[53][26] failed (is not equivalent)
    Compare point core/iregfile/regfile_reg[53][25] failed (is not equivalent)
    Compare point core/iregfile/regfile_reg[53][24] failed (is not equivalent)
    Compare point core/iregfile/regfile_reg[53][23] failed (is not equivalent)
    Compare point core/iregfile/regfile_reg[53][22] failed (is not equivalent)
    Compare point core/iregfile/regfile_reg[53][21] failed (is not equivalent)
    Compare point core/iregfile/regfile_reg[53][20] failed (is not equivalent)
    Compare point core/iregfile/regfile_reg[53][1] failed (is not equivalent)
    Compare point core/iregfile/regfile_reg[53][19] failed (is not equivalent)
    Compare point core/iregfile/regfile_reg[53][18] failed (is not equivalent)
    Compare point core/iregfile/regfile_reg[53][17] failed (is not equivalent)
    Compare point core/iregfile/regfile_reg[53][16] failed (is not equivalent)
    Compare point core/iregfile/regfile_reg[53][15] failed (is not equivalent)
    Compare point core/iregfile/regfile_reg[53][14] failed (is not equivalent)
    Compare point core/iregfile/regfile_reg[53][13] failed (is not equivalent)
    Compare point core/iregfile/regfile_reg[53][12] failed (is not equivalent)
    Compare point core/iregfile/regfile_reg[53][10] failed (is not equivalent)
    Compare point core/iregfile/regfile_reg[53][0] failed (is not equivalent)
    Compare point core/iregfile/regfile_reg[54][11] failed (is not equivalent)
    Compare point core/iregfile/regfile_reg[54][9] failed (is not equivalent)
    Compare point core/iregfile/regfile_reg[54][8] failed (is not equivalent)
    Compare point core/iregfile/regfile_reg[54][7] failed (is not equivalent)
    Compare point core/iregfile/regfile_reg[54][6] failed (is not equivalent)
    Compare point core/iregfile/regfile_reg[54][63] failed (is not equivalent)
    Compare point core/iregfile/regfile_reg[54][62] failed (is not equivalent)
    Compare point core/iregfile/regfile_reg[54][61] failed (is not equivalent)
    Compare point core/iregfile/regfile_reg[54][60] failed (is not equivalent)
    Compare point core/iregfile/regfile_reg[54][5] failed (is not equivalent)
    Compare point core/iregfile/regfile_reg[54][59] failed (is not equivalent)
    Compare point core/iregfile/regfile_reg[54][58] failed (is not equivalent)
    Compare point core/iregfile/regfile_reg[54][57] failed (is not equivalent)
    Compare point core/iregfile/regfile_reg[54][56] failed (is not equivalent)
    Compare point core/iregfile/regfile_reg[54][55] failed (is not equivalent)
    Compare point core/iregfile/regfile_reg[54][54] failed (is not equivalent)
    Compare point core/iregfile/regfile_reg[54][53] failed (is not equivalent)
    Compare point core/iregfile/regfile_reg[54][52] failed (is not equivalent)
    Compare point core/iregfile/regfile_reg[54][51] failed (is not equivalent)
    Compare point core/iregfile/regfile_reg[54][50] failed (is not equivalent)
    Compare point core/iregfile/regfile_reg[54][4] failed (is not equivalent)
    Compare point core/iregfile/regfile_reg[54][49] failed (is not equivalent)
    Compare point core/iregfile/regfile_reg[54][48] failed (is not equivalent)
    Compare point core/iregfile/regfile_reg[54][47] failed (is not equivalent)
    Compare point core/iregfile/regfile_reg[54][46] failed (is not equivalent)
    Compare point core/iregfile/regfile_reg[54][45] failed (is not equivalent)
    Compare point core/iregfile/regfile_reg[54][44] failed (is not equivalent)
    Compare point core/iregfile/regfile_reg[54][43] failed (is not equivalent)
    Compare point core/iregfile/regfile_reg[54][42] failed (is not equivalent)
    Compare point core/iregfile/regfile_reg[54][41] failed (is not equivalent)
    Compare point core/iregfile/regfile_reg[54][40] failed (is not equivalent)
    Compare point core/iregfile/regfile_reg[54][3] failed (is not equivalent)
    Compare point core/iregfile/regfile_reg[54][39] failed (is not equivalent)
    Compare point core/iregfile/regfile_reg[54][38] failed (is not equivalent)
    Compare point core/iregfile/regfile_reg[54][37] failed (is not equivalent)
    Compare point core/iregfile/regfile_reg[54][36] failed (is not equivalent)
    Compare point core/iregfile/regfile_reg[54][35] failed (is not equivalent)
    Compare point core/iregfile/regfile_reg[54][34] failed (is not equivalent)
    Compare point core/iregfile/regfile_reg[54][33] failed (is not equivalent)
    Compare point core/iregfile/regfile_reg[54][32] failed (is not equivalent)
    Compare point core/iregfile/regfile_reg[54][31] failed (is not equivalent)
    Compare point core/iregfile/regfile_reg[54][30] failed (is not equivalent)
    Compare point core/iregfile/regfile_reg[54][2] failed (is not equivalent)
    Compare point core/iregfile/regfile_reg[54][29] failed (is not equivalent)
    Compare point core/iregfile/regfile_reg[54][28] failed (is not equivalent)
    Compare point core/iregfile/regfile_reg[54][27] failed (is not equivalent)
    Compare point core/iregfile/regfile_reg[54][26] failed (is not equivalent)
    Compare point core/iregfile/regfile_reg[54][25] failed (is not equivalent)
    Compare point core/iregfile/regfile_reg[54][24] failed (is not equivalent)
    Compare point core/iregfile/regfile_reg[54][23] failed (is not equivalent)
    Compare point core/iregfile/regfile_reg[54][22] failed (is not equivalent)
    Compare point core/iregfile/regfile_reg[54][21] failed (is not equivalent)
    Compare point core/iregfile/regfile_reg[54][20] failed (is not equivalent)
    Compare point core/iregfile/regfile_reg[54][1] failed (is not equivalent)
    Compare point core/iregfile/regfile_reg[54][19] failed (is not equivalent)
    Compare point core/iregfile/regfile_reg[54][18] failed (is not equivalent)
    Compare point core/iregfile/regfile_reg[54][17] failed (is not equivalent)
    Compare point core/iregfile/regfile_reg[54][16] failed (is not equivalent)
    Compare point core/iregfile/regfile_reg[54][15] failed (is not equivalent)
    Compare point core/iregfile/regfile_reg[54][14] failed (is not equivalent)
    Compare point core/iregfile/regfile_reg[54][13] failed (is not equivalent)
    Compare point core/iregfile/regfile_reg[54][12] failed (is not equivalent)
    Compare point core/iregfile/regfile_reg[54][10] failed (is not equivalent)
    Compare point core/iregfile/regfile_reg[54][0] failed (is not equivalent)
    Compare point core/iregfile/regfile_reg[56][9] failed (is not equivalent)
    Compare point core/iregfile/regfile_reg[56][8] failed (is not equivalent)
    Compare point core/iregfile/regfile_reg[56][6] failed (is not equivalent)
    Compare point core/iregfile/regfile_reg[56][63] failed (is not equivalent)
    Compare point core/iregfile/regfile_reg[56][62] failed (is not equivalent)
    Compare point core/iregfile/regfile_reg[56][61] failed (is not equivalent)
    Compare point core/iregfile/regfile_reg[56][60] failed (is not equivalent)
    Compare point core/iregfile/regfile_reg[56][5] failed (is not equivalent)
    Compare point core/iregfile/regfile_reg[56][59] failed (is not equivalent)
    Compare point core/iregfile/regfile_reg[56][58] failed (is not equivalent)
    Compare point core/iregfile/regfile_reg[56][57] failed (is not equivalent)
    Compare point core/iregfile/regfile_reg[56][56] failed (is not equivalent)
    Compare point core/iregfile/regfile_reg[56][55] failed (is not equivalent)
    Compare point core/iregfile/regfile_reg[56][54] failed (is not equivalent)
    Compare point core/iregfile/regfile_reg[56][53] failed (is not equivalent)
    Compare point core/iregfile/regfile_reg[56][52] failed (is not equivalent)
    Compare point core/iregfile/regfile_reg[56][51] failed (is not equivalent)
    Compare point core/iregfile/regfile_reg[56][50] failed (is not equivalent)
    Compare point core/iregfile/regfile_reg[56][4] failed (is not equivalent)
    Compare point core/iregfile/regfile_reg[56][49] failed (is not equivalent)
    Compare point core/iregfile/regfile_reg[56][48] failed (is not equivalent)
    Compare point core/iregfile/regfile_reg[56][47] failed (is not equivalent)
    Compare point core/iregfile/regfile_reg[56][46] failed (is not equivalent)
    Compare point core/iregfile/regfile_reg[56][45] failed (is not equivalent)
    Compare point core/iregfile/regfile_reg[56][44] failed (is not equivalent)
    Compare point core/iregfile/regfile_reg[56][43] failed (is not equivalent)
    Compare point core/iregfile/regfile_reg[56][42] failed (is not equivalent)
    Compare point core/iregfile/regfile_reg[56][41] failed (is not equivalent)
    Compare point core/iregfile/regfile_reg[56][40] failed (is not equivalent)
    Compare point core/iregfile/regfile_reg[56][3] failed (is not equivalent)
    Compare point core/iregfile/regfile_reg[56][39] failed (is not equivalent)
    Compare point core/iregfile/regfile_reg[56][38] failed (is not equivalent)
    Compare point core/iregfile/regfile_reg[56][37] failed (is not equivalent)
    Compare point core/iregfile/regfile_reg[56][36] failed (is not equivalent)
    Compare point core/iregfile/regfile_reg[56][35] failed (is not equivalent)
    Compare point core/iregfile/regfile_reg[56][34] failed (is not equivalent)
    Compare point core/iregfile/regfile_reg[56][33] failed (is not equivalent)
    Compare point core/iregfile/regfile_reg[56][32] failed (is not equivalent)
    Compare point core/iregfile/regfile_reg[56][31] failed (is not equivalent)
    Compare point core/iregfile/regfile_reg[56][30] failed (is not equivalent)
    Compare point core/iregfile/regfile_reg[56][2] failed (is not equivalent)
    Compare point core/iregfile/regfile_reg[56][29] failed (is not equivalent)
    Compare point core/iregfile/regfile_reg[56][28] failed (is not equivalent)
    Compare point core/iregfile/regfile_reg[56][27] failed (is not equivalent)
    Compare point core/iregfile/regfile_reg[56][26] failed (is not equivalent)
    Compare point core/iregfile/regfile_reg[56][25] failed (is not equivalent)
    Compare point core/iregfile/regfile_reg[56][24] failed (is not equivalent)
    Compare point core/iregfile/regfile_reg[56][23] failed (is not equivalent)
    Compare point core/iregfile/regfile_reg[56][22] failed (is not equivalent)
    Compare point core/iregfile/regfile_reg[56][21] failed (is not equivalent)
    Compare point core/iregfile/regfile_reg[56][20] failed (is not equivalent)
    Compare point core/iregfile/regfile_reg[56][1] failed (is not equivalent)
    Compare point core/iregfile/regfile_reg[56][19] failed (is not equivalent)
    Compare point core/iregfile/regfile_reg[56][18] failed (is not equivalent)
    Compare point core/iregfile/regfile_reg[56][17] failed (is not equivalent)
    Compare point core/iregfile/regfile_reg[56][16] failed (is not equivalent)
    Compare point core/iregfile/regfile_reg[56][15] failed (is not equivalent)
    Compare point core/iregfile/regfile_reg[56][14] failed (is not equivalent)
    Compare point core/iregfile/regfile_reg[56][13] failed (is not equivalent)
    Compare point core/iregfile/regfile_reg[56][11] failed (is not equivalent)
    Compare point core/iregfile/regfile_reg[56][10] failed (is not equivalent)
    Compare point core/iregfile/regfile_reg[56][0] failed (is not equivalent)
    Compare point core/iregfile/regfile_reg[56][12] failed (is not equivalent)
    Compare point core/iregfile/regfile_reg[56][7] failed (is not equivalent)
    Compare point core/iregfile/regfile_reg[57][55] failed (is not equivalent)
    Compare point core/iregfile/regfile_reg[57][48] failed (is not equivalent)
    Compare point core/iregfile/regfile_reg[57][54] failed (is not equivalent)
    Compare point core/iregfile/regfile_reg[57][53] failed (is not equivalent)
    Compare point core/iregfile/regfile_reg[57][62] failed (is not equivalent)
    Compare point core/iregfile/regfile_reg[57][45] failed (is not equivalent)
    Compare point core/iregfile/regfile_reg[57][21] failed (is not equivalent)
    Compare point core/iregfile/regfile_reg[57][28] failed (is not equivalent)
    Compare point core/iregfile/regfile_reg[57][9] failed (is not equivalent)
    Compare point core/iregfile/regfile_reg[57][8] failed (is not equivalent)
    Compare point core/iregfile/regfile_reg[57][7] failed (is not equivalent)
    Compare point core/iregfile/regfile_reg[57][6] failed (is not equivalent)
    Compare point core/iregfile/regfile_reg[57][63] failed (is not equivalent)
    Compare point core/iregfile/regfile_reg[57][61] failed (is not equivalent)
    Compare point core/iregfile/regfile_reg[57][60] failed (is not equivalent)
    Compare point core/iregfile/regfile_reg[57][5] failed (is not equivalent)
    Compare point core/iregfile/regfile_reg[57][59] failed (is not equivalent)
    Compare point core/iregfile/regfile_reg[57][58] failed (is not equivalent)
    Compare point core/iregfile/regfile_reg[57][57] failed (is not equivalent)
    Compare point core/iregfile/regfile_reg[57][56] failed (is not equivalent)
    Compare point core/iregfile/regfile_reg[57][52] failed (is not equivalent)
    Compare point core/iregfile/regfile_reg[57][51] failed (is not equivalent)
    Compare point core/iregfile/regfile_reg[57][50] failed (is not equivalent)
    Compare point core/iregfile/regfile_reg[57][4] failed (is not equivalent)
    Compare point core/iregfile/regfile_reg[57][49] failed (is not equivalent)
    Compare point core/iregfile/regfile_reg[57][47] failed (is not equivalent)
    Compare point core/iregfile/regfile_reg[57][46] failed (is not equivalent)
    Compare point core/iregfile/regfile_reg[57][44] failed (is not equivalent)
    Compare point core/iregfile/regfile_reg[57][43] failed (is not equivalent)
    Compare point core/iregfile/regfile_reg[57][42] failed (is not equivalent)
    Compare point core/iregfile/regfile_reg[57][41] failed (is not equivalent)
    Compare point core/iregfile/regfile_reg[57][40] failed (is not equivalent)
    Compare point core/iregfile/regfile_reg[57][39] failed (is not equivalent)
    Compare point core/iregfile/regfile_reg[57][38] failed (is not equivalent)
    Compare point core/iregfile/regfile_reg[57][37] failed (is not equivalent)
    Compare point core/iregfile/regfile_reg[57][36] failed (is not equivalent)
    Compare point core/iregfile/regfile_reg[57][35] failed (is not equivalent)
    Compare point core/iregfile/regfile_reg[57][34] failed (is not equivalent)
    Compare point core/iregfile/regfile_reg[57][33] failed (is not equivalent)
    Compare point core/iregfile/regfile_reg[57][32] failed (is not equivalent)
    Compare point core/iregfile/regfile_reg[57][31] failed (is not equivalent)
    Compare point core/iregfile/regfile_reg[57][30] failed (is not equivalent)
    Compare point core/iregfile/regfile_reg[57][2] failed (is not equivalent)
    Compare point core/iregfile/regfile_reg[57][29] failed (is not equivalent)
    Compare point core/iregfile/regfile_reg[57][27] failed (is not equivalent)
    Compare point core/iregfile/regfile_reg[57][26] failed (is not equivalent)
    Compare point core/iregfile/regfile_reg[57][25] failed (is not equivalent)
    Compare point core/iregfile/regfile_reg[57][24] failed (is not equivalent)
    Compare point core/iregfile/regfile_reg[57][23] failed (is not equivalent)
    Compare point core/iregfile/regfile_reg[57][22] failed (is not equivalent)
    Compare point core/iregfile/regfile_reg[57][20] failed (is not equivalent)
    Compare point core/iregfile/regfile_reg[57][1] failed (is not equivalent)
    Compare point core/iregfile/regfile_reg[57][19] failed (is not equivalent)
    Compare point core/iregfile/regfile_reg[57][18] failed (is not equivalent)
    Compare point core/iregfile/regfile_reg[57][17] failed (is not equivalent)
    Compare point core/iregfile/regfile_reg[57][16] failed (is not equivalent)
    Compare point core/iregfile/regfile_reg[57][15] failed (is not equivalent)
    Compare point core/iregfile/regfile_reg[57][14] failed (is not equivalent)
    Compare point core/iregfile/regfile_reg[57][13] failed (is not equivalent)
    Compare point core/iregfile/regfile_reg[57][12] failed (is not equivalent)
    Compare point core/iregfile/regfile_reg[57][11] failed (is not equivalent)
    Compare point core/iregfile/regfile_reg[57][10] failed (is not equivalent)
    Compare point core/iregfile/regfile_reg[57][0] failed (is not equivalent)
    Compare point core/iregfile/regfile_reg[57][3] failed (is not equivalent)
    Compare point core/iregfile/regfile_reg[58][0] failed (is not equivalent)
    Compare point core/iregfile/regfile_reg[58][9] failed (is not equivalent)
    Compare point core/iregfile/regfile_reg[58][8] failed (is not equivalent)
    Compare point core/iregfile/regfile_reg[58][7] failed (is not equivalent)
    Compare point core/iregfile/regfile_reg[58][6] failed (is not equivalent)
    Compare point core/iregfile/regfile_reg[58][63] failed (is not equivalent)
    Compare point core/iregfile/regfile_reg[58][62] failed (is not equivalent)
    Compare point core/iregfile/regfile_reg[58][61] failed (is not equivalent)
    Compare point core/iregfile/regfile_reg[58][60] failed (is not equivalent)
    Compare point core/iregfile/regfile_reg[58][5] failed (is not equivalent)
    Compare point core/iregfile/regfile_reg[58][59] failed (is not equivalent)
    Compare point core/iregfile/regfile_reg[58][58] failed (is not equivalent)
    Compare point core/iregfile/regfile_reg[58][57] failed (is not equivalent)
    Compare point core/iregfile/regfile_reg[58][56] failed (is not equivalent)
    Compare point core/iregfile/regfile_reg[58][55] failed (is not equivalent)
    Compare point core/iregfile/regfile_reg[58][54] failed (is not equivalent)
    Compare point core/iregfile/regfile_reg[58][53] failed (is not equivalent)
    Compare point core/iregfile/regfile_reg[58][52] failed (is not equivalent)
    Compare point core/iregfile/regfile_reg[58][51] failed (is not equivalent)
    Compare point core/iregfile/regfile_reg[58][50] failed (is not equivalent)
    Compare point core/iregfile/regfile_reg[58][4] failed (is not equivalent)
    Compare point core/iregfile/regfile_reg[58][49] failed (is not equivalent)
    Compare point core/iregfile/regfile_reg[58][48] failed (is not equivalent)
    Compare point core/iregfile/regfile_reg[58][47] failed (is not equivalent)
    Compare point core/iregfile/regfile_reg[58][46] failed (is not equivalent)
    Compare point core/iregfile/regfile_reg[58][45] failed (is not equivalent)
    Compare point core/iregfile/regfile_reg[58][44] failed (is not equivalent)
    Compare point core/iregfile/regfile_reg[58][43] failed (is not equivalent)
    Compare point core/iregfile/regfile_reg[58][42] failed (is not equivalent)
    Compare point core/iregfile/regfile_reg[58][41] failed (is not equivalent)
    Compare point core/iregfile/regfile_reg[58][40] failed (is not equivalent)
    Compare point core/iregfile/regfile_reg[58][3] failed (is not equivalent)
    Compare point core/iregfile/regfile_reg[58][39] failed (is not equivalent)
    Compare point core/iregfile/regfile_reg[58][38] failed (is not equivalent)
    Compare point core/iregfile/regfile_reg[58][37] failed (is not equivalent)
    Compare point core/iregfile/regfile_reg[58][36] failed (is not equivalent)
    Compare point core/iregfile/regfile_reg[58][35] failed (is not equivalent)
    Compare point core/iregfile/regfile_reg[58][34] failed (is not equivalent)
    Compare point core/iregfile/regfile_reg[58][33] failed (is not equivalent)
    Compare point core/iregfile/regfile_reg[58][32] failed (is not equivalent)
    Compare point core/iregfile/regfile_reg[58][31] failed (is not equivalent)
    Compare point core/iregfile/regfile_reg[58][30] failed (is not equivalent)
    Compare point core/iregfile/regfile_reg[58][2] failed (is not equivalent)
    Compare point core/iregfile/regfile_reg[58][29] failed (is not equivalent)
    Compare point core/iregfile/regfile_reg[58][28] failed (is not equivalent)
    Compare point core/iregfile/regfile_reg[58][27] failed (is not equivalent)
    Compare point core/iregfile/regfile_reg[58][26] failed (is not equivalent)
    Compare point core/iregfile/regfile_reg[58][25] failed (is not equivalent)
    Compare point core/iregfile/regfile_reg[58][24] failed (is not equivalent)
    Compare point core/iregfile/regfile_reg[58][23] failed (is not equivalent)
    Compare point core/iregfile/regfile_reg[58][22] failed (is not equivalent)
    Compare point core/iregfile/regfile_reg[58][21] failed (is not equivalent)
    Compare point core/iregfile/regfile_reg[58][20] failed (is not equivalent)
    Compare point core/iregfile/regfile_reg[58][1] failed (is not equivalent)
    Compare point core/iregfile/regfile_reg[58][19] failed (is not equivalent)
    Compare point core/iregfile/regfile_reg[58][18] failed (is not equivalent)
    Compare point core/iregfile/regfile_reg[58][17] failed (is not equivalent)
    Compare point core/iregfile/regfile_reg[58][16] failed (is not equivalent)
    Compare point core/iregfile/regfile_reg[58][15] failed (is not equivalent)
    Compare point core/iregfile/regfile_reg[58][14] failed (is not equivalent)
    Compare point core/iregfile/regfile_reg[58][13] failed (is not equivalent)
    Compare point core/iregfile/regfile_reg[58][12] failed (is not equivalent)
    Compare point core/iregfile/regfile_reg[58][11] failed (is not equivalent)
    Compare point core/iregfile/regfile_reg[58][10] failed (is not equivalent)
    Compare point core/iregfile/regfile_reg[59][0] failed (is not equivalent)
    Compare point core/iregfile/regfile_reg[59][9] failed (is not equivalent)
    Compare point core/iregfile/regfile_reg[59][8] failed (is not equivalent)
    Compare point core/iregfile/regfile_reg[59][7] failed (is not equivalent)
    Compare point core/iregfile/regfile_reg[59][6] failed (is not equivalent)
    Compare point core/iregfile/regfile_reg[59][63] failed (is not equivalent)
    Compare point core/iregfile/regfile_reg[59][62] failed (is not equivalent)
    Compare point core/iregfile/regfile_reg[59][61] failed (is not equivalent)
    Compare point core/iregfile/regfile_reg[59][60] failed (is not equivalent)
    Compare point core/iregfile/regfile_reg[59][5] failed (is not equivalent)
    Compare point core/iregfile/regfile_reg[59][59] failed (is not equivalent)
    Compare point core/iregfile/regfile_reg[59][58] failed (is not equivalent)
    Compare point core/iregfile/regfile_reg[59][57] failed (is not equivalent)
    Compare point core/iregfile/regfile_reg[59][56] failed (is not equivalent)
    Compare point core/iregfile/regfile_reg[59][55] failed (is not equivalent)
    Compare point core/iregfile/regfile_reg[59][54] failed (is not equivalent)
    Compare point core/iregfile/regfile_reg[59][53] failed (is not equivalent)
    Compare point core/iregfile/regfile_reg[59][52] failed (is not equivalent)
    Compare point core/iregfile/regfile_reg[59][51] failed (is not equivalent)
    Compare point core/iregfile/regfile_reg[59][50] failed (is not equivalent)
    Compare point core/iregfile/regfile_reg[59][4] failed (is not equivalent)
    Compare point core/iregfile/regfile_reg[59][49] failed (is not equivalent)
    Compare point core/iregfile/regfile_reg[59][48] failed (is not equivalent)
    Compare point core/iregfile/regfile_reg[59][47] failed (is not equivalent)
    Compare point core/iregfile/regfile_reg[59][46] failed (is not equivalent)
    Compare point core/iregfile/regfile_reg[59][45] failed (is not equivalent)
    Compare point core/iregfile/regfile_reg[59][44] failed (is not equivalent)
    Compare point core/iregfile/regfile_reg[59][43] failed (is not equivalent)
    Compare point core/iregfile/regfile_reg[59][42] failed (is not equivalent)
    Compare point core/iregfile/regfile_reg[59][41] failed (is not equivalent)
    Compare point core/iregfile/regfile_reg[59][40] failed (is not equivalent)
    Compare point core/iregfile/regfile_reg[59][3] failed (is not equivalent)
    Compare point core/iregfile/regfile_reg[59][39] failed (is not equivalent)
    Compare point core/iregfile/regfile_reg[59][38] failed (is not equivalent)
    Compare point core/iregfile/regfile_reg[59][37] failed (is not equivalent)
    Compare point core/iregfile/regfile_reg[59][36] failed (is not equivalent)
    Compare point core/iregfile/regfile_reg[59][35] failed (is not equivalent)
    Compare point core/iregfile/regfile_reg[59][34] failed (is not equivalent)
    Compare point core/iregfile/regfile_reg[59][33] failed (is not equivalent)
    Compare point core/iregfile/regfile_reg[59][32] failed (is not equivalent)
    Compare point core/iregfile/regfile_reg[59][31] failed (is not equivalent)
    Compare point core/iregfile/regfile_reg[59][30] failed (is not equivalent)
    Compare point core/iregfile/regfile_reg[59][2] failed (is not equivalent)
    Compare point core/iregfile/regfile_reg[59][29] failed (is not equivalent)
    Compare point core/iregfile/regfile_reg[59][28] failed (is not equivalent)
    Compare point core/iregfile/regfile_reg[59][27] failed (is not equivalent)
    Compare point core/iregfile/regfile_reg[59][26] failed (is not equivalent)
    Compare point core/iregfile/regfile_reg[59][25] failed (is not equivalent)
    Compare point core/iregfile/regfile_reg[59][24] failed (is not equivalent)
    Compare point core/iregfile/regfile_reg[59][23] failed (is not equivalent)
    Compare point core/iregfile/regfile_reg[59][22] failed (is not equivalent)
    Compare point core/iregfile/regfile_reg[59][21] failed (is not equivalent)
    Compare point core/iregfile/regfile_reg[59][20] failed (is not equivalent)
    Compare point core/iregfile/regfile_reg[59][1] failed (is not equivalent)
    Compare point core/iregfile/regfile_reg[59][19] failed (is not equivalent)
    Compare point core/iregfile/regfile_reg[59][18] failed (is not equivalent)
    Compare point core/iregfile/regfile_reg[59][17] failed (is not equivalent)
    Compare point core/iregfile/regfile_reg[59][16] failed (is not equivalent)
    Compare point core/iregfile/regfile_reg[59][15] failed (is not equivalent)
    Compare point core/iregfile/regfile_reg[59][14] failed (is not equivalent)
    Compare point core/iregfile/regfile_reg[59][13] failed (is not equivalent)
    Compare point core/iregfile/regfile_reg[59][12] failed (is not equivalent)
    Compare point core/iregfile/regfile_reg[59][11] failed (is not equivalent)
    Compare point core/iregfile/regfile_reg[59][10] failed (is not equivalent)
    Compare point core/iregfile/regfile_reg[5][0] failed (is not equivalent)
    Compare point core/iregfile/regfile_reg[5][9] failed (is not equivalent)
    Compare point core/iregfile/regfile_reg[5][8] failed (is not equivalent)
    Compare point core/iregfile/regfile_reg[5][7] failed (is not equivalent)
    Compare point core/iregfile/regfile_reg[5][6] failed (is not equivalent)
    Compare point core/iregfile/regfile_reg[5][63] failed (is not equivalent)
    Compare point core/iregfile/regfile_reg[5][62] failed (is not equivalent)
    Compare point core/iregfile/regfile_reg[5][61] failed (is not equivalent)
    Compare point core/iregfile/regfile_reg[5][60] failed (is not equivalent)
    Compare point core/iregfile/regfile_reg[5][5] failed (is not equivalent)
    Compare point core/iregfile/regfile_reg[5][59] failed (is not equivalent)
    Compare point core/iregfile/regfile_reg[5][58] failed (is not equivalent)
    Compare point core/iregfile/regfile_reg[5][57] failed (is not equivalent)
    Compare point core/iregfile/regfile_reg[5][56] failed (is not equivalent)
    Compare point core/iregfile/regfile_reg[5][55] failed (is not equivalent)
    Compare point core/iregfile/regfile_reg[5][54] failed (is not equivalent)
    Compare point core/iregfile/regfile_reg[5][53] failed (is not equivalent)
    Compare point core/iregfile/regfile_reg[5][52] failed (is not equivalent)
    Compare point core/iregfile/regfile_reg[5][51] failed (is not equivalent)
    Compare point core/iregfile/regfile_reg[5][50] failed (is not equivalent)
    Compare point core/iregfile/regfile_reg[5][4] failed (is not equivalent)
    Compare point core/iregfile/regfile_reg[5][49] failed (is not equivalent)
    Compare point core/iregfile/regfile_reg[5][48] failed (is not equivalent)
    Compare point core/iregfile/regfile_reg[5][47] failed (is not equivalent)
    Compare point core/iregfile/regfile_reg[5][46] failed (is not equivalent)
    Compare point core/iregfile/regfile_reg[5][45] failed (is not equivalent)
    Compare point core/iregfile/regfile_reg[5][44] failed (is not equivalent)
    Compare point core/iregfile/regfile_reg[5][43] failed (is not equivalent)
    Compare point core/iregfile/regfile_reg[5][42] failed (is not equivalent)
    Compare point core/iregfile/regfile_reg[5][41] failed (is not equivalent)
    Compare point core/iregfile/regfile_reg[5][40] failed (is not equivalent)
    Compare point core/iregfile/regfile_reg[5][39] failed (is not equivalent)
    Compare point core/iregfile/regfile_reg[5][38] failed (is not equivalent)
    Compare point core/iregfile/regfile_reg[5][37] failed (is not equivalent)
    Compare point core/iregfile/regfile_reg[5][36] failed (is not equivalent)
    Compare point core/iregfile/regfile_reg[5][35] failed (is not equivalent)
    Compare point core/iregfile/regfile_reg[5][34] failed (is not equivalent)
    Compare point core/iregfile/regfile_reg[5][33] failed (is not equivalent)
    Compare point core/iregfile/regfile_reg[5][32] failed (is not equivalent)
    Compare point core/iregfile/regfile_reg[5][31] failed (is not equivalent)
    Compare point core/iregfile/regfile_reg[5][30] failed (is not equivalent)
    Compare point core/iregfile/regfile_reg[5][2] failed (is not equivalent)
    Compare point core/iregfile/regfile_reg[5][29] failed (is not equivalent)
    Compare point core/iregfile/regfile_reg[5][28] failed (is not equivalent)
    Compare point core/iregfile/regfile_reg[5][27] failed (is not equivalent)
    Compare point core/iregfile/regfile_reg[5][26] failed (is not equivalent)
    Compare point core/iregfile/regfile_reg[5][25] failed (is not equivalent)
    Compare point core/iregfile/regfile_reg[5][24] failed (is not equivalent)
    Compare point core/iregfile/regfile_reg[5][23] failed (is not equivalent)
    Compare point core/iregfile/regfile_reg[5][22] failed (is not equivalent)
    Compare point core/iregfile/regfile_reg[5][21] failed (is not equivalent)
    Compare point core/iregfile/regfile_reg[5][20] failed (is not equivalent)
    Compare point core/iregfile/regfile_reg[5][1] failed (is not equivalent)
    Compare point core/iregfile/regfile_reg[5][19] failed (is not equivalent)
    Compare point core/iregfile/regfile_reg[5][18] failed (is not equivalent)
    Compare point core/iregfile/regfile_reg[5][17] failed (is not equivalent)
    Compare point core/iregfile/regfile_reg[5][16] failed (is not equivalent)
    Compare point core/iregfile/regfile_reg[5][15] failed (is not equivalent)
    Compare point core/iregfile/regfile_reg[5][14] failed (is not equivalent)
    Compare point core/iregfile/regfile_reg[5][13] failed (is not equivalent)
    Compare point core/iregfile/regfile_reg[5][12] failed (is not equivalent)
    Compare point core/iregfile/regfile_reg[5][11] failed (is not equivalent)
    Compare point core/iregfile/regfile_reg[5][10] failed (is not equivalent)
    Compare point core/iregfile/regfile_reg[60][10] failed (is not equivalent)
    Compare point core/iregfile/regfile_reg[60][9] failed (is not equivalent)
    Compare point core/iregfile/regfile_reg[60][8] failed (is not equivalent)
    Compare point core/iregfile/regfile_reg[60][7] failed (is not equivalent)
    Compare point core/iregfile/regfile_reg[60][6] failed (is not equivalent)
    Compare point core/iregfile/regfile_reg[60][63] failed (is not equivalent)
    Compare point core/iregfile/regfile_reg[60][62] failed (is not equivalent)
    Compare point core/iregfile/regfile_reg[60][61] failed (is not equivalent)
    Compare point core/iregfile/regfile_reg[60][60] failed (is not equivalent)
    Compare point core/iregfile/regfile_reg[60][5] failed (is not equivalent)
    Compare point core/iregfile/regfile_reg[60][59] failed (is not equivalent)
    Compare point core/iregfile/regfile_reg[60][58] failed (is not equivalent)
    Compare point core/iregfile/regfile_reg[60][57] failed (is not equivalent)
    Compare point core/iregfile/regfile_reg[60][56] failed (is not equivalent)
    Compare point core/iregfile/regfile_reg[60][55] failed (is not equivalent)
    Compare point core/iregfile/regfile_reg[60][54] failed (is not equivalent)
    Compare point core/iregfile/regfile_reg[60][53] failed (is not equivalent)
    Compare point core/iregfile/regfile_reg[60][52] failed (is not equivalent)
    Compare point core/iregfile/regfile_reg[60][51] failed (is not equivalent)
    Compare point core/iregfile/regfile_reg[60][50] failed (is not equivalent)
    Compare point core/iregfile/regfile_reg[60][4] failed (is not equivalent)
    Compare point core/iregfile/regfile_reg[60][49] failed (is not equivalent)
    Compare point core/iregfile/regfile_reg[60][48] failed (is not equivalent)
    Compare point core/iregfile/regfile_reg[60][47] failed (is not equivalent)
    Compare point core/iregfile/regfile_reg[60][46] failed (is not equivalent)
    Compare point core/iregfile/regfile_reg[60][45] failed (is not equivalent)
    Compare point core/iregfile/regfile_reg[60][44] failed (is not equivalent)
    Compare point core/iregfile/regfile_reg[60][43] failed (is not equivalent)
    Compare point core/iregfile/regfile_reg[60][42] failed (is not equivalent)
    Compare point core/iregfile/regfile_reg[60][41] failed (is not equivalent)
    Compare point core/iregfile/regfile_reg[60][40] failed (is not equivalent)
    Compare point core/iregfile/regfile_reg[60][3] failed (is not equivalent)
    Compare point core/iregfile/regfile_reg[60][39] failed (is not equivalent)
    Compare point core/iregfile/regfile_reg[60][38] failed (is not equivalent)
    Compare point core/iregfile/regfile_reg[60][37] failed (is not equivalent)
    Compare point core/iregfile/regfile_reg[60][36] failed (is not equivalent)
    Compare point core/iregfile/regfile_reg[60][35] failed (is not equivalent)
    Compare point core/iregfile/regfile_reg[60][34] failed (is not equivalent)
    Compare point core/iregfile/regfile_reg[60][33] failed (is not equivalent)
    Compare point core/iregfile/regfile_reg[60][32] failed (is not equivalent)
    Compare point core/iregfile/regfile_reg[60][31] failed (is not equivalent)
    Compare point core/iregfile/regfile_reg[60][30] failed (is not equivalent)
    Compare point core/iregfile/regfile_reg[60][2] failed (is not equivalent)
    Compare point core/iregfile/regfile_reg[60][29] failed (is not equivalent)
    Compare point core/iregfile/regfile_reg[60][28] failed (is not equivalent)
    Compare point core/iregfile/regfile_reg[60][27] failed (is not equivalent)
    Compare point core/iregfile/regfile_reg[60][26] failed (is not equivalent)
    Compare point core/iregfile/regfile_reg[60][25] failed (is not equivalent)
    Compare point core/iregfile/regfile_reg[60][24] failed (is not equivalent)
    Compare point core/iregfile/regfile_reg[60][23] failed (is not equivalent)
    Compare point core/iregfile/regfile_reg[60][22] failed (is not equivalent)
    Compare point core/iregfile/regfile_reg[60][21] failed (is not equivalent)
    Compare point core/iregfile/regfile_reg[60][20] failed (is not equivalent)
    Compare point core/iregfile/regfile_reg[60][1] failed (is not equivalent)
    Compare point core/iregfile/regfile_reg[60][19] failed (is not equivalent)
    Compare point core/iregfile/regfile_reg[60][18] failed (is not equivalent)
    Compare point core/iregfile/regfile_reg[60][17] failed (is not equivalent)
    Compare point core/iregfile/regfile_reg[60][16] failed (is not equivalent)
    Compare point core/iregfile/regfile_reg[60][15] failed (is not equivalent)
    Compare point core/iregfile/regfile_reg[60][14] failed (is not equivalent)
    Compare point core/iregfile/regfile_reg[60][13] failed (is not equivalent)
    Compare point core/iregfile/regfile_reg[60][12] failed (is not equivalent)
    Compare point core/iregfile/regfile_reg[60][11] failed (is not equivalent)
    Compare point core/iregfile/regfile_reg[60][0] failed (is not equivalent)
    Compare point core/iregfile/regfile_reg[61][20] failed (is not equivalent)
    Compare point core/iregfile/regfile_reg[61][9] failed (is not equivalent)
    Compare point core/iregfile/regfile_reg[61][8] failed (is not equivalent)
    Compare point core/iregfile/regfile_reg[61][7] failed (is not equivalent)
    Compare point core/iregfile/regfile_reg[61][6] failed (is not equivalent)
    Compare point core/iregfile/regfile_reg[61][63] failed (is not equivalent)
    Compare point core/iregfile/regfile_reg[61][62] failed (is not equivalent)
    Compare point core/iregfile/regfile_reg[61][61] failed (is not equivalent)
    Compare point core/iregfile/regfile_reg[61][60] failed (is not equivalent)
    Compare point core/iregfile/regfile_reg[61][5] failed (is not equivalent)
    Compare point core/iregfile/regfile_reg[61][59] failed (is not equivalent)
    Compare point core/iregfile/regfile_reg[61][58] failed (is not equivalent)
    Compare point core/iregfile/regfile_reg[61][57] failed (is not equivalent)
    Compare point core/iregfile/regfile_reg[61][56] failed (is not equivalent)
    Compare point core/iregfile/regfile_reg[61][55] failed (is not equivalent)
    Compare point core/iregfile/regfile_reg[61][54] failed (is not equivalent)
    Compare point core/iregfile/regfile_reg[61][53] failed (is not equivalent)
    Compare point core/iregfile/regfile_reg[61][52] failed (is not equivalent)
    Compare point core/iregfile/regfile_reg[61][51] failed (is not equivalent)
    Compare point core/iregfile/regfile_reg[61][50] failed (is not equivalent)
    Compare point core/iregfile/regfile_reg[61][4] failed (is not equivalent)
    Compare point core/iregfile/regfile_reg[61][49] failed (is not equivalent)
    Compare point core/iregfile/regfile_reg[61][48] failed (is not equivalent)
    Compare point core/iregfile/regfile_reg[61][47] failed (is not equivalent)
    Compare point core/iregfile/regfile_reg[61][46] failed (is not equivalent)
    Compare point core/iregfile/regfile_reg[61][45] failed (is not equivalent)
    Compare point core/iregfile/regfile_reg[61][44] failed (is not equivalent)
    Compare point core/iregfile/regfile_reg[61][43] failed (is not equivalent)
    Compare point core/iregfile/regfile_reg[61][42] failed (is not equivalent)
    Compare point core/iregfile/regfile_reg[61][41] failed (is not equivalent)
    Compare point core/iregfile/regfile_reg[61][40] failed (is not equivalent)
    Compare point core/iregfile/regfile_reg[61][3] failed (is not equivalent)
    Compare point core/iregfile/regfile_reg[61][39] failed (is not equivalent)
    Compare point core/iregfile/regfile_reg[61][38] failed (is not equivalent)
    Compare point core/iregfile/regfile_reg[61][37] failed (is not equivalent)
    Compare point core/iregfile/regfile_reg[61][36] failed (is not equivalent)
    Compare point core/iregfile/regfile_reg[61][35] failed (is not equivalent)
    Compare point core/iregfile/regfile_reg[61][34] failed (is not equivalent)
    Compare point core/iregfile/regfile_reg[61][33] failed (is not equivalent)
    Compare point core/iregfile/regfile_reg[61][32] failed (is not equivalent)
    Compare point core/iregfile/regfile_reg[61][31] failed (is not equivalent)
    Compare point core/iregfile/regfile_reg[61][30] failed (is not equivalent)
    Compare point core/iregfile/regfile_reg[61][2] failed (is not equivalent)
    Compare point core/iregfile/regfile_reg[61][29] failed (is not equivalent)
    Compare point core/iregfile/regfile_reg[61][28] failed (is not equivalent)
    Compare point core/iregfile/regfile_reg[61][27] failed (is not equivalent)
    Compare point core/iregfile/regfile_reg[61][26] failed (is not equivalent)
    Compare point core/iregfile/regfile_reg[61][25] failed (is not equivalent)
    Compare point core/iregfile/regfile_reg[61][24] failed (is not equivalent)
    Compare point core/iregfile/regfile_reg[61][23] failed (is not equivalent)
    Compare point core/iregfile/regfile_reg[61][22] failed (is not equivalent)
    Compare point core/iregfile/regfile_reg[61][21] failed (is not equivalent)
    Compare point core/iregfile/regfile_reg[61][1] failed (is not equivalent)
    Compare point core/iregfile/regfile_reg[61][19] failed (is not equivalent)
    Compare point core/iregfile/regfile_reg[61][18] failed (is not equivalent)
    Compare point core/iregfile/regfile_reg[61][17] failed (is not equivalent)
    Compare point core/iregfile/regfile_reg[61][16] failed (is not equivalent)
    Compare point core/iregfile/regfile_reg[61][15] failed (is not equivalent)
    Compare point core/iregfile/regfile_reg[61][14] failed (is not equivalent)
    Compare point core/iregfile/regfile_reg[61][13] failed (is not equivalent)
    Compare point core/iregfile/regfile_reg[61][12] failed (is not equivalent)
    Compare point core/iregfile/regfile_reg[61][11] failed (is not equivalent)
    Compare point core/iregfile/regfile_reg[61][10] failed (is not equivalent)
    Compare point core/iregfile/regfile_reg[61][0] failed (is not equivalent)
    Compare point core/iregfile/regfile_reg[62][10] failed (is not equivalent)
    Compare point core/iregfile/regfile_reg[62][9] failed (is not equivalent)
    Compare point core/iregfile/regfile_reg[62][8] failed (is not equivalent)
    Compare point core/iregfile/regfile_reg[62][7] failed (is not equivalent)
    Compare point core/iregfile/regfile_reg[62][6] failed (is not equivalent)
    Compare point core/iregfile/regfile_reg[62][63] failed (is not equivalent)
    Compare point core/iregfile/regfile_reg[62][62] failed (is not equivalent)
    Compare point core/iregfile/regfile_reg[62][61] failed (is not equivalent)
    Compare point core/iregfile/regfile_reg[62][60] failed (is not equivalent)
    Compare point core/iregfile/regfile_reg[62][5] failed (is not equivalent)
    Compare point core/iregfile/regfile_reg[62][59] failed (is not equivalent)
    Compare point core/iregfile/regfile_reg[62][58] failed (is not equivalent)
    Compare point core/iregfile/regfile_reg[62][57] failed (is not equivalent)
    Compare point core/iregfile/regfile_reg[62][56] failed (is not equivalent)
    Compare point core/iregfile/regfile_reg[62][55] failed (is not equivalent)
    Compare point core/iregfile/regfile_reg[62][54] failed (is not equivalent)
    Compare point core/iregfile/regfile_reg[62][53] failed (is not equivalent)
    Compare point core/iregfile/regfile_reg[62][52] failed (is not equivalent)
    Compare point core/iregfile/regfile_reg[62][51] failed (is not equivalent)
    Compare point core/iregfile/regfile_reg[62][50] failed (is not equivalent)
    Compare point core/iregfile/regfile_reg[62][4] failed (is not equivalent)
    Compare point core/iregfile/regfile_reg[62][49] failed (is not equivalent)
    Compare point core/iregfile/regfile_reg[62][48] failed (is not equivalent)
    Compare point core/iregfile/regfile_reg[62][47] failed (is not equivalent)
    Compare point core/iregfile/regfile_reg[62][46] failed (is not equivalent)
    Compare point core/iregfile/regfile_reg[62][45] failed (is not equivalent)
    Compare point core/iregfile/regfile_reg[62][44] failed (is not equivalent)
    Compare point core/iregfile/regfile_reg[62][43] failed (is not equivalent)
    Compare point core/iregfile/regfile_reg[62][42] failed (is not equivalent)
    Compare point core/iregfile/regfile_reg[62][41] failed (is not equivalent)
    Compare point core/iregfile/regfile_reg[62][40] failed (is not equivalent)
    Compare point core/iregfile/regfile_reg[62][3] failed (is not equivalent)
    Compare point core/iregfile/regfile_reg[62][39] failed (is not equivalent)
    Compare point core/iregfile/regfile_reg[62][38] failed (is not equivalent)
    Compare point core/iregfile/regfile_reg[62][37] failed (is not equivalent)
    Compare point core/iregfile/regfile_reg[62][36] failed (is not equivalent)
    Compare point core/iregfile/regfile_reg[62][35] failed (is not equivalent)
    Compare point core/iregfile/regfile_reg[62][34] failed (is not equivalent)
    Compare point core/iregfile/regfile_reg[62][33] failed (is not equivalent)
    Compare point core/iregfile/regfile_reg[62][32] failed (is not equivalent)
    Compare point core/iregfile/regfile_reg[62][31] failed (is not equivalent)
    Compare point core/iregfile/regfile_reg[62][30] failed (is not equivalent)
    Compare point core/iregfile/regfile_reg[62][2] failed (is not equivalent)
    Compare point core/iregfile/regfile_reg[62][29] failed (is not equivalent)
    Compare point core/iregfile/regfile_reg[62][28] failed (is not equivalent)
    Compare point core/iregfile/regfile_reg[62][27] failed (is not equivalent)
    Compare point core/iregfile/regfile_reg[62][26] failed (is not equivalent)
    Compare point core/iregfile/regfile_reg[62][25] failed (is not equivalent)
    Compare point core/iregfile/regfile_reg[62][24] failed (is not equivalent)
    Compare point core/iregfile/regfile_reg[62][23] failed (is not equivalent)
    Compare point core/iregfile/regfile_reg[62][22] failed (is not equivalent)
    Compare point core/iregfile/regfile_reg[62][21] failed (is not equivalent)
    Compare point core/iregfile/regfile_reg[62][20] failed (is not equivalent)
    Compare point core/iregfile/regfile_reg[62][1] failed (is not equivalent)
    Compare point core/iregfile/regfile_reg[62][19] failed (is not equivalent)
    Compare point core/iregfile/regfile_reg[62][18] failed (is not equivalent)
    Compare point core/iregfile/regfile_reg[62][17] failed (is not equivalent)
    Compare point core/iregfile/regfile_reg[62][16] failed (is not equivalent)
    Compare point core/iregfile/regfile_reg[62][15] failed (is not equivalent)
    Compare point core/iregfile/regfile_reg[62][14] failed (is not equivalent)
    Compare point core/iregfile/regfile_reg[62][13] failed (is not equivalent)
    Compare point core/iregfile/regfile_reg[62][12] failed (is not equivalent)
    Compare point core/iregfile/regfile_reg[62][11] failed (is not equivalent)
    Compare point core/iregfile/regfile_reg[62][0] failed (is not equivalent)
.
    Compare point core/iregfile/regfile_reg[63][9] failed (is not equivalent)
    Compare point core/iregfile/regfile_reg[63][8] failed (is not equivalent)
    Compare point core/iregfile/regfile_reg[63][7] failed (is not equivalent)
    Compare point core/iregfile/regfile_reg[63][6] failed (is not equivalent)
    Compare point core/iregfile/regfile_reg[63][63] failed (is not equivalent)
    Compare point core/iregfile/regfile_reg[63][62] failed (is not equivalent)
    Compare point core/iregfile/regfile_reg[63][61] failed (is not equivalent)
    Compare point core/iregfile/regfile_reg[63][60] failed (is not equivalent)
    Compare point core/iregfile/regfile_reg[63][5] failed (is not equivalent)
    Compare point core/iregfile/regfile_reg[63][59] failed (is not equivalent)
    Compare point core/iregfile/regfile_reg[63][58] failed (is not equivalent)
    Compare point core/iregfile/regfile_reg[63][57] failed (is not equivalent)
    Compare point core/iregfile/regfile_reg[63][56] failed (is not equivalent)
    Compare point core/iregfile/regfile_reg[63][55] failed (is not equivalent)
    Compare point core/iregfile/regfile_reg[63][54] failed (is not equivalent)
    Compare point core/iregfile/regfile_reg[63][53] failed (is not equivalent)
    Compare point core/iregfile/regfile_reg[63][52] failed (is not equivalent)
    Compare point core/iregfile/regfile_reg[63][51] failed (is not equivalent)
    Compare point core/iregfile/regfile_reg[63][50] failed (is not equivalent)
    Compare point core/iregfile/regfile_reg[63][4] failed (is not equivalent)
    Compare point core/iregfile/regfile_reg[63][49] failed (is not equivalent)
    Compare point core/iregfile/regfile_reg[63][48] failed (is not equivalent)
    Compare point core/iregfile/regfile_reg[63][47] failed (is not equivalent)
    Compare point core/iregfile/regfile_reg[63][46] failed (is not equivalent)
    Compare point core/iregfile/regfile_reg[63][45] failed (is not equivalent)
    Compare point core/iregfile/regfile_reg[63][44] failed (is not equivalent)
    Compare point core/iregfile/regfile_reg[63][43] failed (is not equivalent)
    Compare point core/iregfile/regfile_reg[63][42] failed (is not equivalent)
    Compare point core/iregfile/regfile_reg[63][41] failed (is not equivalent)
    Compare point core/iregfile/regfile_reg[63][40] failed (is not equivalent)
    Compare point core/iregfile/regfile_reg[63][3] failed (is not equivalent)
    Compare point core/iregfile/regfile_reg[63][39] failed (is not equivalent)
    Compare point core/iregfile/regfile_reg[63][38] failed (is not equivalent)
    Compare point core/iregfile/regfile_reg[63][37] failed (is not equivalent)
    Compare point core/iregfile/regfile_reg[63][36] failed (is not equivalent)
    Compare point core/iregfile/regfile_reg[63][35] failed (is not equivalent)
    Compare point core/iregfile/regfile_reg[63][34] failed (is not equivalent)
    Compare point core/iregfile/regfile_reg[63][33] failed (is not equivalent)
    Compare point core/iregfile/regfile_reg[63][32] failed (is not equivalent)
    Compare point core/iregfile/regfile_reg[63][31] failed (is not equivalent)
    Compare point core/iregfile/regfile_reg[63][30] failed (is not equivalent)
    Compare point core/iregfile/regfile_reg[63][2] failed (is not equivalent)
    Compare point core/iregfile/regfile_reg[63][29] failed (is not equivalent)
    Compare point core/iregfile/regfile_reg[63][28] failed (is not equivalent)
    Compare point core/iregfile/regfile_reg[63][27] failed (is not equivalent)
    Compare point core/iregfile/regfile_reg[63][26] failed (is not equivalent)
    Compare point core/iregfile/regfile_reg[63][25] failed (is not equivalent)
    Compare point core/iregfile/regfile_reg[63][24] failed (is not equivalent)
    Compare point core/iregfile/regfile_reg[63][23] failed (is not equivalent)
    Compare point core/iregfile/regfile_reg[63][22] failed (is not equivalent)
    Compare point core/iregfile/regfile_reg[63][21] failed (is not equivalent)
    Compare point core/iregfile/regfile_reg[63][20] failed (is not equivalent)
    Compare point core/iregfile/regfile_reg[63][1] failed (is not equivalent)
    Compare point core/iregfile/regfile_reg[63][19] failed (is not equivalent)
    Compare point core/iregfile/regfile_reg[63][18] failed (is not equivalent)
    Compare point core/iregfile/regfile_reg[63][17] failed (is not equivalent)
    Compare point core/iregfile/regfile_reg[63][16] failed (is not equivalent)
    Compare point core/iregfile/regfile_reg[63][15] failed (is not equivalent)
    Compare point core/iregfile/regfile_reg[63][14] failed (is not equivalent)
    Compare point core/iregfile/regfile_reg[63][13] failed (is not equivalent)
    Compare point core/iregfile/regfile_reg[63][12] failed (is not equivalent)
    Compare point core/iregfile/regfile_reg[63][11] failed (is not equivalent)
    Compare point core/iregfile/regfile_reg[63][10] failed (is not equivalent)
    Compare point core/iregfile/regfile_reg[63][0] failed (is not equivalent)
    Compare point core/iregfile/regfile_reg[64][0] failed (is not equivalent)
    Compare point core/iregfile/regfile_reg[64][9] failed (is not equivalent)
    Compare point core/iregfile/regfile_reg[64][8] failed (is not equivalent)
    Compare point core/iregfile/regfile_reg[64][7] failed (is not equivalent)
    Compare point core/iregfile/regfile_reg[64][6] failed (is not equivalent)
    Compare point core/iregfile/regfile_reg[64][63] failed (is not equivalent)
    Compare point core/iregfile/regfile_reg[64][62] failed (is not equivalent)
    Compare point core/iregfile/regfile_reg[64][61] failed (is not equivalent)
    Compare point core/iregfile/regfile_reg[64][60] failed (is not equivalent)
    Compare point core/iregfile/regfile_reg[64][5] failed (is not equivalent)
    Compare point core/iregfile/regfile_reg[64][59] failed (is not equivalent)
    Compare point core/iregfile/regfile_reg[64][58] failed (is not equivalent)
    Compare point core/iregfile/regfile_reg[64][57] failed (is not equivalent)
    Compare point core/iregfile/regfile_reg[64][56] failed (is not equivalent)
    Compare point core/iregfile/regfile_reg[64][55] failed (is not equivalent)
    Compare point core/iregfile/regfile_reg[64][54] failed (is not equivalent)
    Compare point core/iregfile/regfile_reg[64][53] failed (is not equivalent)
    Compare point core/iregfile/regfile_reg[64][52] failed (is not equivalent)
    Compare point core/iregfile/regfile_reg[64][51] failed (is not equivalent)
    Compare point core/iregfile/regfile_reg[64][50] failed (is not equivalent)
    Compare point core/iregfile/regfile_reg[64][4] failed (is not equivalent)
    Compare point core/iregfile/regfile_reg[64][49] failed (is not equivalent)
    Compare point core/iregfile/regfile_reg[64][48] failed (is not equivalent)
    Compare point core/iregfile/regfile_reg[64][47] failed (is not equivalent)
    Compare point core/iregfile/regfile_reg[64][46] failed (is not equivalent)
    Compare point core/iregfile/regfile_reg[64][45] failed (is not equivalent)
    Compare point core/iregfile/regfile_reg[64][44] failed (is not equivalent)
    Compare point core/iregfile/regfile_reg[64][43] failed (is not equivalent)
    Compare point core/iregfile/regfile_reg[64][42] failed (is not equivalent)
    Compare point core/iregfile/regfile_reg[64][41] failed (is not equivalent)
    Compare point core/iregfile/regfile_reg[64][40] failed (is not equivalent)
    Compare point core/iregfile/regfile_reg[64][3] failed (is not equivalent)
    Compare point core/iregfile/regfile_reg[64][39] failed (is not equivalent)
    Compare point core/iregfile/regfile_reg[64][38] failed (is not equivalent)
    Compare point core/iregfile/regfile_reg[64][37] failed (is not equivalent)
    Compare point core/iregfile/regfile_reg[64][36] failed (is not equivalent)
    Compare point core/iregfile/regfile_reg[64][35] failed (is not equivalent)
    Compare point core/iregfile/regfile_reg[64][34] failed (is not equivalent)
    Compare point core/iregfile/regfile_reg[64][33] failed (is not equivalent)
    Compare point core/iregfile/regfile_reg[64][32] failed (is not equivalent)
    Compare point core/iregfile/regfile_reg[64][31] failed (is not equivalent)
    Compare point core/iregfile/regfile_reg[64][30] failed (is not equivalent)
    Compare point core/iregfile/regfile_reg[64][2] failed (is not equivalent)
    Compare point core/iregfile/regfile_reg[64][29] failed (is not equivalent)
    Compare point core/iregfile/regfile_reg[64][28] failed (is not equivalent)
    Compare point core/iregfile/regfile_reg[64][27] failed (is not equivalent)
    Compare point core/iregfile/regfile_reg[64][26] failed (is not equivalent)
    Compare point core/iregfile/regfile_reg[64][25] failed (is not equivalent)
    Compare point core/iregfile/regfile_reg[64][24] failed (is not equivalent)
    Compare point core/iregfile/regfile_reg[64][23] failed (is not equivalent)
    Compare point core/iregfile/regfile_reg[64][22] failed (is not equivalent)
    Compare point core/iregfile/regfile_reg[64][21] failed (is not equivalent)
    Compare point core/iregfile/regfile_reg[64][20] failed (is not equivalent)
    Compare point core/iregfile/regfile_reg[64][1] failed (is not equivalent)
    Compare point core/iregfile/regfile_reg[64][19] failed (is not equivalent)
    Compare point core/iregfile/regfile_reg[64][18] failed (is not equivalent)
    Compare point core/iregfile/regfile_reg[64][17] failed (is not equivalent)
    Compare point core/iregfile/regfile_reg[64][16] failed (is not equivalent)
    Compare point core/iregfile/regfile_reg[64][15] failed (is not equivalent)
    Compare point core/iregfile/regfile_reg[64][14] failed (is not equivalent)
    Compare point core/iregfile/regfile_reg[64][13] failed (is not equivalent)
    Compare point core/iregfile/regfile_reg[64][12] failed (is not equivalent)
    Compare point core/iregfile/regfile_reg[64][11] failed (is not equivalent)
    Compare point core/iregfile/regfile_reg[64][10] failed (is not equivalent)
    Compare point core/iregfile/regfile_reg[65][0] failed (is not equivalent)
    Compare point core/iregfile/regfile_reg[65][9] failed (is not equivalent)
    Compare point core/iregfile/regfile_reg[65][8] failed (is not equivalent)
    Compare point core/iregfile/regfile_reg[65][7] failed (is not equivalent)
    Compare point core/iregfile/regfile_reg[65][6] failed (is not equivalent)
    Compare point core/iregfile/regfile_reg[65][63] failed (is not equivalent)
    Compare point core/iregfile/regfile_reg[65][62] failed (is not equivalent)
    Compare point core/iregfile/regfile_reg[65][61] failed (is not equivalent)
    Compare point core/iregfile/regfile_reg[65][60] failed (is not equivalent)
    Compare point core/iregfile/regfile_reg[65][5] failed (is not equivalent)
    Compare point core/iregfile/regfile_reg[65][59] failed (is not equivalent)
    Compare point core/iregfile/regfile_reg[65][58] failed (is not equivalent)
    Compare point core/iregfile/regfile_reg[65][57] failed (is not equivalent)
    Compare point core/iregfile/regfile_reg[65][56] failed (is not equivalent)
    Compare point core/iregfile/regfile_reg[65][55] failed (is not equivalent)
    Compare point core/iregfile/regfile_reg[65][54] failed (is not equivalent)
    Compare point core/iregfile/regfile_reg[65][53] failed (is not equivalent)
    Compare point core/iregfile/regfile_reg[65][52] failed (is not equivalent)
    Compare point core/iregfile/regfile_reg[65][51] failed (is not equivalent)
    Compare point core/iregfile/regfile_reg[65][50] failed (is not equivalent)
    Compare point core/iregfile/regfile_reg[65][4] failed (is not equivalent)
    Compare point core/iregfile/regfile_reg[65][49] failed (is not equivalent)
    Compare point core/iregfile/regfile_reg[65][48] failed (is not equivalent)
    Compare point core/iregfile/regfile_reg[65][47] failed (is not equivalent)
    Compare point core/iregfile/regfile_reg[65][46] failed (is not equivalent)
    Compare point core/iregfile/regfile_reg[65][45] failed (is not equivalent)
    Compare point core/iregfile/regfile_reg[65][44] failed (is not equivalent)
    Compare point core/iregfile/regfile_reg[65][43] failed (is not equivalent)
    Compare point core/iregfile/regfile_reg[65][42] failed (is not equivalent)
    Compare point core/iregfile/regfile_reg[65][41] failed (is not equivalent)
    Compare point core/iregfile/regfile_reg[65][40] failed (is not equivalent)
    Compare point core/iregfile/regfile_reg[65][3] failed (is not equivalent)
    Compare point core/iregfile/regfile_reg[65][39] failed (is not equivalent)
    Compare point core/iregfile/regfile_reg[65][38] failed (is not equivalent)
    Compare point core/iregfile/regfile_reg[65][37] failed (is not equivalent)
    Compare point core/iregfile/regfile_reg[65][36] failed (is not equivalent)
    Compare point core/iregfile/regfile_reg[65][35] failed (is not equivalent)
    Compare point core/iregfile/regfile_reg[65][34] failed (is not equivalent)
    Compare point core/iregfile/regfile_reg[65][33] failed (is not equivalent)
    Compare point core/iregfile/regfile_reg[65][32] failed (is not equivalent)
    Compare point core/iregfile/regfile_reg[65][31] failed (is not equivalent)
    Compare point core/iregfile/regfile_reg[65][30] failed (is not equivalent)
    Compare point core/iregfile/regfile_reg[65][2] failed (is not equivalent)
    Compare point core/iregfile/regfile_reg[65][29] failed (is not equivalent)
    Compare point core/iregfile/regfile_reg[65][28] failed (is not equivalent)
    Compare point core/iregfile/regfile_reg[65][27] failed (is not equivalent)
    Compare point core/iregfile/regfile_reg[65][26] failed (is not equivalent)
    Compare point core/iregfile/regfile_reg[65][25] failed (is not equivalent)
    Compare point core/iregfile/regfile_reg[65][24] failed (is not equivalent)
    Compare point core/iregfile/regfile_reg[65][23] failed (is not equivalent)
    Compare point core/iregfile/regfile_reg[65][22] failed (is not equivalent)
    Compare point core/iregfile/regfile_reg[65][21] failed (is not equivalent)
    Compare point core/iregfile/regfile_reg[65][20] failed (is not equivalent)
    Compare point core/iregfile/regfile_reg[65][1] failed (is not equivalent)
    Compare point core/iregfile/regfile_reg[65][19] failed (is not equivalent)
    Compare point core/iregfile/regfile_reg[65][18] failed (is not equivalent)
    Compare point core/iregfile/regfile_reg[65][17] failed (is not equivalent)
    Compare point core/iregfile/regfile_reg[65][16] failed (is not equivalent)
    Compare point core/iregfile/regfile_reg[65][15] failed (is not equivalent)
    Compare point core/iregfile/regfile_reg[65][14] failed (is not equivalent)
    Compare point core/iregfile/regfile_reg[65][13] failed (is not equivalent)
    Compare point core/iregfile/regfile_reg[65][12] failed (is not equivalent)
    Compare point core/iregfile/regfile_reg[65][11] failed (is not equivalent)
    Compare point core/iregfile/regfile_reg[65][10] failed (is not equivalent)
    Compare point core/iregfile/regfile_reg[66][9] failed (is not equivalent)
    Compare point core/iregfile/regfile_reg[66][8] failed (is not equivalent)
    Compare point core/iregfile/regfile_reg[66][7] failed (is not equivalent)
    Compare point core/iregfile/regfile_reg[66][6] failed (is not equivalent)
    Compare point core/iregfile/regfile_reg[66][63] failed (is not equivalent)
    Compare point core/iregfile/regfile_reg[66][62] failed (is not equivalent)
    Compare point core/iregfile/regfile_reg[66][61] failed (is not equivalent)
    Compare point core/iregfile/regfile_reg[66][60] failed (is not equivalent)
    Compare point core/iregfile/regfile_reg[66][5] failed (is not equivalent)
    Compare point core/iregfile/regfile_reg[66][59] failed (is not equivalent)
    Compare point core/iregfile/regfile_reg[66][58] failed (is not equivalent)
    Compare point core/iregfile/regfile_reg[66][57] failed (is not equivalent)
    Compare point core/iregfile/regfile_reg[66][56] failed (is not equivalent)
    Compare point core/iregfile/regfile_reg[66][55] failed (is not equivalent)
    Compare point core/iregfile/regfile_reg[66][54] failed (is not equivalent)
    Compare point core/iregfile/regfile_reg[66][53] failed (is not equivalent)
    Compare point core/iregfile/regfile_reg[66][52] failed (is not equivalent)
    Compare point core/iregfile/regfile_reg[66][51] failed (is not equivalent)
    Compare point core/iregfile/regfile_reg[66][50] failed (is not equivalent)
    Compare point core/iregfile/regfile_reg[66][4] failed (is not equivalent)
    Compare point core/iregfile/regfile_reg[66][49] failed (is not equivalent)
    Compare point core/iregfile/regfile_reg[66][48] failed (is not equivalent)
    Compare point core/iregfile/regfile_reg[66][47] failed (is not equivalent)
    Compare point core/iregfile/regfile_reg[66][46] failed (is not equivalent)
    Compare point core/iregfile/regfile_reg[66][45] failed (is not equivalent)
    Compare point core/iregfile/regfile_reg[66][44] failed (is not equivalent)
    Compare point core/iregfile/regfile_reg[66][43] failed (is not equivalent)
    Compare point core/iregfile/regfile_reg[66][42] failed (is not equivalent)
    Compare point core/iregfile/regfile_reg[66][41] failed (is not equivalent)
    Compare point core/iregfile/regfile_reg[66][40] failed (is not equivalent)
    Compare point core/iregfile/regfile_reg[66][3] failed (is not equivalent)
    Compare point core/iregfile/regfile_reg[66][39] failed (is not equivalent)
    Compare point core/iregfile/regfile_reg[66][38] failed (is not equivalent)
    Compare point core/iregfile/regfile_reg[66][37] failed (is not equivalent)
    Compare point core/iregfile/regfile_reg[66][36] failed (is not equivalent)
    Compare point core/iregfile/regfile_reg[66][35] failed (is not equivalent)
    Compare point core/iregfile/regfile_reg[66][34] failed (is not equivalent)
    Compare point core/iregfile/regfile_reg[66][33] failed (is not equivalent)
    Compare point core/iregfile/regfile_reg[66][32] failed (is not equivalent)
    Compare point core/iregfile/regfile_reg[66][31] failed (is not equivalent)
    Compare point core/iregfile/regfile_reg[66][30] failed (is not equivalent)
    Compare point core/iregfile/regfile_reg[66][2] failed (is not equivalent)
    Compare point core/iregfile/regfile_reg[66][29] failed (is not equivalent)
    Compare point core/iregfile/regfile_reg[66][28] failed (is not equivalent)
    Compare point core/iregfile/regfile_reg[66][27] failed (is not equivalent)
    Compare point core/iregfile/regfile_reg[66][26] failed (is not equivalent)
    Compare point core/iregfile/regfile_reg[66][25] failed (is not equivalent)
    Compare point core/iregfile/regfile_reg[66][24] failed (is not equivalent)
    Compare point core/iregfile/regfile_reg[66][23] failed (is not equivalent)
    Compare point core/iregfile/regfile_reg[66][22] failed (is not equivalent)
    Compare point core/iregfile/regfile_reg[66][21] failed (is not equivalent)
    Compare point core/iregfile/regfile_reg[66][20] failed (is not equivalent)
    Compare point core/iregfile/regfile_reg[66][1] failed (is not equivalent)
    Compare point core/iregfile/regfile_reg[66][19] failed (is not equivalent)
    Compare point core/iregfile/regfile_reg[66][18] failed (is not equivalent)
    Compare point core/iregfile/regfile_reg[66][17] failed (is not equivalent)
    Compare point core/iregfile/regfile_reg[66][16] failed (is not equivalent)
    Compare point core/iregfile/regfile_reg[66][15] failed (is not equivalent)
    Compare point core/iregfile/regfile_reg[66][14] failed (is not equivalent)
    Compare point core/iregfile/regfile_reg[66][13] failed (is not equivalent)
    Compare point core/iregfile/regfile_reg[66][12] failed (is not equivalent)
    Compare point core/iregfile/regfile_reg[66][11] failed (is not equivalent)
    Compare point core/iregfile/regfile_reg[66][0] failed (is not equivalent)
    Compare point core/iregfile/regfile_reg[66][10] failed (is not equivalent)
    Compare point core/iregfile/regfile_reg[67][20] failed (is not equivalent)
    Compare point core/iregfile/regfile_reg[67][0] failed (is not equivalent)
    Compare point core/iregfile/regfile_reg[67][9] failed (is not equivalent)
    Compare point core/iregfile/regfile_reg[67][8] failed (is not equivalent)
    Compare point core/iregfile/regfile_reg[67][7] failed (is not equivalent)
    Compare point core/iregfile/regfile_reg[67][6] failed (is not equivalent)
    Compare point core/iregfile/regfile_reg[67][63] failed (is not equivalent)
    Compare point core/iregfile/regfile_reg[67][62] failed (is not equivalent)
    Compare point core/iregfile/regfile_reg[67][61] failed (is not equivalent)
    Compare point core/iregfile/regfile_reg[67][60] failed (is not equivalent)
    Compare point core/iregfile/regfile_reg[67][5] failed (is not equivalent)
    Compare point core/iregfile/regfile_reg[67][59] failed (is not equivalent)
    Compare point core/iregfile/regfile_reg[67][58] failed (is not equivalent)
    Compare point core/iregfile/regfile_reg[67][57] failed (is not equivalent)
    Compare point core/iregfile/regfile_reg[67][56] failed (is not equivalent)
    Compare point core/iregfile/regfile_reg[67][55] failed (is not equivalent)
    Compare point core/iregfile/regfile_reg[67][54] failed (is not equivalent)
    Compare point core/iregfile/regfile_reg[67][53] failed (is not equivalent)
    Compare point core/iregfile/regfile_reg[67][52] failed (is not equivalent)
    Compare point core/iregfile/regfile_reg[67][51] failed (is not equivalent)
    Compare point core/iregfile/regfile_reg[67][50] failed (is not equivalent)
    Compare point core/iregfile/regfile_reg[67][4] failed (is not equivalent)
    Compare point core/iregfile/regfile_reg[67][49] failed (is not equivalent)
    Compare point core/iregfile/regfile_reg[67][48] failed (is not equivalent)
    Compare point core/iregfile/regfile_reg[67][47] failed (is not equivalent)
    Compare point core/iregfile/regfile_reg[67][46] failed (is not equivalent)
    Compare point core/iregfile/regfile_reg[67][45] failed (is not equivalent)
    Compare point core/iregfile/regfile_reg[67][44] failed (is not equivalent)
    Compare point core/iregfile/regfile_reg[67][43] failed (is not equivalent)
    Compare point core/iregfile/regfile_reg[67][42] failed (is not equivalent)
    Compare point core/iregfile/regfile_reg[67][41] failed (is not equivalent)
    Compare point core/iregfile/regfile_reg[67][40] failed (is not equivalent)
    Compare point core/iregfile/regfile_reg[67][3] failed (is not equivalent)
    Compare point core/iregfile/regfile_reg[67][39] failed (is not equivalent)
    Compare point core/iregfile/regfile_reg[67][38] failed (is not equivalent)
    Compare point core/iregfile/regfile_reg[67][37] failed (is not equivalent)
    Compare point core/iregfile/regfile_reg[67][36] failed (is not equivalent)
    Compare point core/iregfile/regfile_reg[67][35] failed (is not equivalent)
    Compare point core/iregfile/regfile_reg[67][34] failed (is not equivalent)
    Compare point core/iregfile/regfile_reg[67][33] failed (is not equivalent)
    Compare point core/iregfile/regfile_reg[67][32] failed (is not equivalent)
    Compare point core/iregfile/regfile_reg[67][31] failed (is not equivalent)
    Compare point core/iregfile/regfile_reg[67][30] failed (is not equivalent)
    Compare point core/iregfile/regfile_reg[67][2] failed (is not equivalent)
    Compare point core/iregfile/regfile_reg[67][29] failed (is not equivalent)
    Compare point core/iregfile/regfile_reg[67][28] failed (is not equivalent)
    Compare point core/iregfile/regfile_reg[67][27] failed (is not equivalent)
    Compare point core/iregfile/regfile_reg[67][26] failed (is not equivalent)
    Compare point core/iregfile/regfile_reg[67][25] failed (is not equivalent)
    Compare point core/iregfile/regfile_reg[67][24] failed (is not equivalent)
    Compare point core/iregfile/regfile_reg[67][23] failed (is not equivalent)
    Compare point core/iregfile/regfile_reg[67][22] failed (is not equivalent)
    Compare point core/iregfile/regfile_reg[67][21] failed (is not equivalent)
    Compare point core/iregfile/regfile_reg[67][1] failed (is not equivalent)
    Compare point core/iregfile/regfile_reg[67][19] failed (is not equivalent)
    Compare point core/iregfile/regfile_reg[67][18] failed (is not equivalent)
    Compare point core/iregfile/regfile_reg[67][17] failed (is not equivalent)
    Compare point core/iregfile/regfile_reg[67][16] failed (is not equivalent)
    Compare point core/iregfile/regfile_reg[67][15] failed (is not equivalent)
    Compare point core/iregfile/regfile_reg[67][14] failed (is not equivalent)
    Compare point core/iregfile/regfile_reg[67][13] failed (is not equivalent)
    Compare point core/iregfile/regfile_reg[67][12] failed (is not equivalent)
    Compare point core/iregfile/regfile_reg[67][11] failed (is not equivalent)
    Compare point core/iregfile/regfile_reg[67][10] failed (is not equivalent)
    Compare point core/iregfile/regfile_reg[68][0] failed (is not equivalent)
    Compare point core/iregfile/regfile_reg[68][9] failed (is not equivalent)
    Compare point core/iregfile/regfile_reg[68][8] failed (is not equivalent)
    Compare point core/iregfile/regfile_reg[68][7] failed (is not equivalent)
    Compare point core/iregfile/regfile_reg[68][6] failed (is not equivalent)
    Compare point core/iregfile/regfile_reg[68][63] failed (is not equivalent)
    Compare point core/iregfile/regfile_reg[68][62] failed (is not equivalent)
    Compare point core/iregfile/regfile_reg[68][61] failed (is not equivalent)
    Compare point core/iregfile/regfile_reg[68][60] failed (is not equivalent)
    Compare point core/iregfile/regfile_reg[68][5] failed (is not equivalent)
    Compare point core/iregfile/regfile_reg[68][59] failed (is not equivalent)
    Compare point core/iregfile/regfile_reg[68][58] failed (is not equivalent)
    Compare point core/iregfile/regfile_reg[68][57] failed (is not equivalent)
    Compare point core/iregfile/regfile_reg[68][56] failed (is not equivalent)
    Compare point core/iregfile/regfile_reg[68][55] failed (is not equivalent)
    Compare point core/iregfile/regfile_reg[68][54] failed (is not equivalent)
    Compare point core/iregfile/regfile_reg[68][53] failed (is not equivalent)
    Compare point core/iregfile/regfile_reg[68][52] failed (is not equivalent)
    Compare point core/iregfile/regfile_reg[68][51] failed (is not equivalent)
    Compare point core/iregfile/regfile_reg[68][50] failed (is not equivalent)
    Compare point core/iregfile/regfile_reg[68][4] failed (is not equivalent)
    Compare point core/iregfile/regfile_reg[68][49] failed (is not equivalent)
    Compare point core/iregfile/regfile_reg[68][48] failed (is not equivalent)
    Compare point core/iregfile/regfile_reg[68][47] failed (is not equivalent)
    Compare point core/iregfile/regfile_reg[68][46] failed (is not equivalent)
    Compare point core/iregfile/regfile_reg[68][45] failed (is not equivalent)
    Compare point core/iregfile/regfile_reg[68][44] failed (is not equivalent)
    Compare point core/iregfile/regfile_reg[68][43] failed (is not equivalent)
    Compare point core/iregfile/regfile_reg[68][42] failed (is not equivalent)
    Compare point core/iregfile/regfile_reg[68][41] failed (is not equivalent)
    Compare point core/iregfile/regfile_reg[68][40] failed (is not equivalent)
    Compare point core/iregfile/regfile_reg[68][3] failed (is not equivalent)
    Compare point core/iregfile/regfile_reg[68][39] failed (is not equivalent)
    Compare point core/iregfile/regfile_reg[68][38] failed (is not equivalent)
    Compare point core/iregfile/regfile_reg[68][37] failed (is not equivalent)
    Compare point core/iregfile/regfile_reg[68][36] failed (is not equivalent)
    Compare point core/iregfile/regfile_reg[68][35] failed (is not equivalent)
    Compare point core/iregfile/regfile_reg[68][34] failed (is not equivalent)
    Compare point core/iregfile/regfile_reg[68][33] failed (is not equivalent)
    Compare point core/iregfile/regfile_reg[68][32] failed (is not equivalent)
    Compare point core/iregfile/regfile_reg[68][31] failed (is not equivalent)
    Compare point core/iregfile/regfile_reg[68][30] failed (is not equivalent)
    Compare point core/iregfile/regfile_reg[68][2] failed (is not equivalent)
    Compare point core/iregfile/regfile_reg[68][29] failed (is not equivalent)
    Compare point core/iregfile/regfile_reg[68][28] failed (is not equivalent)
    Compare point core/iregfile/regfile_reg[68][27] failed (is not equivalent)
    Compare point core/iregfile/regfile_reg[68][26] failed (is not equivalent)
    Compare point core/iregfile/regfile_reg[68][25] failed (is not equivalent)
    Compare point core/iregfile/regfile_reg[68][24] failed (is not equivalent)
    Compare point core/iregfile/regfile_reg[68][23] failed (is not equivalent)
    Compare point core/iregfile/regfile_reg[68][22] failed (is not equivalent)
    Compare point core/iregfile/regfile_reg[68][21] failed (is not equivalent)
    Compare point core/iregfile/regfile_reg[68][20] failed (is not equivalent)
    Compare point core/iregfile/regfile_reg[68][1] failed (is not equivalent)
    Compare point core/iregfile/regfile_reg[68][19] failed (is not equivalent)
    Compare point core/iregfile/regfile_reg[68][18] failed (is not equivalent)
    Compare point core/iregfile/regfile_reg[68][17] failed (is not equivalent)
    Compare point core/iregfile/regfile_reg[68][16] failed (is not equivalent)
    Compare point core/iregfile/regfile_reg[68][15] failed (is not equivalent)
    Compare point core/iregfile/regfile_reg[68][14] failed (is not equivalent)
    Compare point core/iregfile/regfile_reg[68][13] failed (is not equivalent)
    Compare point core/iregfile/regfile_reg[68][12] failed (is not equivalent)
    Compare point core/iregfile/regfile_reg[68][11] failed (is not equivalent)
    Compare point core/iregfile/regfile_reg[68][10] failed (is not equivalent)
    Compare point core/iregfile/regfile_reg[69][0] failed (is not equivalent)
    Compare point core/iregfile/regfile_reg[69][9] failed (is not equivalent)
    Compare point core/iregfile/regfile_reg[69][8] failed (is not equivalent)
    Compare point core/iregfile/regfile_reg[69][7] failed (is not equivalent)
    Compare point core/iregfile/regfile_reg[69][6] failed (is not equivalent)
    Compare point core/iregfile/regfile_reg[69][63] failed (is not equivalent)
    Compare point core/iregfile/regfile_reg[69][62] failed (is not equivalent)
    Compare point core/iregfile/regfile_reg[69][61] failed (is not equivalent)
    Compare point core/iregfile/regfile_reg[69][60] failed (is not equivalent)
    Compare point core/iregfile/regfile_reg[69][5] failed (is not equivalent)
    Compare point core/iregfile/regfile_reg[69][59] failed (is not equivalent)
    Compare point core/iregfile/regfile_reg[69][58] failed (is not equivalent)
    Compare point core/iregfile/regfile_reg[69][57] failed (is not equivalent)
    Compare point core/iregfile/regfile_reg[69][56] failed (is not equivalent)
    Compare point core/iregfile/regfile_reg[69][55] failed (is not equivalent)
    Compare point core/iregfile/regfile_reg[69][54] failed (is not equivalent)
    Compare point core/iregfile/regfile_reg[69][53] failed (is not equivalent)
    Compare point core/iregfile/regfile_reg[69][52] failed (is not equivalent)
    Compare point core/iregfile/regfile_reg[69][51] failed (is not equivalent)
    Compare point core/iregfile/regfile_reg[69][50] failed (is not equivalent)
    Compare point core/iregfile/regfile_reg[69][4] failed (is not equivalent)
    Compare point core/iregfile/regfile_reg[69][49] failed (is not equivalent)
    Compare point core/iregfile/regfile_reg[69][48] failed (is not equivalent)
    Compare point core/iregfile/regfile_reg[69][47] failed (is not equivalent)
    Compare point core/iregfile/regfile_reg[69][46] failed (is not equivalent)
    Compare point core/iregfile/regfile_reg[69][45] failed (is not equivalent)
    Compare point core/iregfile/regfile_reg[69][44] failed (is not equivalent)
    Compare point core/iregfile/regfile_reg[69][43] failed (is not equivalent)
    Compare point core/iregfile/regfile_reg[69][42] failed (is not equivalent)
    Compare point core/iregfile/regfile_reg[69][41] failed (is not equivalent)
    Compare point core/iregfile/regfile_reg[69][40] failed (is not equivalent)
    Compare point core/iregfile/regfile_reg[69][3] failed (is not equivalent)
    Compare point core/iregfile/regfile_reg[69][39] failed (is not equivalent)
    Compare point core/iregfile/regfile_reg[69][38] failed (is not equivalent)
    Compare point core/iregfile/regfile_reg[69][37] failed (is not equivalent)
    Compare point core/iregfile/regfile_reg[69][36] failed (is not equivalent)
    Compare point core/iregfile/regfile_reg[69][35] failed (is not equivalent)
    Compare point core/iregfile/regfile_reg[69][34] failed (is not equivalent)
    Compare point core/iregfile/regfile_reg[69][33] failed (is not equivalent)
    Compare point core/iregfile/regfile_reg[69][32] failed (is not equivalent)
    Compare point core/iregfile/regfile_reg[69][31] failed (is not equivalent)
    Compare point core/iregfile/regfile_reg[69][30] failed (is not equivalent)
    Compare point core/iregfile/regfile_reg[69][2] failed (is not equivalent)
    Compare point core/iregfile/regfile_reg[69][29] failed (is not equivalent)
    Compare point core/iregfile/regfile_reg[69][28] failed (is not equivalent)
    Compare point core/iregfile/regfile_reg[69][27] failed (is not equivalent)
    Compare point core/iregfile/regfile_reg[69][26] failed (is not equivalent)
    Compare point core/iregfile/regfile_reg[69][25] failed (is not equivalent)
    Compare point core/iregfile/regfile_reg[69][24] failed (is not equivalent)
    Compare point core/iregfile/regfile_reg[69][23] failed (is not equivalent)
    Compare point core/iregfile/regfile_reg[69][22] failed (is not equivalent)
    Compare point core/iregfile/regfile_reg[69][21] failed (is not equivalent)
    Compare point core/iregfile/regfile_reg[69][20] failed (is not equivalent)
    Compare point core/iregfile/regfile_reg[69][1] failed (is not equivalent)
    Compare point core/iregfile/regfile_reg[69][19] failed (is not equivalent)
    Compare point core/iregfile/regfile_reg[69][18] failed (is not equivalent)
    Compare point core/iregfile/regfile_reg[69][17] failed (is not equivalent)
    Compare point core/iregfile/regfile_reg[69][16] failed (is not equivalent)
    Compare point core/iregfile/regfile_reg[69][15] failed (is not equivalent)
    Compare point core/iregfile/regfile_reg[69][14] failed (is not equivalent)
    Compare point core/iregfile/regfile_reg[69][13] failed (is not equivalent)
    Compare point core/iregfile/regfile_reg[69][12] failed (is not equivalent)
    Compare point core/iregfile/regfile_reg[69][11] failed (is not equivalent)
    Compare point core/iregfile/regfile_reg[69][10] failed (is not equivalent)
    Compare point core/iregfile/regfile_reg[6][62] failed (is not equivalent)
    Compare point core/iregfile/regfile_reg[6][19] failed (is not equivalent)
    Compare point core/iregfile/regfile_reg[6][9] failed (is not equivalent)
    Compare point core/iregfile/regfile_reg[6][8] failed (is not equivalent)
    Compare point core/iregfile/regfile_reg[6][7] failed (is not equivalent)
    Compare point core/iregfile/regfile_reg[6][6] failed (is not equivalent)
    Compare point core/iregfile/regfile_reg[6][63] failed (is not equivalent)
    Compare point core/iregfile/regfile_reg[6][61] failed (is not equivalent)
    Compare point core/iregfile/regfile_reg[6][60] failed (is not equivalent)
    Compare point core/iregfile/regfile_reg[6][5] failed (is not equivalent)
    Compare point core/iregfile/regfile_reg[6][59] failed (is not equivalent)
    Compare point core/iregfile/regfile_reg[6][58] failed (is not equivalent)
    Compare point core/iregfile/regfile_reg[6][57] failed (is not equivalent)
    Compare point core/iregfile/regfile_reg[6][56] failed (is not equivalent)
    Compare point core/iregfile/regfile_reg[6][55] failed (is not equivalent)
    Compare point core/iregfile/regfile_reg[6][54] failed (is not equivalent)
    Compare point core/iregfile/regfile_reg[6][53] failed (is not equivalent)
    Compare point core/iregfile/regfile_reg[6][52] failed (is not equivalent)
    Compare point core/iregfile/regfile_reg[6][51] failed (is not equivalent)
    Compare point core/iregfile/regfile_reg[6][50] failed (is not equivalent)
    Compare point core/iregfile/regfile_reg[6][4] failed (is not equivalent)
    Compare point core/iregfile/regfile_reg[6][49] failed (is not equivalent)
    Compare point core/iregfile/regfile_reg[6][48] failed (is not equivalent)
    Compare point core/iregfile/regfile_reg[6][47] failed (is not equivalent)
    Compare point core/iregfile/regfile_reg[6][46] failed (is not equivalent)
    Compare point core/iregfile/regfile_reg[6][45] failed (is not equivalent)
    Compare point core/iregfile/regfile_reg[6][44] failed (is not equivalent)
    Compare point core/iregfile/regfile_reg[6][43] failed (is not equivalent)
    Compare point core/iregfile/regfile_reg[6][42] failed (is not equivalent)
    Compare point core/iregfile/regfile_reg[6][41] failed (is not equivalent)
    Compare point core/iregfile/regfile_reg[6][40] failed (is not equivalent)
    Compare point core/iregfile/regfile_reg[6][3] failed (is not equivalent)
    Compare point core/iregfile/regfile_reg[6][39] failed (is not equivalent)
    Compare point core/iregfile/regfile_reg[6][38] failed (is not equivalent)
    Compare point core/iregfile/regfile_reg[6][37] failed (is not equivalent)
    Compare point core/iregfile/regfile_reg[6][36] failed (is not equivalent)
    Compare point core/iregfile/regfile_reg[6][35] failed (is not equivalent)
    Compare point core/iregfile/regfile_reg[6][34] failed (is not equivalent)
    Compare point core/iregfile/regfile_reg[6][33] failed (is not equivalent)
    Compare point core/iregfile/regfile_reg[6][32] failed (is not equivalent)
    Compare point core/iregfile/regfile_reg[6][31] failed (is not equivalent)
    Compare point core/iregfile/regfile_reg[6][30] failed (is not equivalent)
    Compare point core/iregfile/regfile_reg[6][2] failed (is not equivalent)
    Compare point core/iregfile/regfile_reg[6][29] failed (is not equivalent)
    Compare point core/iregfile/regfile_reg[6][28] failed (is not equivalent)
    Compare point core/iregfile/regfile_reg[6][27] failed (is not equivalent)
    Compare point core/iregfile/regfile_reg[6][26] failed (is not equivalent)
    Compare point core/iregfile/regfile_reg[6][25] failed (is not equivalent)
    Compare point core/iregfile/regfile_reg[6][24] failed (is not equivalent)
    Compare point core/iregfile/regfile_reg[6][23] failed (is not equivalent)
    Compare point core/iregfile/regfile_reg[6][22] failed (is not equivalent)
    Compare point core/iregfile/regfile_reg[6][21] failed (is not equivalent)
    Compare point core/iregfile/regfile_reg[6][20] failed (is not equivalent)
    Compare point core/iregfile/regfile_reg[6][1] failed (is not equivalent)
    Compare point core/iregfile/regfile_reg[6][18] failed (is not equivalent)
    Compare point core/iregfile/regfile_reg[6][17] failed (is not equivalent)
    Compare point core/iregfile/regfile_reg[6][16] failed (is not equivalent)
    Compare point core/iregfile/regfile_reg[6][15] failed (is not equivalent)
    Compare point core/iregfile/regfile_reg[6][14] failed (is not equivalent)
    Compare point core/iregfile/regfile_reg[6][13] failed (is not equivalent)
    Compare point core/iregfile/regfile_reg[6][12] failed (is not equivalent)
    Compare point core/iregfile/regfile_reg[6][11] failed (is not equivalent)
    Compare point core/iregfile/regfile_reg[6][10] failed (is not equivalent)
    Compare point core/iregfile/regfile_reg[6][0] failed (is not equivalent)
    Compare point core/iregfile/regfile_reg[70][0] failed (is not equivalent)
    Compare point core/iregfile/regfile_reg[70][9] failed (is not equivalent)
    Compare point core/iregfile/regfile_reg[70][8] failed (is not equivalent)
    Compare point core/iregfile/regfile_reg[70][7] failed (is not equivalent)
    Compare point core/iregfile/regfile_reg[70][6] failed (is not equivalent)
    Compare point core/iregfile/regfile_reg[70][63] failed (is not equivalent)
    Compare point core/iregfile/regfile_reg[70][62] failed (is not equivalent)
    Compare point core/iregfile/regfile_reg[70][61] failed (is not equivalent)
    Compare point core/iregfile/regfile_reg[70][60] failed (is not equivalent)
    Compare point core/iregfile/regfile_reg[70][5] failed (is not equivalent)
    Compare point core/iregfile/regfile_reg[70][59] failed (is not equivalent)
    Compare point core/iregfile/regfile_reg[70][58] failed (is not equivalent)
    Compare point core/iregfile/regfile_reg[70][57] failed (is not equivalent)
    Compare point core/iregfile/regfile_reg[70][56] failed (is not equivalent)
    Compare point core/iregfile/regfile_reg[70][55] failed (is not equivalent)
    Compare point core/iregfile/regfile_reg[70][54] failed (is not equivalent)
    Compare point core/iregfile/regfile_reg[70][53] failed (is not equivalent)
    Compare point core/iregfile/regfile_reg[70][52] failed (is not equivalent)
    Compare point core/iregfile/regfile_reg[70][51] failed (is not equivalent)
    Compare point core/iregfile/regfile_reg[70][50] failed (is not equivalent)
    Compare point core/iregfile/regfile_reg[70][4] failed (is not equivalent)
    Compare point core/iregfile/regfile_reg[70][49] failed (is not equivalent)
    Compare point core/iregfile/regfile_reg[70][48] failed (is not equivalent)
    Compare point core/iregfile/regfile_reg[70][47] failed (is not equivalent)
    Compare point core/iregfile/regfile_reg[70][46] failed (is not equivalent)
    Compare point core/iregfile/regfile_reg[70][45] failed (is not equivalent)
    Compare point core/iregfile/regfile_reg[70][44] failed (is not equivalent)
    Compare point core/iregfile/regfile_reg[70][43] failed (is not equivalent)
    Compare point core/iregfile/regfile_reg[70][42] failed (is not equivalent)
    Compare point core/iregfile/regfile_reg[70][41] failed (is not equivalent)
    Compare point core/iregfile/regfile_reg[70][40] failed (is not equivalent)
    Compare point core/iregfile/regfile_reg[70][3] failed (is not equivalent)
    Compare point core/iregfile/regfile_reg[70][39] failed (is not equivalent)
    Compare point core/iregfile/regfile_reg[70][38] failed (is not equivalent)
    Compare point core/iregfile/regfile_reg[70][37] failed (is not equivalent)
    Compare point core/iregfile/regfile_reg[70][36] failed (is not equivalent)
    Compare point core/iregfile/regfile_reg[70][35] failed (is not equivalent)
    Compare point core/iregfile/regfile_reg[70][34] failed (is not equivalent)
    Compare point core/iregfile/regfile_reg[70][33] failed (is not equivalent)
    Compare point core/iregfile/regfile_reg[70][32] failed (is not equivalent)
    Compare point core/iregfile/regfile_reg[70][31] failed (is not equivalent)
    Compare point core/iregfile/regfile_reg[70][30] failed (is not equivalent)
    Compare point core/iregfile/regfile_reg[70][2] failed (is not equivalent)
    Compare point core/iregfile/regfile_reg[70][29] failed (is not equivalent)
    Compare point core/iregfile/regfile_reg[70][28] failed (is not equivalent)
    Compare point core/iregfile/regfile_reg[70][27] failed (is not equivalent)
    Compare point core/iregfile/regfile_reg[70][26] failed (is not equivalent)
    Compare point core/iregfile/regfile_reg[70][25] failed (is not equivalent)
    Compare point core/iregfile/regfile_reg[70][24] failed (is not equivalent)
    Compare point core/iregfile/regfile_reg[70][23] failed (is not equivalent)
    Compare point core/iregfile/regfile_reg[70][22] failed (is not equivalent)
    Compare point core/iregfile/regfile_reg[70][21] failed (is not equivalent)
    Compare point core/iregfile/regfile_reg[70][20] failed (is not equivalent)
    Compare point core/iregfile/regfile_reg[70][1] failed (is not equivalent)
    Compare point core/iregfile/regfile_reg[70][19] failed (is not equivalent)
    Compare point core/iregfile/regfile_reg[70][18] failed (is not equivalent)
    Compare point core/iregfile/regfile_reg[70][17] failed (is not equivalent)
    Compare point core/iregfile/regfile_reg[70][16] failed (is not equivalent)
    Compare point core/iregfile/regfile_reg[70][15] failed (is not equivalent)
    Compare point core/iregfile/regfile_reg[70][14] failed (is not equivalent)
    Compare point core/iregfile/regfile_reg[70][13] failed (is not equivalent)
    Compare point core/iregfile/regfile_reg[70][12] failed (is not equivalent)
    Compare point core/iregfile/regfile_reg[70][11] failed (is not equivalent)
    Compare point core/iregfile/regfile_reg[70][10] failed (is not equivalent)
    Compare point core/iregfile/regfile_reg[71][9] failed (is not equivalent)
    Compare point core/iregfile/regfile_reg[71][8] failed (is not equivalent)
    Compare point core/iregfile/regfile_reg[71][7] failed (is not equivalent)
    Compare point core/iregfile/regfile_reg[71][6] failed (is not equivalent)
    Compare point core/iregfile/regfile_reg[71][63] failed (is not equivalent)
    Compare point core/iregfile/regfile_reg[71][62] failed (is not equivalent)
    Compare point core/iregfile/regfile_reg[71][61] failed (is not equivalent)
    Compare point core/iregfile/regfile_reg[71][60] failed (is not equivalent)
    Compare point core/iregfile/regfile_reg[71][5] failed (is not equivalent)
    Compare point core/iregfile/regfile_reg[71][59] failed (is not equivalent)
    Compare point core/iregfile/regfile_reg[71][58] failed (is not equivalent)
    Compare point core/iregfile/regfile_reg[71][57] failed (is not equivalent)
    Compare point core/iregfile/regfile_reg[71][56] failed (is not equivalent)
    Compare point core/iregfile/regfile_reg[71][55] failed (is not equivalent)
    Compare point core/iregfile/regfile_reg[71][54] failed (is not equivalent)
    Compare point core/iregfile/regfile_reg[71][53] failed (is not equivalent)
    Compare point core/iregfile/regfile_reg[71][52] failed (is not equivalent)
    Compare point core/iregfile/regfile_reg[71][51] failed (is not equivalent)
    Compare point core/iregfile/regfile_reg[71][50] failed (is not equivalent)
    Compare point core/iregfile/regfile_reg[71][4] failed (is not equivalent)
    Compare point core/iregfile/regfile_reg[71][49] failed (is not equivalent)
    Compare point core/iregfile/regfile_reg[71][48] failed (is not equivalent)
    Compare point core/iregfile/regfile_reg[71][47] failed (is not equivalent)
    Compare point core/iregfile/regfile_reg[71][46] failed (is not equivalent)
    Compare point core/iregfile/regfile_reg[71][45] failed (is not equivalent)
    Compare point core/iregfile/regfile_reg[71][44] failed (is not equivalent)
    Compare point core/iregfile/regfile_reg[71][43] failed (is not equivalent)
    Compare point core/iregfile/regfile_reg[71][42] failed (is not equivalent)
    Compare point core/iregfile/regfile_reg[71][41] failed (is not equivalent)
    Compare point core/iregfile/regfile_reg[71][40] failed (is not equivalent)
    Compare point core/iregfile/regfile_reg[71][3] failed (is not equivalent)
    Compare point core/iregfile/regfile_reg[71][39] failed (is not equivalent)
    Compare point core/iregfile/regfile_reg[71][38] failed (is not equivalent)
    Compare point core/iregfile/regfile_reg[71][37] failed (is not equivalent)
    Compare point core/iregfile/regfile_reg[71][36] failed (is not equivalent)
    Compare point core/iregfile/regfile_reg[71][35] failed (is not equivalent)
    Compare point core/iregfile/regfile_reg[71][34] failed (is not equivalent)
    Compare point core/iregfile/regfile_reg[71][33] failed (is not equivalent)
    Compare point core/iregfile/regfile_reg[71][32] failed (is not equivalent)
    Compare point core/iregfile/regfile_reg[71][31] failed (is not equivalent)
    Compare point core/iregfile/regfile_reg[71][30] failed (is not equivalent)
    Compare point core/iregfile/regfile_reg[71][2] failed (is not equivalent)
    Compare point core/iregfile/regfile_reg[71][29] failed (is not equivalent)
    Compare point core/iregfile/regfile_reg[71][28] failed (is not equivalent)
    Compare point core/iregfile/regfile_reg[71][27] failed (is not equivalent)
    Compare point core/iregfile/regfile_reg[71][26] failed (is not equivalent)
    Compare point core/iregfile/regfile_reg[71][25] failed (is not equivalent)
    Compare point core/iregfile/regfile_reg[71][24] failed (is not equivalent)
    Compare point core/iregfile/regfile_reg[71][23] failed (is not equivalent)
    Compare point core/iregfile/regfile_reg[71][22] failed (is not equivalent)
    Compare point core/iregfile/regfile_reg[71][21] failed (is not equivalent)
    Compare point core/iregfile/regfile_reg[71][20] failed (is not equivalent)
    Compare point core/iregfile/regfile_reg[71][1] failed (is not equivalent)
    Compare point core/iregfile/regfile_reg[71][19] failed (is not equivalent)
    Compare point core/iregfile/regfile_reg[71][18] failed (is not equivalent)
    Compare point core/iregfile/regfile_reg[71][17] failed (is not equivalent)
    Compare point core/iregfile/regfile_reg[71][16] failed (is not equivalent)
    Compare point core/iregfile/regfile_reg[71][15] failed (is not equivalent)
    Compare point core/iregfile/regfile_reg[71][14] failed (is not equivalent)
    Compare point core/iregfile/regfile_reg[71][13] failed (is not equivalent)
    Compare point core/iregfile/regfile_reg[71][12] failed (is not equivalent)
    Compare point core/iregfile/regfile_reg[71][11] failed (is not equivalent)
    Compare point core/iregfile/regfile_reg[71][10] failed (is not equivalent)
    Compare point core/iregfile/regfile_reg[71][0] failed (is not equivalent)
    Compare point core/iregfile/regfile_reg[72][0] failed (is not equivalent)
    Compare point core/iregfile/regfile_reg[72][9] failed (is not equivalent)
    Compare point core/iregfile/regfile_reg[72][8] failed (is not equivalent)
    Compare point core/iregfile/regfile_reg[72][7] failed (is not equivalent)
    Compare point core/iregfile/regfile_reg[72][6] failed (is not equivalent)
    Compare point core/iregfile/regfile_reg[72][63] failed (is not equivalent)
    Compare point core/iregfile/regfile_reg[72][62] failed (is not equivalent)
    Compare point core/iregfile/regfile_reg[72][61] failed (is not equivalent)
    Compare point core/iregfile/regfile_reg[72][60] failed (is not equivalent)
    Compare point core/iregfile/regfile_reg[72][5] failed (is not equivalent)
    Compare point core/iregfile/regfile_reg[72][59] failed (is not equivalent)
    Compare point core/iregfile/regfile_reg[72][58] failed (is not equivalent)
    Compare point core/iregfile/regfile_reg[72][57] failed (is not equivalent)
    Compare point core/iregfile/regfile_reg[72][56] failed (is not equivalent)
    Compare point core/iregfile/regfile_reg[72][55] failed (is not equivalent)
    Compare point core/iregfile/regfile_reg[72][54] failed (is not equivalent)
    Compare point core/iregfile/regfile_reg[72][53] failed (is not equivalent)
    Compare point core/iregfile/regfile_reg[72][52] failed (is not equivalent)
    Compare point core/iregfile/regfile_reg[72][51] failed (is not equivalent)
    Compare point core/iregfile/regfile_reg[72][50] failed (is not equivalent)
    Compare point core/iregfile/regfile_reg[72][4] failed (is not equivalent)
    Compare point core/iregfile/regfile_reg[72][49] failed (is not equivalent)
    Compare point core/iregfile/regfile_reg[72][48] failed (is not equivalent)
    Compare point core/iregfile/regfile_reg[72][47] failed (is not equivalent)
    Compare point core/iregfile/regfile_reg[72][46] failed (is not equivalent)
    Compare point core/iregfile/regfile_reg[72][45] failed (is not equivalent)
    Compare point core/iregfile/regfile_reg[72][44] failed (is not equivalent)
    Compare point core/iregfile/regfile_reg[72][43] failed (is not equivalent)
    Compare point core/iregfile/regfile_reg[72][42] failed (is not equivalent)
    Compare point core/iregfile/regfile_reg[72][41] failed (is not equivalent)
    Compare point core/iregfile/regfile_reg[72][40] failed (is not equivalent)
    Compare point core/iregfile/regfile_reg[72][3] failed (is not equivalent)
    Compare point core/iregfile/regfile_reg[72][39] failed (is not equivalent)
    Compare point core/iregfile/regfile_reg[72][38] failed (is not equivalent)
    Compare point core/iregfile/regfile_reg[72][37] failed (is not equivalent)
    Compare point core/iregfile/regfile_reg[72][36] failed (is not equivalent)
    Compare point core/iregfile/regfile_reg[72][35] failed (is not equivalent)
    Compare point core/iregfile/regfile_reg[72][34] failed (is not equivalent)
    Compare point core/iregfile/regfile_reg[72][33] failed (is not equivalent)
    Compare point core/iregfile/regfile_reg[72][32] failed (is not equivalent)
    Compare point core/iregfile/regfile_reg[72][31] failed (is not equivalent)
    Compare point core/iregfile/regfile_reg[72][30] failed (is not equivalent)
    Compare point core/iregfile/regfile_reg[72][2] failed (is not equivalent)
    Compare point core/iregfile/regfile_reg[72][29] failed (is not equivalent)
    Compare point core/iregfile/regfile_reg[72][28] failed (is not equivalent)
    Compare point core/iregfile/regfile_reg[72][27] failed (is not equivalent)
    Compare point core/iregfile/regfile_reg[72][26] failed (is not equivalent)
    Compare point core/iregfile/regfile_reg[72][25] failed (is not equivalent)
    Compare point core/iregfile/regfile_reg[72][24] failed (is not equivalent)
    Compare point core/iregfile/regfile_reg[72][23] failed (is not equivalent)
    Compare point core/iregfile/regfile_reg[72][22] failed (is not equivalent)
    Compare point core/iregfile/regfile_reg[72][21] failed (is not equivalent)
    Compare point core/iregfile/regfile_reg[72][20] failed (is not equivalent)
    Compare point core/iregfile/regfile_reg[72][1] failed (is not equivalent)
    Compare point core/iregfile/regfile_reg[72][19] failed (is not equivalent)
    Compare point core/iregfile/regfile_reg[72][18] failed (is not equivalent)
    Compare point core/iregfile/regfile_reg[72][17] failed (is not equivalent)
    Compare point core/iregfile/regfile_reg[72][16] failed (is not equivalent)
    Compare point core/iregfile/regfile_reg[72][15] failed (is not equivalent)
    Compare point core/iregfile/regfile_reg[72][14] failed (is not equivalent)
    Compare point core/iregfile/regfile_reg[72][13] failed (is not equivalent)
    Compare point core/iregfile/regfile_reg[72][12] failed (is not equivalent)
    Compare point core/iregfile/regfile_reg[72][11] failed (is not equivalent)
    Compare point core/iregfile/regfile_reg[72][10] failed (is not equivalent)
    Compare point core/iregfile/regfile_reg[73][4] failed (is not equivalent)
    Compare point core/iregfile/regfile_reg[73][38] failed (is not equivalent)
    Compare point core/iregfile/regfile_reg[73][0] failed (is not equivalent)
    Compare point core/iregfile/regfile_reg[73][9] failed (is not equivalent)
    Compare point core/iregfile/regfile_reg[73][8] failed (is not equivalent)
    Compare point core/iregfile/regfile_reg[73][7] failed (is not equivalent)
    Compare point core/iregfile/regfile_reg[73][6] failed (is not equivalent)
    Compare point core/iregfile/regfile_reg[73][63] failed (is not equivalent)
    Compare point core/iregfile/regfile_reg[73][62] failed (is not equivalent)
    Compare point core/iregfile/regfile_reg[73][61] failed (is not equivalent)
    Compare point core/iregfile/regfile_reg[73][60] failed (is not equivalent)
    Compare point core/iregfile/regfile_reg[73][5] failed (is not equivalent)
    Compare point core/iregfile/regfile_reg[73][59] failed (is not equivalent)
    Compare point core/iregfile/regfile_reg[73][58] failed (is not equivalent)
    Compare point core/iregfile/regfile_reg[73][57] failed (is not equivalent)
    Compare point core/iregfile/regfile_reg[73][56] failed (is not equivalent)
    Compare point core/iregfile/regfile_reg[73][55] failed (is not equivalent)
    Compare point core/iregfile/regfile_reg[73][54] failed (is not equivalent)
    Compare point core/iregfile/regfile_reg[73][53] failed (is not equivalent)
    Compare point core/iregfile/regfile_reg[73][52] failed (is not equivalent)
    Compare point core/iregfile/regfile_reg[73][51] failed (is not equivalent)
    Compare point core/iregfile/regfile_reg[73][50] failed (is not equivalent)
    Compare point core/iregfile/regfile_reg[73][49] failed (is not equivalent)
    Compare point core/iregfile/regfile_reg[73][48] failed (is not equivalent)
    Compare point core/iregfile/regfile_reg[73][47] failed (is not equivalent)
    Compare point core/iregfile/regfile_reg[73][46] failed (is not equivalent)
    Compare point core/iregfile/regfile_reg[73][45] failed (is not equivalent)
    Compare point core/iregfile/regfile_reg[73][44] failed (is not equivalent)
    Compare point core/iregfile/regfile_reg[73][43] failed (is not equivalent)
    Compare point core/iregfile/regfile_reg[73][42] failed (is not equivalent)
    Compare point core/iregfile/regfile_reg[73][41] failed (is not equivalent)
    Compare point core/iregfile/regfile_reg[73][40] failed (is not equivalent)
    Compare point core/iregfile/regfile_reg[73][3] failed (is not equivalent)
    Compare point core/iregfile/regfile_reg[73][39] failed (is not equivalent)
    Compare point core/iregfile/regfile_reg[73][37] failed (is not equivalent)
    Compare point core/iregfile/regfile_reg[73][36] failed (is not equivalent)
    Compare point core/iregfile/regfile_reg[73][35] failed (is not equivalent)
    Compare point core/iregfile/regfile_reg[73][34] failed (is not equivalent)
    Compare point core/iregfile/regfile_reg[73][33] failed (is not equivalent)
    Compare point core/iregfile/regfile_reg[73][32] failed (is not equivalent)
    Compare point core/iregfile/regfile_reg[73][31] failed (is not equivalent)
    Compare point core/iregfile/regfile_reg[73][30] failed (is not equivalent)
    Compare point core/iregfile/regfile_reg[73][2] failed (is not equivalent)
    Compare point core/iregfile/regfile_reg[73][29] failed (is not equivalent)
    Compare point core/iregfile/regfile_reg[73][28] failed (is not equivalent)
    Compare point core/iregfile/regfile_reg[73][27] failed (is not equivalent)
    Compare point core/iregfile/regfile_reg[73][26] failed (is not equivalent)
    Compare point core/iregfile/regfile_reg[73][25] failed (is not equivalent)
    Compare point core/iregfile/regfile_reg[73][24] failed (is not equivalent)
    Compare point core/iregfile/regfile_reg[73][23] failed (is not equivalent)
    Compare point core/iregfile/regfile_reg[73][22] failed (is not equivalent)
    Compare point core/iregfile/regfile_reg[73][21] failed (is not equivalent)
    Compare point core/iregfile/regfile_reg[73][20] failed (is not equivalent)
    Compare point core/iregfile/regfile_reg[73][1] failed (is not equivalent)
    Compare point core/iregfile/regfile_reg[73][19] failed (is not equivalent)
    Compare point core/iregfile/regfile_reg[73][18] failed (is not equivalent)
    Compare point core/iregfile/regfile_reg[73][17] failed (is not equivalent)
    Compare point core/iregfile/regfile_reg[73][16] failed (is not equivalent)
    Compare point core/iregfile/regfile_reg[73][15] failed (is not equivalent)
    Compare point core/iregfile/regfile_reg[73][14] failed (is not equivalent)
    Compare point core/iregfile/regfile_reg[73][13] failed (is not equivalent)
    Compare point core/iregfile/regfile_reg[73][12] failed (is not equivalent)
    Compare point core/iregfile/regfile_reg[73][11] failed (is not equivalent)
    Compare point core/iregfile/regfile_reg[73][10] failed (is not equivalent)
    Compare point core/iregfile/regfile_reg[74][0] failed (is not equivalent)
    Compare point core/iregfile/regfile_reg[74][9] failed (is not equivalent)
    Compare point core/iregfile/regfile_reg[74][8] failed (is not equivalent)
    Compare point core/iregfile/regfile_reg[74][7] failed (is not equivalent)
    Compare point core/iregfile/regfile_reg[74][6] failed (is not equivalent)
    Compare point core/iregfile/regfile_reg[74][63] failed (is not equivalent)
    Compare point core/iregfile/regfile_reg[74][62] failed (is not equivalent)
    Compare point core/iregfile/regfile_reg[74][61] failed (is not equivalent)
    Compare point core/iregfile/regfile_reg[74][60] failed (is not equivalent)
    Compare point core/iregfile/regfile_reg[74][5] failed (is not equivalent)
    Compare point core/iregfile/regfile_reg[74][59] failed (is not equivalent)
    Compare point core/iregfile/regfile_reg[74][58] failed (is not equivalent)
    Compare point core/iregfile/regfile_reg[74][57] failed (is not equivalent)
    Compare point core/iregfile/regfile_reg[74][56] failed (is not equivalent)
    Compare point core/iregfile/regfile_reg[74][55] failed (is not equivalent)
    Compare point core/iregfile/regfile_reg[74][54] failed (is not equivalent)
    Compare point core/iregfile/regfile_reg[74][53] failed (is not equivalent)
    Compare point core/iregfile/regfile_reg[74][52] failed (is not equivalent)
    Compare point core/iregfile/regfile_reg[74][51] failed (is not equivalent)
    Compare point core/iregfile/regfile_reg[74][50] failed (is not equivalent)
    Compare point core/iregfile/regfile_reg[74][4] failed (is not equivalent)
    Compare point core/iregfile/regfile_reg[74][49] failed (is not equivalent)
    Compare point core/iregfile/regfile_reg[74][48] failed (is not equivalent)
    Compare point core/iregfile/regfile_reg[74][47] failed (is not equivalent)
    Compare point core/iregfile/regfile_reg[74][46] failed (is not equivalent)
    Compare point core/iregfile/regfile_reg[74][45] failed (is not equivalent)
    Compare point core/iregfile/regfile_reg[74][44] failed (is not equivalent)
    Compare point core/iregfile/regfile_reg[74][43] failed (is not equivalent)
    Compare point core/iregfile/regfile_reg[74][42] failed (is not equivalent)
    Compare point core/iregfile/regfile_reg[74][41] failed (is not equivalent)
    Compare point core/iregfile/regfile_reg[74][40] failed (is not equivalent)
    Compare point core/iregfile/regfile_reg[74][3] failed (is not equivalent)
    Compare point core/iregfile/regfile_reg[74][39] failed (is not equivalent)
    Compare point core/iregfile/regfile_reg[74][38] failed (is not equivalent)
    Compare point core/iregfile/regfile_reg[74][37] failed (is not equivalent)
    Compare point core/iregfile/regfile_reg[74][36] failed (is not equivalent)
    Compare point core/iregfile/regfile_reg[74][35] failed (is not equivalent)
    Compare point core/iregfile/regfile_reg[74][34] failed (is not equivalent)
    Compare point core/iregfile/regfile_reg[74][33] failed (is not equivalent)
    Compare point core/iregfile/regfile_reg[74][32] failed (is not equivalent)
    Compare point core/iregfile/regfile_reg[74][31] failed (is not equivalent)
    Compare point core/iregfile/regfile_reg[74][30] failed (is not equivalent)
    Compare point core/iregfile/regfile_reg[74][2] failed (is not equivalent)
    Compare point core/iregfile/regfile_reg[74][29] failed (is not equivalent)
    Compare point core/iregfile/regfile_reg[74][28] failed (is not equivalent)
    Compare point core/iregfile/regfile_reg[74][27] failed (is not equivalent)
    Compare point core/iregfile/regfile_reg[74][26] failed (is not equivalent)
    Compare point core/iregfile/regfile_reg[74][25] failed (is not equivalent)
    Compare point core/iregfile/regfile_reg[74][24] failed (is not equivalent)
    Compare point core/iregfile/regfile_reg[74][23] failed (is not equivalent)
    Compare point core/iregfile/regfile_reg[74][22] failed (is not equivalent)
    Compare point core/iregfile/regfile_reg[74][21] failed (is not equivalent)
    Compare point core/iregfile/regfile_reg[74][20] failed (is not equivalent)
    Compare point core/iregfile/regfile_reg[74][1] failed (is not equivalent)
    Compare point core/iregfile/regfile_reg[74][19] failed (is not equivalent)
    Compare point core/iregfile/regfile_reg[74][18] failed (is not equivalent)
    Compare point core/iregfile/regfile_reg[74][17] failed (is not equivalent)
    Compare point core/iregfile/regfile_reg[74][16] failed (is not equivalent)
    Compare point core/iregfile/regfile_reg[74][15] failed (is not equivalent)
    Compare point core/iregfile/regfile_reg[74][14] failed (is not equivalent)
    Compare point core/iregfile/regfile_reg[74][13] failed (is not equivalent)
    Compare point core/iregfile/regfile_reg[74][12] failed (is not equivalent)
    Compare point core/iregfile/regfile_reg[74][11] failed (is not equivalent)
    Compare point core/iregfile/regfile_reg[74][10] failed (is not equivalent)
.
    Compare point core/iregfile/regfile_reg[75][0] failed (is not equivalent)
    Compare point core/iregfile/regfile_reg[75][9] failed (is not equivalent)
    Compare point core/iregfile/regfile_reg[75][8] failed (is not equivalent)
    Compare point core/iregfile/regfile_reg[75][7] failed (is not equivalent)
    Compare point core/iregfile/regfile_reg[75][6] failed (is not equivalent)
    Compare point core/iregfile/regfile_reg[75][63] failed (is not equivalent)
    Compare point core/iregfile/regfile_reg[75][62] failed (is not equivalent)
    Compare point core/iregfile/regfile_reg[75][61] failed (is not equivalent)
    Compare point core/iregfile/regfile_reg[75][60] failed (is not equivalent)
    Compare point core/iregfile/regfile_reg[75][5] failed (is not equivalent)
    Compare point core/iregfile/regfile_reg[75][59] failed (is not equivalent)
    Compare point core/iregfile/regfile_reg[75][58] failed (is not equivalent)
    Compare point core/iregfile/regfile_reg[75][57] failed (is not equivalent)
    Compare point core/iregfile/regfile_reg[75][56] failed (is not equivalent)
    Compare point core/iregfile/regfile_reg[75][55] failed (is not equivalent)
    Compare point core/iregfile/regfile_reg[75][54] failed (is not equivalent)
    Compare point core/iregfile/regfile_reg[75][53] failed (is not equivalent)
    Compare point core/iregfile/regfile_reg[75][52] failed (is not equivalent)
    Compare point core/iregfile/regfile_reg[75][51] failed (is not equivalent)
    Compare point core/iregfile/regfile_reg[75][50] failed (is not equivalent)
    Compare point core/iregfile/regfile_reg[75][4] failed (is not equivalent)
    Compare point core/iregfile/regfile_reg[75][49] failed (is not equivalent)
    Compare point core/iregfile/regfile_reg[75][48] failed (is not equivalent)
    Compare point core/iregfile/regfile_reg[75][47] failed (is not equivalent)
    Compare point core/iregfile/regfile_reg[75][46] failed (is not equivalent)
    Compare point core/iregfile/regfile_reg[75][45] failed (is not equivalent)
    Compare point core/iregfile/regfile_reg[75][44] failed (is not equivalent)
    Compare point core/iregfile/regfile_reg[75][43] failed (is not equivalent)
    Compare point core/iregfile/regfile_reg[75][42] failed (is not equivalent)
    Compare point core/iregfile/regfile_reg[75][41] failed (is not equivalent)
    Compare point core/iregfile/regfile_reg[75][40] failed (is not equivalent)
    Compare point core/iregfile/regfile_reg[75][3] failed (is not equivalent)
    Compare point core/iregfile/regfile_reg[75][39] failed (is not equivalent)
    Compare point core/iregfile/regfile_reg[75][38] failed (is not equivalent)
    Compare point core/iregfile/regfile_reg[75][37] failed (is not equivalent)
    Compare point core/iregfile/regfile_reg[75][36] failed (is not equivalent)
    Compare point core/iregfile/regfile_reg[75][35] failed (is not equivalent)
    Compare point core/iregfile/regfile_reg[75][34] failed (is not equivalent)
    Compare point core/iregfile/regfile_reg[75][33] failed (is not equivalent)
    Compare point core/iregfile/regfile_reg[75][32] failed (is not equivalent)
    Compare point core/iregfile/regfile_reg[75][31] failed (is not equivalent)
    Compare point core/iregfile/regfile_reg[75][30] failed (is not equivalent)
    Compare point core/iregfile/regfile_reg[75][2] failed (is not equivalent)
    Compare point core/iregfile/regfile_reg[75][29] failed (is not equivalent)
    Compare point core/iregfile/regfile_reg[75][28] failed (is not equivalent)
    Compare point core/iregfile/regfile_reg[75][27] failed (is not equivalent)
    Compare point core/iregfile/regfile_reg[75][26] failed (is not equivalent)
    Compare point core/iregfile/regfile_reg[75][25] failed (is not equivalent)
    Compare point core/iregfile/regfile_reg[75][24] failed (is not equivalent)
    Compare point core/iregfile/regfile_reg[75][23] failed (is not equivalent)
    Compare point core/iregfile/regfile_reg[75][22] failed (is not equivalent)
    Compare point core/iregfile/regfile_reg[75][21] failed (is not equivalent)
    Compare point core/iregfile/regfile_reg[75][20] failed (is not equivalent)
    Compare point core/iregfile/regfile_reg[75][1] failed (is not equivalent)
    Compare point core/iregfile/regfile_reg[75][19] failed (is not equivalent)
    Compare point core/iregfile/regfile_reg[75][18] failed (is not equivalent)
    Compare point core/iregfile/regfile_reg[75][17] failed (is not equivalent)
    Compare point core/iregfile/regfile_reg[75][16] failed (is not equivalent)
    Compare point core/iregfile/regfile_reg[75][15] failed (is not equivalent)
    Compare point core/iregfile/regfile_reg[75][14] failed (is not equivalent)
    Compare point core/iregfile/regfile_reg[75][13] failed (is not equivalent)
    Compare point core/iregfile/regfile_reg[75][12] failed (is not equivalent)
    Compare point core/iregfile/regfile_reg[75][11] failed (is not equivalent)
    Compare point core/iregfile/regfile_reg[75][10] failed (is not equivalent)
    Compare point core/iregfile/regfile_reg[76][15] failed (is not equivalent)
    Compare point core/iregfile/regfile_reg[76][9] failed (is not equivalent)
    Compare point core/iregfile/regfile_reg[76][8] failed (is not equivalent)
    Compare point core/iregfile/regfile_reg[76][7] failed (is not equivalent)
    Compare point core/iregfile/regfile_reg[76][6] failed (is not equivalent)
    Compare point core/iregfile/regfile_reg[76][63] failed (is not equivalent)
    Compare point core/iregfile/regfile_reg[76][62] failed (is not equivalent)
    Compare point core/iregfile/regfile_reg[76][61] failed (is not equivalent)
    Compare point core/iregfile/regfile_reg[76][60] failed (is not equivalent)
    Compare point core/iregfile/regfile_reg[76][5] failed (is not equivalent)
    Compare point core/iregfile/regfile_reg[76][59] failed (is not equivalent)
    Compare point core/iregfile/regfile_reg[76][58] failed (is not equivalent)
    Compare point core/iregfile/regfile_reg[76][57] failed (is not equivalent)
    Compare point core/iregfile/regfile_reg[76][56] failed (is not equivalent)
    Compare point core/iregfile/regfile_reg[76][55] failed (is not equivalent)
    Compare point core/iregfile/regfile_reg[76][54] failed (is not equivalent)
    Compare point core/iregfile/regfile_reg[76][53] failed (is not equivalent)
    Compare point core/iregfile/regfile_reg[76][52] failed (is not equivalent)
    Compare point core/iregfile/regfile_reg[76][51] failed (is not equivalent)
    Compare point core/iregfile/regfile_reg[76][50] failed (is not equivalent)
    Compare point core/iregfile/regfile_reg[76][4] failed (is not equivalent)
    Compare point core/iregfile/regfile_reg[76][49] failed (is not equivalent)
    Compare point core/iregfile/regfile_reg[76][48] failed (is not equivalent)
    Compare point core/iregfile/regfile_reg[76][47] failed (is not equivalent)
    Compare point core/iregfile/regfile_reg[76][46] failed (is not equivalent)
    Compare point core/iregfile/regfile_reg[76][45] failed (is not equivalent)
    Compare point core/iregfile/regfile_reg[76][44] failed (is not equivalent)
    Compare point core/iregfile/regfile_reg[76][43] failed (is not equivalent)
    Compare point core/iregfile/regfile_reg[76][42] failed (is not equivalent)
    Compare point core/iregfile/regfile_reg[76][41] failed (is not equivalent)
    Compare point core/iregfile/regfile_reg[76][40] failed (is not equivalent)
    Compare point core/iregfile/regfile_reg[76][3] failed (is not equivalent)
    Compare point core/iregfile/regfile_reg[76][39] failed (is not equivalent)
    Compare point core/iregfile/regfile_reg[76][38] failed (is not equivalent)
    Compare point core/iregfile/regfile_reg[76][37] failed (is not equivalent)
    Compare point core/iregfile/regfile_reg[76][36] failed (is not equivalent)
    Compare point core/iregfile/regfile_reg[76][35] failed (is not equivalent)
    Compare point core/iregfile/regfile_reg[76][34] failed (is not equivalent)
    Compare point core/iregfile/regfile_reg[76][33] failed (is not equivalent)
    Compare point core/iregfile/regfile_reg[76][32] failed (is not equivalent)
    Compare point core/iregfile/regfile_reg[76][31] failed (is not equivalent)
    Compare point core/iregfile/regfile_reg[76][30] failed (is not equivalent)
    Compare point core/iregfile/regfile_reg[76][2] failed (is not equivalent)
    Compare point core/iregfile/regfile_reg[76][29] failed (is not equivalent)
    Compare point core/iregfile/regfile_reg[76][28] failed (is not equivalent)
    Compare point core/iregfile/regfile_reg[76][27] failed (is not equivalent)
    Compare point core/iregfile/regfile_reg[76][26] failed (is not equivalent)
    Compare point core/iregfile/regfile_reg[76][25] failed (is not equivalent)
    Compare point core/iregfile/regfile_reg[76][24] failed (is not equivalent)
    Compare point core/iregfile/regfile_reg[76][23] failed (is not equivalent)
    Compare point core/iregfile/regfile_reg[76][22] failed (is not equivalent)
    Compare point core/iregfile/regfile_reg[76][21] failed (is not equivalent)
    Compare point core/iregfile/regfile_reg[76][20] failed (is not equivalent)
    Compare point core/iregfile/regfile_reg[76][1] failed (is not equivalent)
    Compare point core/iregfile/regfile_reg[76][19] failed (is not equivalent)
    Compare point core/iregfile/regfile_reg[76][18] failed (is not equivalent)
    Compare point core/iregfile/regfile_reg[76][17] failed (is not equivalent)
    Compare point core/iregfile/regfile_reg[76][16] failed (is not equivalent)
    Compare point core/iregfile/regfile_reg[76][14] failed (is not equivalent)
    Compare point core/iregfile/regfile_reg[76][13] failed (is not equivalent)
    Compare point core/iregfile/regfile_reg[76][12] failed (is not equivalent)
    Compare point core/iregfile/regfile_reg[76][11] failed (is not equivalent)
    Compare point core/iregfile/regfile_reg[76][10] failed (is not equivalent)
    Compare point core/iregfile/regfile_reg[76][0] failed (is not equivalent)
    Compare point core/iregfile/regfile_reg[77][16] failed (is not equivalent)
    Compare point core/iregfile/regfile_reg[77][9] failed (is not equivalent)
    Compare point core/iregfile/regfile_reg[77][8] failed (is not equivalent)
    Compare point core/iregfile/regfile_reg[77][7] failed (is not equivalent)
    Compare point core/iregfile/regfile_reg[77][6] failed (is not equivalent)
    Compare point core/iregfile/regfile_reg[77][63] failed (is not equivalent)
    Compare point core/iregfile/regfile_reg[77][62] failed (is not equivalent)
    Compare point core/iregfile/regfile_reg[77][61] failed (is not equivalent)
    Compare point core/iregfile/regfile_reg[77][60] failed (is not equivalent)
    Compare point core/iregfile/regfile_reg[77][5] failed (is not equivalent)
    Compare point core/iregfile/regfile_reg[77][59] failed (is not equivalent)
    Compare point core/iregfile/regfile_reg[77][58] failed (is not equivalent)
    Compare point core/iregfile/regfile_reg[77][57] failed (is not equivalent)
    Compare point core/iregfile/regfile_reg[77][56] failed (is not equivalent)
    Compare point core/iregfile/regfile_reg[77][55] failed (is not equivalent)
    Compare point core/iregfile/regfile_reg[77][54] failed (is not equivalent)
    Compare point core/iregfile/regfile_reg[77][53] failed (is not equivalent)
    Compare point core/iregfile/regfile_reg[77][52] failed (is not equivalent)
    Compare point core/iregfile/regfile_reg[77][51] failed (is not equivalent)
    Compare point core/iregfile/regfile_reg[77][50] failed (is not equivalent)
    Compare point core/iregfile/regfile_reg[77][4] failed (is not equivalent)
    Compare point core/iregfile/regfile_reg[77][49] failed (is not equivalent)
    Compare point core/iregfile/regfile_reg[77][48] failed (is not equivalent)
    Compare point core/iregfile/regfile_reg[77][47] failed (is not equivalent)
    Compare point core/iregfile/regfile_reg[77][46] failed (is not equivalent)
    Compare point core/iregfile/regfile_reg[77][45] failed (is not equivalent)
    Compare point core/iregfile/regfile_reg[77][44] failed (is not equivalent)
    Compare point core/iregfile/regfile_reg[77][43] failed (is not equivalent)
    Compare point core/iregfile/regfile_reg[77][42] failed (is not equivalent)
    Compare point core/iregfile/regfile_reg[77][41] failed (is not equivalent)
    Compare point core/iregfile/regfile_reg[77][40] failed (is not equivalent)
    Compare point core/iregfile/regfile_reg[77][3] failed (is not equivalent)
    Compare point core/iregfile/regfile_reg[77][39] failed (is not equivalent)
    Compare point core/iregfile/regfile_reg[77][38] failed (is not equivalent)
    Compare point core/iregfile/regfile_reg[77][37] failed (is not equivalent)
    Compare point core/iregfile/regfile_reg[77][36] failed (is not equivalent)
    Compare point core/iregfile/regfile_reg[77][35] failed (is not equivalent)
    Compare point core/iregfile/regfile_reg[77][34] failed (is not equivalent)
    Compare point core/iregfile/regfile_reg[77][33] failed (is not equivalent)
    Compare point core/iregfile/regfile_reg[77][32] failed (is not equivalent)
    Compare point core/iregfile/regfile_reg[77][31] failed (is not equivalent)
    Compare point core/iregfile/regfile_reg[77][30] failed (is not equivalent)
    Compare point core/iregfile/regfile_reg[77][2] failed (is not equivalent)
    Compare point core/iregfile/regfile_reg[77][29] failed (is not equivalent)
    Compare point core/iregfile/regfile_reg[77][28] failed (is not equivalent)
    Compare point core/iregfile/regfile_reg[77][27] failed (is not equivalent)
    Compare point core/iregfile/regfile_reg[77][26] failed (is not equivalent)
    Compare point core/iregfile/regfile_reg[77][25] failed (is not equivalent)
    Compare point core/iregfile/regfile_reg[77][24] failed (is not equivalent)
    Compare point core/iregfile/regfile_reg[77][23] failed (is not equivalent)
    Compare point core/iregfile/regfile_reg[77][22] failed (is not equivalent)
    Compare point core/iregfile/regfile_reg[77][21] failed (is not equivalent)
    Compare point core/iregfile/regfile_reg[77][20] failed (is not equivalent)
    Compare point core/iregfile/regfile_reg[77][1] failed (is not equivalent)
    Compare point core/iregfile/regfile_reg[77][19] failed (is not equivalent)
    Compare point core/iregfile/regfile_reg[77][18] failed (is not equivalent)
    Compare point core/iregfile/regfile_reg[77][17] failed (is not equivalent)
    Compare point core/iregfile/regfile_reg[77][15] failed (is not equivalent)
    Compare point core/iregfile/regfile_reg[77][14] failed (is not equivalent)
    Compare point core/iregfile/regfile_reg[77][13] failed (is not equivalent)
    Compare point core/iregfile/regfile_reg[77][12] failed (is not equivalent)
    Compare point core/iregfile/regfile_reg[77][11] failed (is not equivalent)
    Compare point core/iregfile/regfile_reg[77][10] failed (is not equivalent)
    Compare point core/iregfile/regfile_reg[77][0] failed (is not equivalent)
    Compare point core/iregfile/regfile_reg[78][17] failed (is not equivalent)
    Compare point core/iregfile/regfile_reg[78][22] failed (is not equivalent)
    Compare point core/iregfile/regfile_reg[78][32] failed (is not equivalent)
    Compare point core/iregfile/regfile_reg[78][34] failed (is not equivalent)
    Compare point core/iregfile/regfile_reg[78][60] failed (is not equivalent)
    Compare point core/iregfile/regfile_reg[78][11] failed (is not equivalent)
    Compare point core/iregfile/regfile_reg[78][9] failed (is not equivalent)
    Compare point core/iregfile/regfile_reg[78][8] failed (is not equivalent)
    Compare point core/iregfile/regfile_reg[78][7] failed (is not equivalent)
    Compare point core/iregfile/regfile_reg[78][6] failed (is not equivalent)
    Compare point core/iregfile/regfile_reg[78][63] failed (is not equivalent)
    Compare point core/iregfile/regfile_reg[78][62] failed (is not equivalent)
    Compare point core/iregfile/regfile_reg[78][61] failed (is not equivalent)
    Compare point core/iregfile/regfile_reg[78][5] failed (is not equivalent)
    Compare point core/iregfile/regfile_reg[78][59] failed (is not equivalent)
    Compare point core/iregfile/regfile_reg[78][58] failed (is not equivalent)
    Compare point core/iregfile/regfile_reg[78][57] failed (is not equivalent)
    Compare point core/iregfile/regfile_reg[78][56] failed (is not equivalent)
    Compare point core/iregfile/regfile_reg[78][55] failed (is not equivalent)
    Compare point core/iregfile/regfile_reg[78][54] failed (is not equivalent)
    Compare point core/iregfile/regfile_reg[78][53] failed (is not equivalent)
    Compare point core/iregfile/regfile_reg[78][52] failed (is not equivalent)
    Compare point core/iregfile/regfile_reg[78][51] failed (is not equivalent)
    Compare point core/iregfile/regfile_reg[78][50] failed (is not equivalent)
    Compare point core/iregfile/regfile_reg[78][4] failed (is not equivalent)
    Compare point core/iregfile/regfile_reg[78][49] failed (is not equivalent)
    Compare point core/iregfile/regfile_reg[78][48] failed (is not equivalent)
    Compare point core/iregfile/regfile_reg[78][47] failed (is not equivalent)
    Compare point core/iregfile/regfile_reg[78][46] failed (is not equivalent)
    Compare point core/iregfile/regfile_reg[78][45] failed (is not equivalent)
    Compare point core/iregfile/regfile_reg[78][44] failed (is not equivalent)
    Compare point core/iregfile/regfile_reg[78][43] failed (is not equivalent)
    Compare point core/iregfile/regfile_reg[78][42] failed (is not equivalent)
    Compare point core/iregfile/regfile_reg[78][41] failed (is not equivalent)
    Compare point core/iregfile/regfile_reg[78][40] failed (is not equivalent)
    Compare point core/iregfile/regfile_reg[78][3] failed (is not equivalent)
    Compare point core/iregfile/regfile_reg[78][39] failed (is not equivalent)
    Compare point core/iregfile/regfile_reg[78][38] failed (is not equivalent)
    Compare point core/iregfile/regfile_reg[78][37] failed (is not equivalent)
    Compare point core/iregfile/regfile_reg[78][36] failed (is not equivalent)
    Compare point core/iregfile/regfile_reg[78][35] failed (is not equivalent)
    Compare point core/iregfile/regfile_reg[78][33] failed (is not equivalent)
    Compare point core/iregfile/regfile_reg[78][31] failed (is not equivalent)
    Compare point core/iregfile/regfile_reg[78][30] failed (is not equivalent)
    Compare point core/iregfile/regfile_reg[78][2] failed (is not equivalent)
    Compare point core/iregfile/regfile_reg[78][29] failed (is not equivalent)
    Compare point core/iregfile/regfile_reg[78][28] failed (is not equivalent)
    Compare point core/iregfile/regfile_reg[78][27] failed (is not equivalent)
    Compare point core/iregfile/regfile_reg[78][26] failed (is not equivalent)
    Compare point core/iregfile/regfile_reg[78][25] failed (is not equivalent)
    Compare point core/iregfile/regfile_reg[78][24] failed (is not equivalent)
    Compare point core/iregfile/regfile_reg[78][23] failed (is not equivalent)
    Compare point core/iregfile/regfile_reg[78][21] failed (is not equivalent)
    Compare point core/iregfile/regfile_reg[78][20] failed (is not equivalent)
    Compare point core/iregfile/regfile_reg[78][1] failed (is not equivalent)
    Compare point core/iregfile/regfile_reg[78][19] failed (is not equivalent)
    Compare point core/iregfile/regfile_reg[78][18] failed (is not equivalent)
    Compare point core/iregfile/regfile_reg[78][16] failed (is not equivalent)
    Compare point core/iregfile/regfile_reg[78][15] failed (is not equivalent)
    Compare point core/iregfile/regfile_reg[78][14] failed (is not equivalent)
    Compare point core/iregfile/regfile_reg[78][13] failed (is not equivalent)
    Compare point core/iregfile/regfile_reg[78][12] failed (is not equivalent)
    Compare point core/iregfile/regfile_reg[78][10] failed (is not equivalent)
    Compare point core/iregfile/regfile_reg[78][0] failed (is not equivalent)
    Compare point core/iregfile/regfile_reg[79][9] failed (is not equivalent)
    Compare point core/iregfile/regfile_reg[79][8] failed (is not equivalent)
    Compare point core/iregfile/regfile_reg[79][7] failed (is not equivalent)
    Compare point core/iregfile/regfile_reg[79][6] failed (is not equivalent)
    Compare point core/iregfile/regfile_reg[79][63] failed (is not equivalent)
    Compare point core/iregfile/regfile_reg[79][62] failed (is not equivalent)
    Compare point core/iregfile/regfile_reg[79][61] failed (is not equivalent)
    Compare point core/iregfile/regfile_reg[79][60] failed (is not equivalent)
    Compare point core/iregfile/regfile_reg[79][5] failed (is not equivalent)
    Compare point core/iregfile/regfile_reg[79][59] failed (is not equivalent)
    Compare point core/iregfile/regfile_reg[79][58] failed (is not equivalent)
    Compare point core/iregfile/regfile_reg[79][57] failed (is not equivalent)
    Compare point core/iregfile/regfile_reg[79][56] failed (is not equivalent)
    Compare point core/iregfile/regfile_reg[79][55] failed (is not equivalent)
    Compare point core/iregfile/regfile_reg[79][54] failed (is not equivalent)
    Compare point core/iregfile/regfile_reg[79][53] failed (is not equivalent)
    Compare point core/iregfile/regfile_reg[79][52] failed (is not equivalent)
    Compare point core/iregfile/regfile_reg[79][51] failed (is not equivalent)
    Compare point core/iregfile/regfile_reg[79][50] failed (is not equivalent)
    Compare point core/iregfile/regfile_reg[79][4] failed (is not equivalent)
    Compare point core/iregfile/regfile_reg[79][49] failed (is not equivalent)
    Compare point core/iregfile/regfile_reg[79][48] failed (is not equivalent)
    Compare point core/iregfile/regfile_reg[79][47] failed (is not equivalent)
    Compare point core/iregfile/regfile_reg[79][46] failed (is not equivalent)
    Compare point core/iregfile/regfile_reg[79][45] failed (is not equivalent)
    Compare point core/iregfile/regfile_reg[79][44] failed (is not equivalent)
    Compare point core/iregfile/regfile_reg[79][43] failed (is not equivalent)
    Compare point core/iregfile/regfile_reg[79][42] failed (is not equivalent)
    Compare point core/iregfile/regfile_reg[79][41] failed (is not equivalent)
    Compare point core/iregfile/regfile_reg[79][40] failed (is not equivalent)
    Compare point core/iregfile/regfile_reg[79][3] failed (is not equivalent)
    Compare point core/iregfile/regfile_reg[79][39] failed (is not equivalent)
    Compare point core/iregfile/regfile_reg[79][38] failed (is not equivalent)
    Compare point core/iregfile/regfile_reg[79][37] failed (is not equivalent)
    Compare point core/iregfile/regfile_reg[79][36] failed (is not equivalent)
    Compare point core/iregfile/regfile_reg[79][35] failed (is not equivalent)
    Compare point core/iregfile/regfile_reg[79][34] failed (is not equivalent)
    Compare point core/iregfile/regfile_reg[79][33] failed (is not equivalent)
    Compare point core/iregfile/regfile_reg[79][32] failed (is not equivalent)
    Compare point core/iregfile/regfile_reg[79][31] failed (is not equivalent)
    Compare point core/iregfile/regfile_reg[79][30] failed (is not equivalent)
    Compare point core/iregfile/regfile_reg[79][2] failed (is not equivalent)
    Compare point core/iregfile/regfile_reg[79][29] failed (is not equivalent)
    Compare point core/iregfile/regfile_reg[79][28] failed (is not equivalent)
    Compare point core/iregfile/regfile_reg[79][27] failed (is not equivalent)
    Compare point core/iregfile/regfile_reg[79][26] failed (is not equivalent)
    Compare point core/iregfile/regfile_reg[79][25] failed (is not equivalent)
    Compare point core/iregfile/regfile_reg[79][24] failed (is not equivalent)
    Compare point core/iregfile/regfile_reg[79][23] failed (is not equivalent)
    Compare point core/iregfile/regfile_reg[79][22] failed (is not equivalent)
    Compare point core/iregfile/regfile_reg[79][21] failed (is not equivalent)
    Compare point core/iregfile/regfile_reg[79][20] failed (is not equivalent)
    Compare point core/iregfile/regfile_reg[79][1] failed (is not equivalent)
    Compare point core/iregfile/regfile_reg[79][19] failed (is not equivalent)
    Compare point core/iregfile/regfile_reg[79][18] failed (is not equivalent)
    Compare point core/iregfile/regfile_reg[79][17] failed (is not equivalent)
    Compare point core/iregfile/regfile_reg[79][16] failed (is not equivalent)
    Compare point core/iregfile/regfile_reg[79][15] failed (is not equivalent)
    Compare point core/iregfile/regfile_reg[79][14] failed (is not equivalent)
    Compare point core/iregfile/regfile_reg[79][13] failed (is not equivalent)
    Compare point core/iregfile/regfile_reg[79][12] failed (is not equivalent)
    Compare point core/iregfile/regfile_reg[79][11] failed (is not equivalent)
    Compare point core/iregfile/regfile_reg[79][10] failed (is not equivalent)
    Compare point core/iregfile/regfile_reg[79][0] failed (is not equivalent)
    Compare point core/iregfile/regfile_reg[7][58] failed (is not equivalent)
    Compare point core/iregfile/regfile_reg[7][46] failed (is not equivalent)
    Compare point core/iregfile/regfile_reg[7][17] failed (is not equivalent)
    Compare point core/iregfile/regfile_reg[7][35] failed (is not equivalent)
    Compare point core/iregfile/regfile_reg[7][9] failed (is not equivalent)
    Compare point core/iregfile/regfile_reg[7][8] failed (is not equivalent)
    Compare point core/iregfile/regfile_reg[7][7] failed (is not equivalent)
    Compare point core/iregfile/regfile_reg[7][6] failed (is not equivalent)
    Compare point core/iregfile/regfile_reg[7][63] failed (is not equivalent)
    Compare point core/iregfile/regfile_reg[7][62] failed (is not equivalent)
    Compare point core/iregfile/regfile_reg[7][61] failed (is not equivalent)
    Compare point core/iregfile/regfile_reg[7][60] failed (is not equivalent)
    Compare point core/iregfile/regfile_reg[7][5] failed (is not equivalent)
    Compare point core/iregfile/regfile_reg[7][59] failed (is not equivalent)
    Compare point core/iregfile/regfile_reg[7][57] failed (is not equivalent)
    Compare point core/iregfile/regfile_reg[7][56] failed (is not equivalent)
    Compare point core/iregfile/regfile_reg[7][55] failed (is not equivalent)
    Compare point core/iregfile/regfile_reg[7][54] failed (is not equivalent)
    Compare point core/iregfile/regfile_reg[7][53] failed (is not equivalent)
    Compare point core/iregfile/regfile_reg[7][52] failed (is not equivalent)
    Compare point core/iregfile/regfile_reg[7][51] failed (is not equivalent)
    Compare point core/iregfile/regfile_reg[7][50] failed (is not equivalent)
    Compare point core/iregfile/regfile_reg[7][4] failed (is not equivalent)
    Compare point core/iregfile/regfile_reg[7][49] failed (is not equivalent)
    Compare point core/iregfile/regfile_reg[7][48] failed (is not equivalent)
    Compare point core/iregfile/regfile_reg[7][47] failed (is not equivalent)
    Compare point core/iregfile/regfile_reg[7][45] failed (is not equivalent)
    Compare point core/iregfile/regfile_reg[7][44] failed (is not equivalent)
    Compare point core/iregfile/regfile_reg[7][43] failed (is not equivalent)
    Compare point core/iregfile/regfile_reg[7][42] failed (is not equivalent)
    Compare point core/iregfile/regfile_reg[7][41] failed (is not equivalent)
    Compare point core/iregfile/regfile_reg[7][40] failed (is not equivalent)
    Compare point core/iregfile/regfile_reg[7][3] failed (is not equivalent)
    Compare point core/iregfile/regfile_reg[7][39] failed (is not equivalent)
    Compare point core/iregfile/regfile_reg[7][38] failed (is not equivalent)
    Compare point core/iregfile/regfile_reg[7][37] failed (is not equivalent)
    Compare point core/iregfile/regfile_reg[7][36] failed (is not equivalent)
    Compare point core/iregfile/regfile_reg[7][34] failed (is not equivalent)
    Compare point core/iregfile/regfile_reg[7][33] failed (is not equivalent)
    Compare point core/iregfile/regfile_reg[7][32] failed (is not equivalent)
    Compare point core/iregfile/regfile_reg[7][31] failed (is not equivalent)
    Compare point core/iregfile/regfile_reg[7][30] failed (is not equivalent)
    Compare point core/iregfile/regfile_reg[7][2] failed (is not equivalent)
    Compare point core/iregfile/regfile_reg[7][29] failed (is not equivalent)
    Compare point core/iregfile/regfile_reg[7][28] failed (is not equivalent)
    Compare point core/iregfile/regfile_reg[7][27] failed (is not equivalent)
    Compare point core/iregfile/regfile_reg[7][26] failed (is not equivalent)
    Compare point core/iregfile/regfile_reg[7][25] failed (is not equivalent)
    Compare point core/iregfile/regfile_reg[7][24] failed (is not equivalent)
    Compare point core/iregfile/regfile_reg[7][23] failed (is not equivalent)
    Compare point core/iregfile/regfile_reg[7][22] failed (is not equivalent)
    Compare point core/iregfile/regfile_reg[7][21] failed (is not equivalent)
    Compare point core/iregfile/regfile_reg[7][20] failed (is not equivalent)
    Compare point core/iregfile/regfile_reg[7][1] failed (is not equivalent)
    Compare point core/iregfile/regfile_reg[7][19] failed (is not equivalent)
    Compare point core/iregfile/regfile_reg[7][18] failed (is not equivalent)
    Compare point core/iregfile/regfile_reg[7][16] failed (is not equivalent)
    Compare point core/iregfile/regfile_reg[7][15] failed (is not equivalent)
    Compare point core/iregfile/regfile_reg[7][14] failed (is not equivalent)
    Compare point core/iregfile/regfile_reg[7][13] failed (is not equivalent)
    Compare point core/iregfile/regfile_reg[7][12] failed (is not equivalent)
    Compare point core/iregfile/regfile_reg[7][11] failed (is not equivalent)
    Compare point core/iregfile/regfile_reg[7][10] failed (is not equivalent)
    Compare point core/iregfile/regfile_reg[7][0] failed (is not equivalent)
    Compare point core/iregfile/regfile_reg[8][32] failed (is not equivalent)
    Compare point core/iregfile/regfile_reg[8][17] failed (is not equivalent)
    Compare point core/iregfile/regfile_reg[8][9] failed (is not equivalent)
    Compare point core/iregfile/regfile_reg[8][8] failed (is not equivalent)
    Compare point core/iregfile/regfile_reg[8][7] failed (is not equivalent)
    Compare point core/iregfile/regfile_reg[8][6] failed (is not equivalent)
    Compare point core/iregfile/regfile_reg[8][63] failed (is not equivalent)
    Compare point core/iregfile/regfile_reg[8][62] failed (is not equivalent)
    Compare point core/iregfile/regfile_reg[8][61] failed (is not equivalent)
    Compare point core/iregfile/regfile_reg[8][60] failed (is not equivalent)
    Compare point core/iregfile/regfile_reg[8][5] failed (is not equivalent)
    Compare point core/iregfile/regfile_reg[8][59] failed (is not equivalent)
    Compare point core/iregfile/regfile_reg[8][58] failed (is not equivalent)
    Compare point core/iregfile/regfile_reg[8][57] failed (is not equivalent)
    Compare point core/iregfile/regfile_reg[8][56] failed (is not equivalent)
    Compare point core/iregfile/regfile_reg[8][55] failed (is not equivalent)
    Compare point core/iregfile/regfile_reg[8][54] failed (is not equivalent)
    Compare point core/iregfile/regfile_reg[8][53] failed (is not equivalent)
    Compare point core/iregfile/regfile_reg[8][52] failed (is not equivalent)
    Compare point core/iregfile/regfile_reg[8][51] failed (is not equivalent)
    Compare point core/iregfile/regfile_reg[8][50] failed (is not equivalent)
    Compare point core/iregfile/regfile_reg[8][4] failed (is not equivalent)
    Compare point core/iregfile/regfile_reg[8][49] failed (is not equivalent)
    Compare point core/iregfile/regfile_reg[8][48] failed (is not equivalent)
    Compare point core/iregfile/regfile_reg[8][47] failed (is not equivalent)
    Compare point core/iregfile/regfile_reg[8][46] failed (is not equivalent)
    Compare point core/iregfile/regfile_reg[8][45] failed (is not equivalent)
    Compare point core/iregfile/regfile_reg[8][44] failed (is not equivalent)
    Compare point core/iregfile/regfile_reg[8][43] failed (is not equivalent)
    Compare point core/iregfile/regfile_reg[8][42] failed (is not equivalent)
    Compare point core/iregfile/regfile_reg[8][41] failed (is not equivalent)
    Compare point core/iregfile/regfile_reg[8][40] failed (is not equivalent)
    Compare point core/iregfile/regfile_reg[8][3] failed (is not equivalent)
    Compare point core/iregfile/regfile_reg[8][39] failed (is not equivalent)
    Compare point core/iregfile/regfile_reg[8][38] failed (is not equivalent)
    Compare point core/iregfile/regfile_reg[8][37] failed (is not equivalent)
    Compare point core/iregfile/regfile_reg[8][36] failed (is not equivalent)
    Compare point core/iregfile/regfile_reg[8][35] failed (is not equivalent)
    Compare point core/iregfile/regfile_reg[8][34] failed (is not equivalent)
    Compare point core/iregfile/regfile_reg[8][33] failed (is not equivalent)
    Compare point core/iregfile/regfile_reg[8][31] failed (is not equivalent)
    Compare point core/iregfile/regfile_reg[8][30] failed (is not equivalent)
    Compare point core/iregfile/regfile_reg[8][2] failed (is not equivalent)
    Compare point core/iregfile/regfile_reg[8][29] failed (is not equivalent)
    Compare point core/iregfile/regfile_reg[8][28] failed (is not equivalent)
    Compare point core/iregfile/regfile_reg[8][27] failed (is not equivalent)
    Compare point core/iregfile/regfile_reg[8][26] failed (is not equivalent)
    Compare point core/iregfile/regfile_reg[8][25] failed (is not equivalent)
    Compare point core/iregfile/regfile_reg[8][24] failed (is not equivalent)
    Compare point core/iregfile/regfile_reg[8][23] failed (is not equivalent)
    Compare point core/iregfile/regfile_reg[8][22] failed (is not equivalent)
    Compare point core/iregfile/regfile_reg[8][21] failed (is not equivalent)
    Compare point core/iregfile/regfile_reg[8][20] failed (is not equivalent)
    Compare point core/iregfile/regfile_reg[8][1] failed (is not equivalent)
    Compare point core/iregfile/regfile_reg[8][19] failed (is not equivalent)
    Compare point core/iregfile/regfile_reg[8][18] failed (is not equivalent)
    Compare point core/iregfile/regfile_reg[8][16] failed (is not equivalent)
    Compare point core/iregfile/regfile_reg[8][15] failed (is not equivalent)
    Compare point core/iregfile/regfile_reg[8][14] failed (is not equivalent)
    Compare point core/iregfile/regfile_reg[8][13] failed (is not equivalent)
    Compare point core/iregfile/regfile_reg[8][12] failed (is not equivalent)
    Compare point core/iregfile/regfile_reg[8][11] failed (is not equivalent)
    Compare point core/iregfile/regfile_reg[8][10] failed (is not equivalent)
    Compare point core/iregfile/regfile_reg[8][0] failed (is not equivalent)
    Compare point core/iregfile/regfile_reg[9][0] failed (is not equivalent)
    Compare point core/iregfile/regfile_reg[9][9] failed (is not equivalent)
    Compare point core/iregfile/regfile_reg[9][8] failed (is not equivalent)
    Compare point core/iregfile/regfile_reg[9][7] failed (is not equivalent)
    Compare point core/iregfile/regfile_reg[9][6] failed (is not equivalent)
    Compare point core/iregfile/regfile_reg[9][63] failed (is not equivalent)
    Compare point core/iregfile/regfile_reg[9][62] failed (is not equivalent)
    Compare point core/iregfile/regfile_reg[9][61] failed (is not equivalent)
    Compare point core/iregfile/regfile_reg[9][60] failed (is not equivalent)
    Compare point core/iregfile/regfile_reg[9][5] failed (is not equivalent)
    Compare point core/iregfile/regfile_reg[9][59] failed (is not equivalent)
    Compare point core/iregfile/regfile_reg[9][58] failed (is not equivalent)
    Compare point core/iregfile/regfile_reg[9][57] failed (is not equivalent)
    Compare point core/iregfile/regfile_reg[9][56] failed (is not equivalent)
    Compare point core/iregfile/regfile_reg[9][55] failed (is not equivalent)
    Compare point core/iregfile/regfile_reg[9][54] failed (is not equivalent)
    Compare point core/iregfile/regfile_reg[9][53] failed (is not equivalent)
    Compare point core/iregfile/regfile_reg[9][52] failed (is not equivalent)
    Compare point core/iregfile/regfile_reg[9][51] failed (is not equivalent)
    Compare point core/iregfile/regfile_reg[9][50] failed (is not equivalent)
    Compare point core/iregfile/regfile_reg[9][4] failed (is not equivalent)
    Compare point core/iregfile/regfile_reg[9][49] failed (is not equivalent)
    Compare point core/iregfile/regfile_reg[9][48] failed (is not equivalent)
    Compare point core/iregfile/regfile_reg[9][47] failed (is not equivalent)
    Compare point core/iregfile/regfile_reg[9][46] failed (is not equivalent)
    Compare point core/iregfile/regfile_reg[9][45] failed (is not equivalent)
    Compare point core/iregfile/regfile_reg[9][44] failed (is not equivalent)
    Compare point core/iregfile/regfile_reg[9][43] failed (is not equivalent)
    Compare point core/iregfile/regfile_reg[9][42] failed (is not equivalent)
    Compare point core/iregfile/regfile_reg[9][41] failed (is not equivalent)
    Compare point core/iregfile/regfile_reg[9][40] failed (is not equivalent)
    Compare point core/iregfile/regfile_reg[9][3] failed (is not equivalent)
    Compare point core/iregfile/regfile_reg[9][39] failed (is not equivalent)
    Compare point core/iregfile/regfile_reg[9][38] failed (is not equivalent)
    Compare point core/iregfile/regfile_reg[9][37] failed (is not equivalent)
    Compare point core/iregfile/regfile_reg[9][36] failed (is not equivalent)
    Compare point core/iregfile/regfile_reg[9][35] failed (is not equivalent)
    Compare point core/iregfile/regfile_reg[9][34] failed (is not equivalent)
    Compare point core/iregfile/regfile_reg[9][33] failed (is not equivalent)
    Compare point core/iregfile/regfile_reg[9][32] failed (is not equivalent)
    Compare point core/iregfile/regfile_reg[9][31] failed (is not equivalent)
    Compare point core/iregfile/regfile_reg[9][30] failed (is not equivalent)
    Compare point core/iregfile/regfile_reg[9][2] failed (is not equivalent)
    Compare point core/iregfile/regfile_reg[9][29] failed (is not equivalent)
    Compare point core/iregfile/regfile_reg[9][28] failed (is not equivalent)
    Compare point core/iregfile/regfile_reg[9][27] failed (is not equivalent)
    Compare point core/iregfile/regfile_reg[9][26] failed (is not equivalent)
    Compare point core/iregfile/regfile_reg[9][25] failed (is not equivalent)
    Compare point core/iregfile/regfile_reg[9][24] failed (is not equivalent)
    Compare point core/iregfile/regfile_reg[9][23] failed (is not equivalent)
    Compare point core/iregfile/regfile_reg[9][22] failed (is not equivalent)
    Compare point core/iregfile/regfile_reg[9][21] failed (is not equivalent)
    Compare point core/iregfile/regfile_reg[9][20] failed (is not equivalent)
    Compare point core/iregfile/regfile_reg[9][1] failed (is not equivalent)
    Compare point core/iregfile/regfile_reg[9][19] failed (is not equivalent)
    Compare point core/iregfile/regfile_reg[9][18] failed (is not equivalent)
    Compare point core/iregfile/regfile_reg[9][17] failed (is not equivalent)
    Compare point core/iregfile/regfile_reg[9][16] failed (is not equivalent)
    Compare point core/iregfile/regfile_reg[9][15] failed (is not equivalent)
    Compare point core/iregfile/regfile_reg[9][14] failed (is not equivalent)
    Compare point core/iregfile/regfile_reg[9][13] failed (is not equivalent)
    Compare point core/iregfile/regfile_reg[9][12] failed (is not equivalent)
    Compare point core/iregfile/regfile_reg[9][11] failed (is not equivalent)
    Compare point core/iregfile/regfile_reg[9][10] failed (is not equivalent)
    Compare point core/rob/rob_predicated_1_10_reg failed (is not equivalent)
    Compare point core/iregfile/regfile_reg[5][3] failed (is not equivalent)
    Compare point core/rob/rob_predicated_1_16_reg failed (is not equivalent)
    Compare point core/rob/rob_predicated_1_1_reg failed (is not equivalent)
    Compare point core/rob/rob_predicated_1_25_reg failed (is not equivalent)
    Compare point core/rob/rob_predicated__0_reg failed (is not equivalent)
    Compare point core/rob/rob_predicated__17_reg failed (is not equivalent)
    Compare point core/rob/rob_predicated__19_reg failed (is not equivalent)
    Compare point core/rob/rob_predicated__31_reg failed (is not equivalent)
.........
    Compare point dcache/s1_req_0_data_reg[0] failed (is not equivalent)
    Compare point dcache/s1_req_0_data_reg[10] failed (is not equivalent)
    Compare point dcache/s1_req_0_data_reg[11] failed (is not equivalent)
    Compare point dcache/s1_req_0_data_reg[12] failed (is not equivalent)
    Compare point dcache/s1_req_0_data_reg[13] failed (is not equivalent)
    Compare point dcache/s1_req_0_data_reg[14] failed (is not equivalent)
    Compare point dcache/s1_req_0_data_reg[15] failed (is not equivalent)
    Compare point dcache/s1_req_0_data_reg[16] failed (is not equivalent)
    Compare point dcache/s1_req_0_data_reg[17] failed (is not equivalent)
    Compare point dcache/s1_req_0_data_reg[18] failed (is not equivalent)
    Compare point dcache/s1_req_0_data_reg[19] failed (is not equivalent)
    Compare point dcache/s1_req_0_data_reg[1] failed (is not equivalent)
    Compare point dcache/s1_req_0_data_reg[20] failed (is not equivalent)
    Compare point dcache/s1_req_0_data_reg[21] failed (is not equivalent)
    Compare point dcache/s1_req_0_data_reg[22] failed (is not equivalent)
    Compare point dcache/s1_req_0_data_reg[23] failed (is not equivalent)
    Compare point dcache/s1_req_0_data_reg[24] failed (is not equivalent)
    Compare point dcache/s1_req_0_data_reg[25] failed (is not equivalent)
    Compare point dcache/s1_req_0_data_reg[26] failed (is not equivalent)
    Compare point dcache/s1_req_0_data_reg[27] failed (is not equivalent)
    Compare point dcache/s1_req_0_data_reg[28] failed (is not equivalent)
    Compare point dcache/s1_req_0_data_reg[29] failed (is not equivalent)
    Compare point dcache/s1_req_0_data_reg[2] failed (is not equivalent)
    Compare point dcache/s1_req_0_data_reg[30] failed (is not equivalent)
    Compare point dcache/s1_req_0_data_reg[31] failed (is not equivalent)
    Compare point dcache/s1_req_0_data_reg[32] failed (is not equivalent)
    Compare point dcache/s1_req_0_data_reg[33] failed (is not equivalent)
    Compare point dcache/s1_req_0_data_reg[34] failed (is not equivalent)
    Compare point dcache/s1_req_0_data_reg[35] failed (is not equivalent)
    Compare point dcache/s1_req_0_data_reg[36] failed (is not equivalent)
    Compare point dcache/s1_req_0_data_reg[37] failed (is not equivalent)
    Compare point dcache/s1_req_0_data_reg[38] failed (is not equivalent)
    Compare point dcache/s1_req_0_data_reg[39] failed (is not equivalent)
    Compare point dcache/s1_req_0_data_reg[3] failed (is not equivalent)
    Compare point dcache/s1_req_0_data_reg[40] failed (is not equivalent)
    Compare point dcache/s1_req_0_data_reg[41] failed (is not equivalent)
    Compare point dcache/s1_req_0_data_reg[42] failed (is not equivalent)
    Compare point dcache/s1_req_0_data_reg[43] failed (is not equivalent)
    Compare point dcache/s1_req_0_data_reg[44] failed (is not equivalent)
    Compare point dcache/s1_req_0_data_reg[45] failed (is not equivalent)
    Compare point dcache/s1_req_0_data_reg[46] failed (is not equivalent)
    Compare point dcache/s1_req_0_data_reg[47] failed (is not equivalent)
    Compare point dcache/s1_req_0_data_reg[48] failed (is not equivalent)
    Compare point dcache/s1_req_0_data_reg[49] failed (is not equivalent)
    Compare point dcache/s1_req_0_data_reg[4] failed (is not equivalent)
    Compare point dcache/s1_req_0_data_reg[50] failed (is not equivalent)
    Compare point dcache/s1_req_0_data_reg[51] failed (is not equivalent)
    Compare point dcache/s1_req_0_data_reg[52] failed (is not equivalent)
    Compare point dcache/s1_req_0_data_reg[53] failed (is not equivalent)
    Compare point dcache/s1_req_0_data_reg[54] failed (is not equivalent)
    Compare point dcache/s1_req_0_data_reg[55] failed (is not equivalent)
    Compare point dcache/s1_req_0_data_reg[56] failed (is not equivalent)
    Compare point dcache/s1_req_0_data_reg[57] failed (is not equivalent)
    Compare point dcache/s1_req_0_data_reg[58] failed (is not equivalent)
    Compare point dcache/s1_req_0_data_reg[59] failed (is not equivalent)
    Compare point dcache/s1_req_0_data_reg[5] failed (is not equivalent)
    Compare point dcache/s1_req_0_data_reg[60] failed (is not equivalent)
    Compare point dcache/s1_req_0_data_reg[61] failed (is not equivalent)
    Compare point dcache/s1_req_0_data_reg[62] failed (is not equivalent)
    Compare point dcache/s1_req_0_data_reg[63] failed (is not equivalent)
    Compare point dcache/s1_req_0_data_reg[6] failed (is not equivalent)
    Compare point dcache/s1_req_0_data_reg[7] failed (is not equivalent)
    Compare point dcache/s1_req_0_data_reg[8] failed (is not equivalent)
    Compare point dcache/s1_req_0_data_reg[9] failed (is not equivalent)
    Compare point lsu/stq_1_bits_data_bits_reg[9] failed (is not equivalent)
    Compare point lsu/stq_1_bits_data_bits_reg[8] failed (is not equivalent)
    Compare point lsu/stq_1_bits_data_bits_reg[7] failed (is not equivalent)
    Compare point lsu/stq_1_bits_data_bits_reg[6] failed (is not equivalent)
    Compare point lsu/stq_1_bits_data_bits_reg[63] failed (is not equivalent)
    Compare point lsu/stq_1_bits_data_bits_reg[62] failed (is not equivalent)
    Compare point lsu/stq_1_bits_data_bits_reg[61] failed (is not equivalent)
    Compare point lsu/stq_1_bits_data_bits_reg[60] failed (is not equivalent)
    Compare point lsu/stq_1_bits_data_bits_reg[5] failed (is not equivalent)
    Compare point lsu/stq_1_bits_data_bits_reg[59] failed (is not equivalent)
    Compare point lsu/stq_1_bits_data_bits_reg[58] failed (is not equivalent)
    Compare point lsu/stq_1_bits_data_bits_reg[57] failed (is not equivalent)
    Compare point lsu/stq_1_bits_data_bits_reg[56] failed (is not equivalent)
    Compare point lsu/stq_1_bits_data_bits_reg[55] failed (is not equivalent)
    Compare point lsu/stq_1_bits_data_bits_reg[54] failed (is not equivalent)
    Compare point lsu/stq_1_bits_data_bits_reg[53] failed (is not equivalent)
    Compare point lsu/stq_1_bits_data_bits_reg[52] failed (is not equivalent)
    Compare point lsu/stq_1_bits_data_bits_reg[51] failed (is not equivalent)
    Compare point lsu/stq_1_bits_data_bits_reg[50] failed (is not equivalent)
    Compare point lsu/stq_1_bits_data_bits_reg[4] failed (is not equivalent)
    Compare point lsu/stq_1_bits_data_bits_reg[49] failed (is not equivalent)
    Compare point lsu/stq_1_bits_data_bits_reg[48] failed (is not equivalent)
    Compare point lsu/stq_1_bits_data_bits_reg[47] failed (is not equivalent)
    Compare point lsu/stq_1_bits_data_bits_reg[46] failed (is not equivalent)
    Compare point lsu/stq_1_bits_data_bits_reg[45] failed (is not equivalent)
    Compare point lsu/stq_1_bits_data_bits_reg[44] failed (is not equivalent)
    Compare point lsu/stq_1_bits_data_bits_reg[43] failed (is not equivalent)
    Compare point lsu/stq_1_bits_data_bits_reg[42] failed (is not equivalent)
    Compare point lsu/stq_1_bits_data_bits_reg[41] failed (is not equivalent)
    Compare point lsu/stq_1_bits_data_bits_reg[40] failed (is not equivalent)
    Compare point lsu/stq_1_bits_data_bits_reg[3] failed (is not equivalent)
    Compare point lsu/stq_1_bits_data_bits_reg[39] failed (is not equivalent)
    Compare point lsu/stq_1_bits_data_bits_reg[38] failed (is not equivalent)
    Compare point lsu/stq_1_bits_data_bits_reg[37] failed (is not equivalent)
    Compare point lsu/stq_1_bits_data_bits_reg[36] failed (is not equivalent)
    Compare point lsu/stq_1_bits_data_bits_reg[35] failed (is not equivalent)
    Compare point lsu/stq_1_bits_data_bits_reg[34] failed (is not equivalent)
    Compare point lsu/stq_1_bits_data_bits_reg[33] failed (is not equivalent)
    Compare point lsu/stq_1_bits_data_bits_reg[32] failed (is not equivalent)
    Compare point lsu/stq_1_bits_data_bits_reg[31] failed (is not equivalent)
    Compare point lsu/stq_1_bits_data_bits_reg[30] failed (is not equivalent)
    Compare point lsu/stq_1_bits_data_bits_reg[2] failed (is not equivalent)
    Compare point lsu/stq_1_bits_data_bits_reg[29] failed (is not equivalent)
    Compare point lsu/stq_1_bits_data_bits_reg[28] failed (is not equivalent)
    Compare point lsu/stq_1_bits_data_bits_reg[27] failed (is not equivalent)
    Compare point lsu/stq_1_bits_data_bits_reg[26] failed (is not equivalent)
    Compare point lsu/stq_1_bits_data_bits_reg[25] failed (is not equivalent)
    Compare point lsu/stq_1_bits_data_bits_reg[24] failed (is not equivalent)
    Compare point lsu/stq_1_bits_data_bits_reg[23] failed (is not equivalent)
    Compare point lsu/stq_1_bits_data_bits_reg[22] failed (is not equivalent)
    Compare point lsu/stq_1_bits_data_bits_reg[21] failed (is not equivalent)
    Compare point lsu/stq_1_bits_data_bits_reg[20] failed (is not equivalent)
    Compare point lsu/stq_1_bits_data_bits_reg[1] failed (is not equivalent)
    Compare point lsu/stq_1_bits_data_bits_reg[19] failed (is not equivalent)
    Compare point lsu/stq_1_bits_data_bits_reg[18] failed (is not equivalent)
    Compare point lsu/stq_1_bits_data_bits_reg[17] failed (is not equivalent)
    Compare point lsu/stq_1_bits_data_bits_reg[16] failed (is not equivalent)
    Compare point lsu/stq_1_bits_data_bits_reg[15] failed (is not equivalent)
    Compare point lsu/stq_1_bits_data_bits_reg[14] failed (is not equivalent)
    Compare point lsu/stq_1_bits_data_bits_reg[13] failed (is not equivalent)
    Compare point lsu/stq_1_bits_data_bits_reg[12] failed (is not equivalent)
    Compare point lsu/stq_1_bits_data_bits_reg[11] failed (is not equivalent)
    Compare point lsu/stq_1_bits_data_bits_reg[10] failed (is not equivalent)
    Compare point lsu/stq_1_bits_data_bits_reg[0] failed (is not equivalent)
    Compare point lsu/stq_0_bits_data_bits_reg[0] failed (is not equivalent)
    Compare point lsu/stq_0_bits_data_bits_reg[9] failed (is not equivalent)
    Compare point lsu/stq_0_bits_data_bits_reg[8] failed (is not equivalent)
    Compare point lsu/stq_0_bits_data_bits_reg[7] failed (is not equivalent)
    Compare point lsu/stq_0_bits_data_bits_reg[6] failed (is not equivalent)
    Compare point lsu/stq_0_bits_data_bits_reg[63] failed (is not equivalent)
    Compare point lsu/stq_0_bits_data_bits_reg[62] failed (is not equivalent)
    Compare point lsu/stq_0_bits_data_bits_reg[61] failed (is not equivalent)
    Compare point lsu/stq_0_bits_data_bits_reg[60] failed (is not equivalent)
    Compare point lsu/stq_0_bits_data_bits_reg[5] failed (is not equivalent)
    Compare point lsu/stq_0_bits_data_bits_reg[59] failed (is not equivalent)
    Compare point lsu/stq_0_bits_data_bits_reg[58] failed (is not equivalent)
    Compare point lsu/stq_0_bits_data_bits_reg[57] failed (is not equivalent)
    Compare point lsu/stq_0_bits_data_bits_reg[56] failed (is not equivalent)
    Compare point lsu/stq_0_bits_data_bits_reg[55] failed (is not equivalent)
    Compare point lsu/stq_0_bits_data_bits_reg[54] failed (is not equivalent)
    Compare point lsu/stq_0_bits_data_bits_reg[53] failed (is not equivalent)
    Compare point lsu/stq_0_bits_data_bits_reg[52] failed (is not equivalent)
    Compare point lsu/stq_0_bits_data_bits_reg[51] failed (is not equivalent)
    Compare point lsu/stq_0_bits_data_bits_reg[50] failed (is not equivalent)
    Compare point lsu/stq_0_bits_data_bits_reg[4] failed (is not equivalent)
    Compare point lsu/stq_0_bits_data_bits_reg[49] failed (is not equivalent)
    Compare point lsu/stq_0_bits_data_bits_reg[48] failed (is not equivalent)
    Compare point lsu/stq_0_bits_data_bits_reg[47] failed (is not equivalent)
    Compare point lsu/stq_0_bits_data_bits_reg[46] failed (is not equivalent)
    Compare point lsu/stq_0_bits_data_bits_reg[45] failed (is not equivalent)
    Compare point lsu/stq_0_bits_data_bits_reg[44] failed (is not equivalent)
    Compare point lsu/stq_0_bits_data_bits_reg[43] failed (is not equivalent)
    Compare point lsu/stq_0_bits_data_bits_reg[42] failed (is not equivalent)
    Compare point lsu/stq_0_bits_data_bits_reg[41] failed (is not equivalent)
    Compare point lsu/stq_0_bits_data_bits_reg[40] failed (is not equivalent)
    Compare point lsu/stq_0_bits_data_bits_reg[3] failed (is not equivalent)
    Compare point lsu/stq_0_bits_data_bits_reg[39] failed (is not equivalent)
    Compare point lsu/stq_0_bits_data_bits_reg[38] failed (is not equivalent)
    Compare point lsu/stq_0_bits_data_bits_reg[37] failed (is not equivalent)
    Compare point lsu/stq_0_bits_data_bits_reg[36] failed (is not equivalent)
    Compare point lsu/stq_0_bits_data_bits_reg[35] failed (is not equivalent)
    Compare point lsu/stq_0_bits_data_bits_reg[34] failed (is not equivalent)
    Compare point lsu/stq_0_bits_data_bits_reg[33] failed (is not equivalent)
    Compare point lsu/stq_0_bits_data_bits_reg[32] failed (is not equivalent)
    Compare point lsu/stq_0_bits_data_bits_reg[31] failed (is not equivalent)
    Compare point lsu/stq_0_bits_data_bits_reg[30] failed (is not equivalent)
    Compare point lsu/stq_0_bits_data_bits_reg[2] failed (is not equivalent)
    Compare point lsu/stq_0_bits_data_bits_reg[29] failed (is not equivalent)
    Compare point lsu/stq_0_bits_data_bits_reg[28] failed (is not equivalent)
    Compare point lsu/stq_0_bits_data_bits_reg[27] failed (is not equivalent)
    Compare point lsu/stq_0_bits_data_bits_reg[26] failed (is not equivalent)
    Compare point lsu/stq_0_bits_data_bits_reg[25] failed (is not equivalent)
    Compare point lsu/stq_0_bits_data_bits_reg[24] failed (is not equivalent)
    Compare point lsu/stq_0_bits_data_bits_reg[23] failed (is not equivalent)
    Compare point lsu/stq_0_bits_data_bits_reg[22] failed (is not equivalent)
    Compare point lsu/stq_0_bits_data_bits_reg[21] failed (is not equivalent)
    Compare point lsu/stq_0_bits_data_bits_reg[20] failed (is not equivalent)
    Compare point lsu/stq_0_bits_data_bits_reg[1] failed (is not equivalent)
    Compare point lsu/stq_0_bits_data_bits_reg[19] failed (is not equivalent)
    Compare point lsu/stq_0_bits_data_bits_reg[18] failed (is not equivalent)
    Compare point lsu/stq_0_bits_data_bits_reg[17] failed (is not equivalent)
    Compare point lsu/stq_0_bits_data_bits_reg[16] failed (is not equivalent)
    Compare point lsu/stq_0_bits_data_bits_reg[15] failed (is not equivalent)
    Compare point lsu/stq_0_bits_data_bits_reg[14] failed (is not equivalent)
    Compare point lsu/stq_0_bits_data_bits_reg[13] failed (is not equivalent)
    Compare point lsu/stq_0_bits_data_bits_reg[12] failed (is not equivalent)
    Compare point lsu/stq_0_bits_data_bits_reg[11] failed (is not equivalent)
    Compare point lsu/stq_0_bits_data_bits_reg[10] failed (is not equivalent)
    Compare point lsu/stq_10_bits_data_bits_reg[0] failed (is not equivalent)
    Compare point lsu/stq_10_bits_data_bits_reg[9] failed (is not equivalent)
    Compare point lsu/stq_10_bits_data_bits_reg[8] failed (is not equivalent)
    Compare point lsu/stq_10_bits_data_bits_reg[7] failed (is not equivalent)
    Compare point lsu/stq_10_bits_data_bits_reg[6] failed (is not equivalent)
    Compare point lsu/stq_10_bits_data_bits_reg[63] failed (is not equivalent)
    Compare point lsu/stq_10_bits_data_bits_reg[62] failed (is not equivalent)
    Compare point lsu/stq_10_bits_data_bits_reg[61] failed (is not equivalent)
    Compare point lsu/stq_10_bits_data_bits_reg[60] failed (is not equivalent)
    Compare point lsu/stq_10_bits_data_bits_reg[5] failed (is not equivalent)
    Compare point lsu/stq_10_bits_data_bits_reg[59] failed (is not equivalent)
    Compare point lsu/stq_10_bits_data_bits_reg[58] failed (is not equivalent)
    Compare point lsu/stq_10_bits_data_bits_reg[57] failed (is not equivalent)
    Compare point lsu/stq_10_bits_data_bits_reg[56] failed (is not equivalent)
    Compare point lsu/stq_10_bits_data_bits_reg[55] failed (is not equivalent)
    Compare point lsu/stq_10_bits_data_bits_reg[54] failed (is not equivalent)
    Compare point lsu/stq_10_bits_data_bits_reg[53] failed (is not equivalent)
    Compare point lsu/stq_10_bits_data_bits_reg[52] failed (is not equivalent)
    Compare point lsu/stq_10_bits_data_bits_reg[51] failed (is not equivalent)
    Compare point lsu/stq_10_bits_data_bits_reg[50] failed (is not equivalent)
    Compare point lsu/stq_10_bits_data_bits_reg[4] failed (is not equivalent)
    Compare point lsu/stq_10_bits_data_bits_reg[49] failed (is not equivalent)
    Compare point lsu/stq_10_bits_data_bits_reg[48] failed (is not equivalent)
    Compare point lsu/stq_10_bits_data_bits_reg[47] failed (is not equivalent)
    Compare point lsu/stq_10_bits_data_bits_reg[46] failed (is not equivalent)
    Compare point lsu/stq_10_bits_data_bits_reg[45] failed (is not equivalent)
    Compare point lsu/stq_10_bits_data_bits_reg[44] failed (is not equivalent)
    Compare point lsu/stq_10_bits_data_bits_reg[43] failed (is not equivalent)
    Compare point lsu/stq_10_bits_data_bits_reg[42] failed (is not equivalent)
    Compare point lsu/stq_10_bits_data_bits_reg[41] failed (is not equivalent)
    Compare point lsu/stq_10_bits_data_bits_reg[40] failed (is not equivalent)
    Compare point lsu/stq_10_bits_data_bits_reg[3] failed (is not equivalent)
    Compare point lsu/stq_10_bits_data_bits_reg[39] failed (is not equivalent)
    Compare point lsu/stq_10_bits_data_bits_reg[38] failed (is not equivalent)
    Compare point lsu/stq_10_bits_data_bits_reg[37] failed (is not equivalent)
    Compare point lsu/stq_10_bits_data_bits_reg[36] failed (is not equivalent)
    Compare point lsu/stq_10_bits_data_bits_reg[35] failed (is not equivalent)
    Compare point lsu/stq_10_bits_data_bits_reg[34] failed (is not equivalent)
    Compare point lsu/stq_10_bits_data_bits_reg[33] failed (is not equivalent)
    Compare point lsu/stq_10_bits_data_bits_reg[32] failed (is not equivalent)
    Compare point lsu/stq_10_bits_data_bits_reg[31] failed (is not equivalent)
    Compare point lsu/stq_10_bits_data_bits_reg[30] failed (is not equivalent)
    Compare point lsu/stq_10_bits_data_bits_reg[2] failed (is not equivalent)
    Compare point lsu/stq_10_bits_data_bits_reg[29] failed (is not equivalent)
    Compare point lsu/stq_10_bits_data_bits_reg[28] failed (is not equivalent)
    Compare point lsu/stq_10_bits_data_bits_reg[27] failed (is not equivalent)
    Compare point lsu/stq_10_bits_data_bits_reg[26] failed (is not equivalent)
    Compare point lsu/stq_10_bits_data_bits_reg[25] failed (is not equivalent)
    Compare point lsu/stq_10_bits_data_bits_reg[24] failed (is not equivalent)
    Compare point lsu/stq_10_bits_data_bits_reg[23] failed (is not equivalent)
    Compare point lsu/stq_10_bits_data_bits_reg[22] failed (is not equivalent)
    Compare point lsu/stq_10_bits_data_bits_reg[21] failed (is not equivalent)
    Compare point lsu/stq_10_bits_data_bits_reg[20] failed (is not equivalent)
    Compare point lsu/stq_10_bits_data_bits_reg[1] failed (is not equivalent)
    Compare point lsu/stq_10_bits_data_bits_reg[19] failed (is not equivalent)
    Compare point lsu/stq_10_bits_data_bits_reg[18] failed (is not equivalent)
    Compare point lsu/stq_10_bits_data_bits_reg[17] failed (is not equivalent)
    Compare point lsu/stq_10_bits_data_bits_reg[16] failed (is not equivalent)
    Compare point lsu/stq_10_bits_data_bits_reg[15] failed (is not equivalent)
    Compare point lsu/stq_10_bits_data_bits_reg[14] failed (is not equivalent)
    Compare point lsu/stq_10_bits_data_bits_reg[13] failed (is not equivalent)
    Compare point lsu/stq_10_bits_data_bits_reg[12] failed (is not equivalent)
    Compare point lsu/stq_10_bits_data_bits_reg[11] failed (is not equivalent)
    Compare point lsu/stq_10_bits_data_bits_reg[10] failed (is not equivalent)
    Compare point lsu/stq_11_bits_data_bits_reg[0] failed (is not equivalent)
    Compare point lsu/stq_11_bits_data_bits_reg[9] failed (is not equivalent)
    Compare point lsu/stq_11_bits_data_bits_reg[8] failed (is not equivalent)
    Compare point lsu/stq_11_bits_data_bits_reg[7] failed (is not equivalent)
    Compare point lsu/stq_11_bits_data_bits_reg[6] failed (is not equivalent)
    Compare point lsu/stq_11_bits_data_bits_reg[63] failed (is not equivalent)
    Compare point lsu/stq_11_bits_data_bits_reg[62] failed (is not equivalent)
    Compare point lsu/stq_11_bits_data_bits_reg[61] failed (is not equivalent)
    Compare point lsu/stq_11_bits_data_bits_reg[60] failed (is not equivalent)
    Compare point lsu/stq_11_bits_data_bits_reg[5] failed (is not equivalent)
    Compare point lsu/stq_11_bits_data_bits_reg[59] failed (is not equivalent)
    Compare point lsu/stq_11_bits_data_bits_reg[58] failed (is not equivalent)
    Compare point lsu/stq_11_bits_data_bits_reg[57] failed (is not equivalent)
    Compare point lsu/stq_11_bits_data_bits_reg[56] failed (is not equivalent)
    Compare point lsu/stq_11_bits_data_bits_reg[55] failed (is not equivalent)
    Compare point lsu/stq_11_bits_data_bits_reg[54] failed (is not equivalent)
    Compare point lsu/stq_11_bits_data_bits_reg[53] failed (is not equivalent)
    Compare point lsu/stq_11_bits_data_bits_reg[52] failed (is not equivalent)
    Compare point lsu/stq_11_bits_data_bits_reg[51] failed (is not equivalent)
    Compare point lsu/stq_11_bits_data_bits_reg[50] failed (is not equivalent)
    Compare point lsu/stq_11_bits_data_bits_reg[4] failed (is not equivalent)
    Compare point lsu/stq_11_bits_data_bits_reg[49] failed (is not equivalent)
    Compare point lsu/stq_11_bits_data_bits_reg[48] failed (is not equivalent)
    Compare point lsu/stq_11_bits_data_bits_reg[47] failed (is not equivalent)
    Compare point lsu/stq_11_bits_data_bits_reg[46] failed (is not equivalent)
    Compare point lsu/stq_11_bits_data_bits_reg[45] failed (is not equivalent)
    Compare point lsu/stq_11_bits_data_bits_reg[44] failed (is not equivalent)
    Compare point lsu/stq_11_bits_data_bits_reg[43] failed (is not equivalent)
    Compare point lsu/stq_11_bits_data_bits_reg[42] failed (is not equivalent)
    Compare point lsu/stq_11_bits_data_bits_reg[41] failed (is not equivalent)
    Compare point lsu/stq_11_bits_data_bits_reg[40] failed (is not equivalent)
    Compare point lsu/stq_11_bits_data_bits_reg[3] failed (is not equivalent)
    Compare point lsu/stq_11_bits_data_bits_reg[39] failed (is not equivalent)
    Compare point lsu/stq_11_bits_data_bits_reg[38] failed (is not equivalent)
    Compare point lsu/stq_11_bits_data_bits_reg[37] failed (is not equivalent)
    Compare point lsu/stq_11_bits_data_bits_reg[36] failed (is not equivalent)
    Compare point lsu/stq_11_bits_data_bits_reg[35] failed (is not equivalent)
    Compare point lsu/stq_11_bits_data_bits_reg[34] failed (is not equivalent)
    Compare point lsu/stq_11_bits_data_bits_reg[33] failed (is not equivalent)
    Compare point lsu/stq_11_bits_data_bits_reg[32] failed (is not equivalent)
    Compare point lsu/stq_11_bits_data_bits_reg[31] failed (is not equivalent)
    Compare point lsu/stq_11_bits_data_bits_reg[30] failed (is not equivalent)
    Compare point lsu/stq_11_bits_data_bits_reg[2] failed (is not equivalent)
    Compare point lsu/stq_11_bits_data_bits_reg[29] failed (is not equivalent)
    Compare point lsu/stq_11_bits_data_bits_reg[28] failed (is not equivalent)
    Compare point lsu/stq_11_bits_data_bits_reg[27] failed (is not equivalent)
    Compare point lsu/stq_11_bits_data_bits_reg[26] failed (is not equivalent)
    Compare point lsu/stq_11_bits_data_bits_reg[25] failed (is not equivalent)
    Compare point lsu/stq_11_bits_data_bits_reg[24] failed (is not equivalent)
    Compare point lsu/stq_11_bits_data_bits_reg[23] failed (is not equivalent)
    Compare point lsu/stq_11_bits_data_bits_reg[22] failed (is not equivalent)
    Compare point lsu/stq_11_bits_data_bits_reg[21] failed (is not equivalent)
    Compare point lsu/stq_11_bits_data_bits_reg[20] failed (is not equivalent)
    Compare point lsu/stq_11_bits_data_bits_reg[1] failed (is not equivalent)
    Compare point lsu/stq_11_bits_data_bits_reg[19] failed (is not equivalent)
    Compare point lsu/stq_11_bits_data_bits_reg[18] failed (is not equivalent)
    Compare point lsu/stq_11_bits_data_bits_reg[17] failed (is not equivalent)
    Compare point lsu/stq_11_bits_data_bits_reg[16] failed (is not equivalent)
    Compare point lsu/stq_11_bits_data_bits_reg[15] failed (is not equivalent)
    Compare point lsu/stq_11_bits_data_bits_reg[14] failed (is not equivalent)
    Compare point lsu/stq_11_bits_data_bits_reg[13] failed (is not equivalent)
    Compare point lsu/stq_11_bits_data_bits_reg[12] failed (is not equivalent)
    Compare point lsu/stq_11_bits_data_bits_reg[11] failed (is not equivalent)
    Compare point lsu/stq_11_bits_data_bits_reg[10] failed (is not equivalent)
    Compare point lsu/stq_12_bits_data_bits_reg[9] failed (is not equivalent)
    Compare point lsu/stq_12_bits_data_bits_reg[8] failed (is not equivalent)
    Compare point lsu/stq_12_bits_data_bits_reg[7] failed (is not equivalent)
    Compare point lsu/stq_12_bits_data_bits_reg[6] failed (is not equivalent)
    Compare point lsu/stq_12_bits_data_bits_reg[63] failed (is not equivalent)
    Compare point lsu/stq_12_bits_data_bits_reg[62] failed (is not equivalent)
    Compare point lsu/stq_12_bits_data_bits_reg[61] failed (is not equivalent)
    Compare point lsu/stq_12_bits_data_bits_reg[60] failed (is not equivalent)
    Compare point lsu/stq_12_bits_data_bits_reg[5] failed (is not equivalent)
    Compare point lsu/stq_12_bits_data_bits_reg[59] failed (is not equivalent)
    Compare point lsu/stq_12_bits_data_bits_reg[58] failed (is not equivalent)
    Compare point lsu/stq_12_bits_data_bits_reg[57] failed (is not equivalent)
    Compare point lsu/stq_12_bits_data_bits_reg[56] failed (is not equivalent)
    Compare point lsu/stq_12_bits_data_bits_reg[55] failed (is not equivalent)
    Compare point lsu/stq_12_bits_data_bits_reg[54] failed (is not equivalent)
    Compare point lsu/stq_12_bits_data_bits_reg[53] failed (is not equivalent)
    Compare point lsu/stq_12_bits_data_bits_reg[52] failed (is not equivalent)
    Compare point lsu/stq_12_bits_data_bits_reg[51] failed (is not equivalent)
    Compare point lsu/stq_12_bits_data_bits_reg[50] failed (is not equivalent)
    Compare point lsu/stq_12_bits_data_bits_reg[4] failed (is not equivalent)
    Compare point lsu/stq_12_bits_data_bits_reg[49] failed (is not equivalent)
    Compare point lsu/stq_12_bits_data_bits_reg[48] failed (is not equivalent)
    Compare point lsu/stq_12_bits_data_bits_reg[47] failed (is not equivalent)
    Compare point lsu/stq_12_bits_data_bits_reg[46] failed (is not equivalent)
    Compare point lsu/stq_12_bits_data_bits_reg[45] failed (is not equivalent)
    Compare point lsu/stq_12_bits_data_bits_reg[44] failed (is not equivalent)
    Compare point lsu/stq_12_bits_data_bits_reg[43] failed (is not equivalent)
    Compare point lsu/stq_12_bits_data_bits_reg[42] failed (is not equivalent)
    Compare point lsu/stq_12_bits_data_bits_reg[41] failed (is not equivalent)
    Compare point lsu/stq_12_bits_data_bits_reg[40] failed (is not equivalent)
    Compare point lsu/stq_12_bits_data_bits_reg[3] failed (is not equivalent)
    Compare point lsu/stq_12_bits_data_bits_reg[39] failed (is not equivalent)
    Compare point lsu/stq_12_bits_data_bits_reg[38] failed (is not equivalent)
    Compare point lsu/stq_12_bits_data_bits_reg[37] failed (is not equivalent)
    Compare point lsu/stq_12_bits_data_bits_reg[36] failed (is not equivalent)
    Compare point lsu/stq_12_bits_data_bits_reg[35] failed (is not equivalent)
    Compare point lsu/stq_12_bits_data_bits_reg[34] failed (is not equivalent)
    Compare point lsu/stq_12_bits_data_bits_reg[33] failed (is not equivalent)
    Compare point lsu/stq_12_bits_data_bits_reg[32] failed (is not equivalent)
    Compare point lsu/stq_12_bits_data_bits_reg[31] failed (is not equivalent)
    Compare point lsu/stq_12_bits_data_bits_reg[30] failed (is not equivalent)
    Compare point lsu/stq_12_bits_data_bits_reg[2] failed (is not equivalent)
    Compare point lsu/stq_12_bits_data_bits_reg[29] failed (is not equivalent)
    Compare point lsu/stq_12_bits_data_bits_reg[28] failed (is not equivalent)
    Compare point lsu/stq_12_bits_data_bits_reg[27] failed (is not equivalent)
    Compare point lsu/stq_12_bits_data_bits_reg[26] failed (is not equivalent)
    Compare point lsu/stq_12_bits_data_bits_reg[25] failed (is not equivalent)
    Compare point lsu/stq_12_bits_data_bits_reg[24] failed (is not equivalent)
    Compare point lsu/stq_12_bits_data_bits_reg[23] failed (is not equivalent)
    Compare point lsu/stq_12_bits_data_bits_reg[22] failed (is not equivalent)
    Compare point lsu/stq_12_bits_data_bits_reg[21] failed (is not equivalent)
    Compare point lsu/stq_12_bits_data_bits_reg[20] failed (is not equivalent)
    Compare point lsu/stq_12_bits_data_bits_reg[1] failed (is not equivalent)
    Compare point lsu/stq_12_bits_data_bits_reg[19] failed (is not equivalent)
    Compare point lsu/stq_12_bits_data_bits_reg[18] failed (is not equivalent)
    Compare point lsu/stq_12_bits_data_bits_reg[17] failed (is not equivalent)
    Compare point lsu/stq_12_bits_data_bits_reg[16] failed (is not equivalent)
    Compare point lsu/stq_12_bits_data_bits_reg[15] failed (is not equivalent)
    Compare point lsu/stq_12_bits_data_bits_reg[14] failed (is not equivalent)
    Compare point lsu/stq_12_bits_data_bits_reg[13] failed (is not equivalent)
    Compare point lsu/stq_12_bits_data_bits_reg[12] failed (is not equivalent)
    Compare point lsu/stq_12_bits_data_bits_reg[11] failed (is not equivalent)
    Compare point lsu/stq_12_bits_data_bits_reg[10] failed (is not equivalent)
    Compare point lsu/stq_12_bits_data_bits_reg[0] failed (is not equivalent)
    Compare point lsu/stq_13_bits_data_bits_reg[9] failed (is not equivalent)
    Compare point lsu/stq_13_bits_data_bits_reg[8] failed (is not equivalent)
    Compare point lsu/stq_13_bits_data_bits_reg[7] failed (is not equivalent)
    Compare point lsu/stq_13_bits_data_bits_reg[6] failed (is not equivalent)
    Compare point lsu/stq_13_bits_data_bits_reg[63] failed (is not equivalent)
    Compare point lsu/stq_13_bits_data_bits_reg[62] failed (is not equivalent)
    Compare point lsu/stq_13_bits_data_bits_reg[61] failed (is not equivalent)
    Compare point lsu/stq_13_bits_data_bits_reg[60] failed (is not equivalent)
    Compare point lsu/stq_13_bits_data_bits_reg[5] failed (is not equivalent)
    Compare point lsu/stq_13_bits_data_bits_reg[59] failed (is not equivalent)
    Compare point lsu/stq_13_bits_data_bits_reg[58] failed (is not equivalent)
    Compare point lsu/stq_13_bits_data_bits_reg[57] failed (is not equivalent)
    Compare point lsu/stq_13_bits_data_bits_reg[56] failed (is not equivalent)
    Compare point lsu/stq_13_bits_data_bits_reg[55] failed (is not equivalent)
    Compare point lsu/stq_13_bits_data_bits_reg[54] failed (is not equivalent)
    Compare point lsu/stq_13_bits_data_bits_reg[53] failed (is not equivalent)
    Compare point lsu/stq_13_bits_data_bits_reg[52] failed (is not equivalent)
    Compare point lsu/stq_13_bits_data_bits_reg[51] failed (is not equivalent)
    Compare point lsu/stq_13_bits_data_bits_reg[50] failed (is not equivalent)
    Compare point lsu/stq_13_bits_data_bits_reg[4] failed (is not equivalent)
    Compare point lsu/stq_13_bits_data_bits_reg[49] failed (is not equivalent)
    Compare point lsu/stq_13_bits_data_bits_reg[48] failed (is not equivalent)
    Compare point lsu/stq_13_bits_data_bits_reg[47] failed (is not equivalent)
    Compare point lsu/stq_13_bits_data_bits_reg[46] failed (is not equivalent)
    Compare point lsu/stq_13_bits_data_bits_reg[45] failed (is not equivalent)
    Compare point lsu/stq_13_bits_data_bits_reg[44] failed (is not equivalent)
    Compare point lsu/stq_13_bits_data_bits_reg[43] failed (is not equivalent)
    Compare point lsu/stq_13_bits_data_bits_reg[42] failed (is not equivalent)
    Compare point lsu/stq_13_bits_data_bits_reg[41] failed (is not equivalent)
    Compare point lsu/stq_13_bits_data_bits_reg[40] failed (is not equivalent)
    Compare point lsu/stq_13_bits_data_bits_reg[3] failed (is not equivalent)
    Compare point lsu/stq_13_bits_data_bits_reg[39] failed (is not equivalent)
    Compare point lsu/stq_13_bits_data_bits_reg[38] failed (is not equivalent)
    Compare point lsu/stq_13_bits_data_bits_reg[37] failed (is not equivalent)
    Compare point lsu/stq_13_bits_data_bits_reg[36] failed (is not equivalent)
    Compare point lsu/stq_13_bits_data_bits_reg[35] failed (is not equivalent)
    Compare point lsu/stq_13_bits_data_bits_reg[34] failed (is not equivalent)
    Compare point lsu/stq_13_bits_data_bits_reg[33] failed (is not equivalent)
    Compare point lsu/stq_13_bits_data_bits_reg[32] failed (is not equivalent)
    Compare point lsu/stq_13_bits_data_bits_reg[31] failed (is not equivalent)
    Compare point lsu/stq_13_bits_data_bits_reg[30] failed (is not equivalent)
    Compare point lsu/stq_13_bits_data_bits_reg[2] failed (is not equivalent)
    Compare point lsu/stq_13_bits_data_bits_reg[29] failed (is not equivalent)
    Compare point lsu/stq_13_bits_data_bits_reg[28] failed (is not equivalent)
    Compare point lsu/stq_13_bits_data_bits_reg[27] failed (is not equivalent)
    Compare point lsu/stq_13_bits_data_bits_reg[26] failed (is not equivalent)
    Compare point lsu/stq_13_bits_data_bits_reg[25] failed (is not equivalent)
    Compare point lsu/stq_13_bits_data_bits_reg[24] failed (is not equivalent)
    Compare point lsu/stq_13_bits_data_bits_reg[23] failed (is not equivalent)
    Compare point lsu/stq_13_bits_data_bits_reg[22] failed (is not equivalent)
    Compare point lsu/stq_13_bits_data_bits_reg[21] failed (is not equivalent)
    Compare point lsu/stq_13_bits_data_bits_reg[20] failed (is not equivalent)
    Compare point lsu/stq_13_bits_data_bits_reg[1] failed (is not equivalent)
    Compare point lsu/stq_13_bits_data_bits_reg[19] failed (is not equivalent)
    Compare point lsu/stq_13_bits_data_bits_reg[18] failed (is not equivalent)
    Compare point lsu/stq_13_bits_data_bits_reg[17] failed (is not equivalent)
    Compare point lsu/stq_13_bits_data_bits_reg[16] failed (is not equivalent)
    Compare point lsu/stq_13_bits_data_bits_reg[15] failed (is not equivalent)
    Compare point lsu/stq_13_bits_data_bits_reg[14] failed (is not equivalent)
    Compare point lsu/stq_13_bits_data_bits_reg[13] failed (is not equivalent)
    Compare point lsu/stq_13_bits_data_bits_reg[12] failed (is not equivalent)
    Compare point lsu/stq_13_bits_data_bits_reg[11] failed (is not equivalent)
    Compare point lsu/stq_13_bits_data_bits_reg[0] failed (is not equivalent)
    Compare point lsu/stq_13_bits_data_bits_reg[10] failed (is not equivalent)
    Compare point lsu/stq_14_bits_data_bits_reg[9] failed (is not equivalent)
    Compare point lsu/stq_14_bits_data_bits_reg[8] failed (is not equivalent)
    Compare point lsu/stq_14_bits_data_bits_reg[7] failed (is not equivalent)
    Compare point lsu/stq_14_bits_data_bits_reg[6] failed (is not equivalent)
    Compare point lsu/stq_14_bits_data_bits_reg[63] failed (is not equivalent)
    Compare point lsu/stq_14_bits_data_bits_reg[62] failed (is not equivalent)
    Compare point lsu/stq_14_bits_data_bits_reg[61] failed (is not equivalent)
    Compare point lsu/stq_14_bits_data_bits_reg[60] failed (is not equivalent)
    Compare point lsu/stq_14_bits_data_bits_reg[5] failed (is not equivalent)
    Compare point lsu/stq_14_bits_data_bits_reg[59] failed (is not equivalent)
    Compare point lsu/stq_14_bits_data_bits_reg[58] failed (is not equivalent)
    Compare point lsu/stq_14_bits_data_bits_reg[57] failed (is not equivalent)
    Compare point lsu/stq_14_bits_data_bits_reg[56] failed (is not equivalent)
    Compare point lsu/stq_14_bits_data_bits_reg[55] failed (is not equivalent)
    Compare point lsu/stq_14_bits_data_bits_reg[54] failed (is not equivalent)
    Compare point lsu/stq_14_bits_data_bits_reg[53] failed (is not equivalent)
    Compare point lsu/stq_14_bits_data_bits_reg[52] failed (is not equivalent)
    Compare point lsu/stq_14_bits_data_bits_reg[51] failed (is not equivalent)
    Compare point lsu/stq_14_bits_data_bits_reg[50] failed (is not equivalent)
    Compare point lsu/stq_14_bits_data_bits_reg[4] failed (is not equivalent)
    Compare point lsu/stq_14_bits_data_bits_reg[49] failed (is not equivalent)
    Compare point lsu/stq_14_bits_data_bits_reg[48] failed (is not equivalent)
    Compare point lsu/stq_14_bits_data_bits_reg[47] failed (is not equivalent)
    Compare point lsu/stq_14_bits_data_bits_reg[46] failed (is not equivalent)
    Compare point lsu/stq_14_bits_data_bits_reg[45] failed (is not equivalent)
    Compare point lsu/stq_14_bits_data_bits_reg[44] failed (is not equivalent)
    Compare point lsu/stq_14_bits_data_bits_reg[43] failed (is not equivalent)
    Compare point lsu/stq_14_bits_data_bits_reg[42] failed (is not equivalent)
    Compare point lsu/stq_14_bits_data_bits_reg[41] failed (is not equivalent)
    Compare point lsu/stq_14_bits_data_bits_reg[40] failed (is not equivalent)
    Compare point lsu/stq_14_bits_data_bits_reg[3] failed (is not equivalent)
    Compare point lsu/stq_14_bits_data_bits_reg[39] failed (is not equivalent)
    Compare point lsu/stq_14_bits_data_bits_reg[38] failed (is not equivalent)
    Compare point lsu/stq_14_bits_data_bits_reg[37] failed (is not equivalent)
    Compare point lsu/stq_14_bits_data_bits_reg[36] failed (is not equivalent)
    Compare point lsu/stq_14_bits_data_bits_reg[35] failed (is not equivalent)
    Compare point lsu/stq_14_bits_data_bits_reg[34] failed (is not equivalent)
    Compare point lsu/stq_14_bits_data_bits_reg[33] failed (is not equivalent)
    Compare point lsu/stq_14_bits_data_bits_reg[32] failed (is not equivalent)
    Compare point lsu/stq_14_bits_data_bits_reg[31] failed (is not equivalent)
    Compare point lsu/stq_14_bits_data_bits_reg[30] failed (is not equivalent)
    Compare point lsu/stq_14_bits_data_bits_reg[2] failed (is not equivalent)
    Compare point lsu/stq_14_bits_data_bits_reg[29] failed (is not equivalent)
    Compare point lsu/stq_14_bits_data_bits_reg[28] failed (is not equivalent)
    Compare point lsu/stq_14_bits_data_bits_reg[27] failed (is not equivalent)
    Compare point lsu/stq_14_bits_data_bits_reg[26] failed (is not equivalent)
    Compare point lsu/stq_14_bits_data_bits_reg[25] failed (is not equivalent)
    Compare point lsu/stq_14_bits_data_bits_reg[24] failed (is not equivalent)
    Compare point lsu/stq_14_bits_data_bits_reg[23] failed (is not equivalent)
    Compare point lsu/stq_14_bits_data_bits_reg[22] failed (is not equivalent)
    Compare point lsu/stq_14_bits_data_bits_reg[21] failed (is not equivalent)
    Compare point lsu/stq_14_bits_data_bits_reg[20] failed (is not equivalent)
    Compare point lsu/stq_14_bits_data_bits_reg[1] failed (is not equivalent)
    Compare point lsu/stq_14_bits_data_bits_reg[19] failed (is not equivalent)
    Compare point lsu/stq_14_bits_data_bits_reg[18] failed (is not equivalent)
    Compare point lsu/stq_14_bits_data_bits_reg[17] failed (is not equivalent)
    Compare point lsu/stq_14_bits_data_bits_reg[16] failed (is not equivalent)
    Compare point lsu/stq_14_bits_data_bits_reg[15] failed (is not equivalent)
    Compare point lsu/stq_14_bits_data_bits_reg[14] failed (is not equivalent)
    Compare point lsu/stq_14_bits_data_bits_reg[13] failed (is not equivalent)
    Compare point lsu/stq_14_bits_data_bits_reg[12] failed (is not equivalent)
    Compare point lsu/stq_14_bits_data_bits_reg[11] failed (is not equivalent)
    Compare point lsu/stq_14_bits_data_bits_reg[10] failed (is not equivalent)
    Compare point lsu/stq_14_bits_data_bits_reg[0] failed (is not equivalent)
    Compare point lsu/stq_15_bits_data_bits_reg[9] failed (is not equivalent)
    Compare point lsu/stq_15_bits_data_bits_reg[8] failed (is not equivalent)
    Compare point lsu/stq_15_bits_data_bits_reg[7] failed (is not equivalent)
    Compare point lsu/stq_15_bits_data_bits_reg[6] failed (is not equivalent)
    Compare point lsu/stq_15_bits_data_bits_reg[63] failed (is not equivalent)
    Compare point lsu/stq_15_bits_data_bits_reg[62] failed (is not equivalent)
    Compare point lsu/stq_15_bits_data_bits_reg[61] failed (is not equivalent)
    Compare point lsu/stq_15_bits_data_bits_reg[60] failed (is not equivalent)
    Compare point lsu/stq_15_bits_data_bits_reg[5] failed (is not equivalent)
    Compare point lsu/stq_15_bits_data_bits_reg[59] failed (is not equivalent)
    Compare point lsu/stq_15_bits_data_bits_reg[58] failed (is not equivalent)
    Compare point lsu/stq_15_bits_data_bits_reg[57] failed (is not equivalent)
    Compare point lsu/stq_15_bits_data_bits_reg[56] failed (is not equivalent)
    Compare point lsu/stq_15_bits_data_bits_reg[55] failed (is not equivalent)
    Compare point lsu/stq_15_bits_data_bits_reg[54] failed (is not equivalent)
    Compare point lsu/stq_15_bits_data_bits_reg[53] failed (is not equivalent)
    Compare point lsu/stq_15_bits_data_bits_reg[52] failed (is not equivalent)
    Compare point lsu/stq_15_bits_data_bits_reg[51] failed (is not equivalent)
    Compare point lsu/stq_15_bits_data_bits_reg[50] failed (is not equivalent)
    Compare point lsu/stq_15_bits_data_bits_reg[4] failed (is not equivalent)
    Compare point lsu/stq_15_bits_data_bits_reg[49] failed (is not equivalent)
    Compare point lsu/stq_15_bits_data_bits_reg[48] failed (is not equivalent)
    Compare point lsu/stq_15_bits_data_bits_reg[47] failed (is not equivalent)
    Compare point lsu/stq_15_bits_data_bits_reg[46] failed (is not equivalent)
    Compare point lsu/stq_15_bits_data_bits_reg[45] failed (is not equivalent)
    Compare point lsu/stq_15_bits_data_bits_reg[44] failed (is not equivalent)
    Compare point lsu/stq_15_bits_data_bits_reg[43] failed (is not equivalent)
    Compare point lsu/stq_15_bits_data_bits_reg[42] failed (is not equivalent)
    Compare point lsu/stq_15_bits_data_bits_reg[41] failed (is not equivalent)
    Compare point lsu/stq_15_bits_data_bits_reg[40] failed (is not equivalent)
    Compare point lsu/stq_15_bits_data_bits_reg[3] failed (is not equivalent)
    Compare point lsu/stq_15_bits_data_bits_reg[39] failed (is not equivalent)
    Compare point lsu/stq_15_bits_data_bits_reg[38] failed (is not equivalent)
    Compare point lsu/stq_15_bits_data_bits_reg[37] failed (is not equivalent)
    Compare point lsu/stq_15_bits_data_bits_reg[36] failed (is not equivalent)
    Compare point lsu/stq_15_bits_data_bits_reg[35] failed (is not equivalent)
    Compare point lsu/stq_15_bits_data_bits_reg[34] failed (is not equivalent)
    Compare point lsu/stq_15_bits_data_bits_reg[33] failed (is not equivalent)
    Compare point lsu/stq_15_bits_data_bits_reg[32] failed (is not equivalent)
    Compare point lsu/stq_15_bits_data_bits_reg[31] failed (is not equivalent)
    Compare point lsu/stq_15_bits_data_bits_reg[30] failed (is not equivalent)
    Compare point lsu/stq_15_bits_data_bits_reg[2] failed (is not equivalent)
    Compare point lsu/stq_15_bits_data_bits_reg[29] failed (is not equivalent)
    Compare point lsu/stq_15_bits_data_bits_reg[28] failed (is not equivalent)
    Compare point lsu/stq_15_bits_data_bits_reg[27] failed (is not equivalent)
    Compare point lsu/stq_15_bits_data_bits_reg[26] failed (is not equivalent)
    Compare point lsu/stq_15_bits_data_bits_reg[25] failed (is not equivalent)
    Compare point lsu/stq_15_bits_data_bits_reg[24] failed (is not equivalent)
    Compare point lsu/stq_15_bits_data_bits_reg[23] failed (is not equivalent)
    Compare point lsu/stq_15_bits_data_bits_reg[22] failed (is not equivalent)
    Compare point lsu/stq_15_bits_data_bits_reg[21] failed (is not equivalent)
    Compare point lsu/stq_15_bits_data_bits_reg[20] failed (is not equivalent)
    Compare point lsu/stq_15_bits_data_bits_reg[1] failed (is not equivalent)
    Compare point lsu/stq_15_bits_data_bits_reg[19] failed (is not equivalent)
    Compare point lsu/stq_15_bits_data_bits_reg[18] failed (is not equivalent)
    Compare point lsu/stq_15_bits_data_bits_reg[17] failed (is not equivalent)
    Compare point lsu/stq_15_bits_data_bits_reg[16] failed (is not equivalent)
    Compare point lsu/stq_15_bits_data_bits_reg[15] failed (is not equivalent)
    Compare point lsu/stq_15_bits_data_bits_reg[14] failed (is not equivalent)
    Compare point lsu/stq_15_bits_data_bits_reg[13] failed (is not equivalent)
    Compare point lsu/stq_15_bits_data_bits_reg[12] failed (is not equivalent)
    Compare point lsu/stq_15_bits_data_bits_reg[11] failed (is not equivalent)
    Compare point lsu/stq_15_bits_data_bits_reg[10] failed (is not equivalent)
    Compare point lsu/stq_15_bits_data_bits_reg[0] failed (is not equivalent)
    Compare point lsu/stq_2_bits_data_bits_reg[9] failed (is not equivalent)
    Compare point lsu/stq_2_bits_data_bits_reg[8] failed (is not equivalent)
    Compare point lsu/stq_2_bits_data_bits_reg[7] failed (is not equivalent)
    Compare point lsu/stq_2_bits_data_bits_reg[6] failed (is not equivalent)
    Compare point lsu/stq_2_bits_data_bits_reg[63] failed (is not equivalent)
    Compare point lsu/stq_2_bits_data_bits_reg[62] failed (is not equivalent)
    Compare point lsu/stq_2_bits_data_bits_reg[61] failed (is not equivalent)
    Compare point lsu/stq_2_bits_data_bits_reg[60] failed (is not equivalent)
    Compare point lsu/stq_2_bits_data_bits_reg[5] failed (is not equivalent)
    Compare point lsu/stq_2_bits_data_bits_reg[59] failed (is not equivalent)
    Compare point lsu/stq_2_bits_data_bits_reg[58] failed (is not equivalent)
    Compare point lsu/stq_2_bits_data_bits_reg[57] failed (is not equivalent)
    Compare point lsu/stq_2_bits_data_bits_reg[56] failed (is not equivalent)
    Compare point lsu/stq_2_bits_data_bits_reg[55] failed (is not equivalent)
    Compare point lsu/stq_2_bits_data_bits_reg[54] failed (is not equivalent)
    Compare point lsu/stq_2_bits_data_bits_reg[53] failed (is not equivalent)
    Compare point lsu/stq_2_bits_data_bits_reg[52] failed (is not equivalent)
    Compare point lsu/stq_2_bits_data_bits_reg[51] failed (is not equivalent)
    Compare point lsu/stq_2_bits_data_bits_reg[50] failed (is not equivalent)
    Compare point lsu/stq_2_bits_data_bits_reg[4] failed (is not equivalent)
    Compare point lsu/stq_2_bits_data_bits_reg[49] failed (is not equivalent)
    Compare point lsu/stq_2_bits_data_bits_reg[48] failed (is not equivalent)
    Compare point lsu/stq_2_bits_data_bits_reg[47] failed (is not equivalent)
    Compare point lsu/stq_2_bits_data_bits_reg[46] failed (is not equivalent)
    Compare point lsu/stq_2_bits_data_bits_reg[45] failed (is not equivalent)
    Compare point lsu/stq_2_bits_data_bits_reg[44] failed (is not equivalent)
    Compare point lsu/stq_2_bits_data_bits_reg[43] failed (is not equivalent)
    Compare point lsu/stq_2_bits_data_bits_reg[42] failed (is not equivalent)
    Compare point lsu/stq_2_bits_data_bits_reg[41] failed (is not equivalent)
    Compare point lsu/stq_2_bits_data_bits_reg[40] failed (is not equivalent)
    Compare point lsu/stq_2_bits_data_bits_reg[3] failed (is not equivalent)
    Compare point lsu/stq_2_bits_data_bits_reg[39] failed (is not equivalent)
    Compare point lsu/stq_2_bits_data_bits_reg[38] failed (is not equivalent)
    Compare point lsu/stq_2_bits_data_bits_reg[37] failed (is not equivalent)
    Compare point lsu/stq_2_bits_data_bits_reg[36] failed (is not equivalent)
    Compare point lsu/stq_2_bits_data_bits_reg[35] failed (is not equivalent)
    Compare point lsu/stq_2_bits_data_bits_reg[34] failed (is not equivalent)
    Compare point lsu/stq_2_bits_data_bits_reg[33] failed (is not equivalent)
    Compare point lsu/stq_2_bits_data_bits_reg[32] failed (is not equivalent)
    Compare point lsu/stq_2_bits_data_bits_reg[31] failed (is not equivalent)
    Compare point lsu/stq_2_bits_data_bits_reg[30] failed (is not equivalent)
    Compare point lsu/stq_2_bits_data_bits_reg[2] failed (is not equivalent)
    Compare point lsu/stq_2_bits_data_bits_reg[29] failed (is not equivalent)
    Compare point lsu/stq_2_bits_data_bits_reg[28] failed (is not equivalent)
    Compare point lsu/stq_2_bits_data_bits_reg[27] failed (is not equivalent)
    Compare point lsu/stq_2_bits_data_bits_reg[26] failed (is not equivalent)
    Compare point lsu/stq_2_bits_data_bits_reg[25] failed (is not equivalent)
    Compare point lsu/stq_2_bits_data_bits_reg[24] failed (is not equivalent)
    Compare point lsu/stq_2_bits_data_bits_reg[23] failed (is not equivalent)
    Compare point lsu/stq_2_bits_data_bits_reg[22] failed (is not equivalent)
    Compare point lsu/stq_2_bits_data_bits_reg[21] failed (is not equivalent)
    Compare point lsu/stq_2_bits_data_bits_reg[20] failed (is not equivalent)
    Compare point lsu/stq_2_bits_data_bits_reg[1] failed (is not equivalent)
    Compare point lsu/stq_2_bits_data_bits_reg[19] failed (is not equivalent)
    Compare point lsu/stq_2_bits_data_bits_reg[18] failed (is not equivalent)
    Compare point lsu/stq_2_bits_data_bits_reg[17] failed (is not equivalent)
    Compare point lsu/stq_2_bits_data_bits_reg[16] failed (is not equivalent)
    Compare point lsu/stq_2_bits_data_bits_reg[15] failed (is not equivalent)
    Compare point lsu/stq_2_bits_data_bits_reg[14] failed (is not equivalent)
    Compare point lsu/stq_2_bits_data_bits_reg[13] failed (is not equivalent)
    Compare point lsu/stq_2_bits_data_bits_reg[12] failed (is not equivalent)
    Compare point lsu/stq_2_bits_data_bits_reg[11] failed (is not equivalent)
    Compare point lsu/stq_2_bits_data_bits_reg[10] failed (is not equivalent)
    Compare point lsu/stq_2_bits_data_bits_reg[0] failed (is not equivalent)
    Compare point lsu/stq_3_bits_data_bits_reg[0] failed (is not equivalent)
    Compare point lsu/stq_3_bits_data_bits_reg[9] failed (is not equivalent)
    Compare point lsu/stq_3_bits_data_bits_reg[8] failed (is not equivalent)
    Compare point lsu/stq_3_bits_data_bits_reg[7] failed (is not equivalent)
    Compare point lsu/stq_3_bits_data_bits_reg[6] failed (is not equivalent)
    Compare point lsu/stq_3_bits_data_bits_reg[63] failed (is not equivalent)
    Compare point lsu/stq_3_bits_data_bits_reg[62] failed (is not equivalent)
    Compare point lsu/stq_3_bits_data_bits_reg[61] failed (is not equivalent)
    Compare point lsu/stq_3_bits_data_bits_reg[60] failed (is not equivalent)
    Compare point lsu/stq_3_bits_data_bits_reg[5] failed (is not equivalent)
    Compare point lsu/stq_3_bits_data_bits_reg[59] failed (is not equivalent)
    Compare point lsu/stq_3_bits_data_bits_reg[58] failed (is not equivalent)
    Compare point lsu/stq_3_bits_data_bits_reg[57] failed (is not equivalent)
    Compare point lsu/stq_3_bits_data_bits_reg[56] failed (is not equivalent)
    Compare point lsu/stq_3_bits_data_bits_reg[55] failed (is not equivalent)
    Compare point lsu/stq_3_bits_data_bits_reg[54] failed (is not equivalent)
    Compare point lsu/stq_3_bits_data_bits_reg[53] failed (is not equivalent)
    Compare point lsu/stq_3_bits_data_bits_reg[52] failed (is not equivalent)
    Compare point lsu/stq_3_bits_data_bits_reg[51] failed (is not equivalent)
    Compare point lsu/stq_3_bits_data_bits_reg[50] failed (is not equivalent)
    Compare point lsu/stq_3_bits_data_bits_reg[4] failed (is not equivalent)
    Compare point lsu/stq_3_bits_data_bits_reg[49] failed (is not equivalent)
    Compare point lsu/stq_3_bits_data_bits_reg[48] failed (is not equivalent)
    Compare point lsu/stq_3_bits_data_bits_reg[47] failed (is not equivalent)
    Compare point lsu/stq_3_bits_data_bits_reg[46] failed (is not equivalent)
    Compare point lsu/stq_3_bits_data_bits_reg[45] failed (is not equivalent)
    Compare point lsu/stq_3_bits_data_bits_reg[44] failed (is not equivalent)
    Compare point lsu/stq_3_bits_data_bits_reg[43] failed (is not equivalent)
    Compare point lsu/stq_3_bits_data_bits_reg[42] failed (is not equivalent)
    Compare point lsu/stq_3_bits_data_bits_reg[41] failed (is not equivalent)
    Compare point lsu/stq_3_bits_data_bits_reg[40] failed (is not equivalent)
    Compare point lsu/stq_3_bits_data_bits_reg[3] failed (is not equivalent)
    Compare point lsu/stq_3_bits_data_bits_reg[39] failed (is not equivalent)
    Compare point lsu/stq_3_bits_data_bits_reg[38] failed (is not equivalent)
    Compare point lsu/stq_3_bits_data_bits_reg[37] failed (is not equivalent)
    Compare point lsu/stq_3_bits_data_bits_reg[36] failed (is not equivalent)
    Compare point lsu/stq_3_bits_data_bits_reg[35] failed (is not equivalent)
    Compare point lsu/stq_3_bits_data_bits_reg[34] failed (is not equivalent)
    Compare point lsu/stq_3_bits_data_bits_reg[33] failed (is not equivalent)
    Compare point lsu/stq_3_bits_data_bits_reg[32] failed (is not equivalent)
    Compare point lsu/stq_3_bits_data_bits_reg[31] failed (is not equivalent)
    Compare point lsu/stq_3_bits_data_bits_reg[30] failed (is not equivalent)
    Compare point lsu/stq_3_bits_data_bits_reg[2] failed (is not equivalent)
    Compare point lsu/stq_3_bits_data_bits_reg[29] failed (is not equivalent)
    Compare point lsu/stq_3_bits_data_bits_reg[28] failed (is not equivalent)
    Compare point lsu/stq_3_bits_data_bits_reg[27] failed (is not equivalent)
    Compare point lsu/stq_3_bits_data_bits_reg[26] failed (is not equivalent)
    Compare point lsu/stq_3_bits_data_bits_reg[25] failed (is not equivalent)
    Compare point lsu/stq_3_bits_data_bits_reg[24] failed (is not equivalent)
    Compare point lsu/stq_3_bits_data_bits_reg[23] failed (is not equivalent)
    Compare point lsu/stq_3_bits_data_bits_reg[22] failed (is not equivalent)
    Compare point lsu/stq_3_bits_data_bits_reg[21] failed (is not equivalent)
    Compare point lsu/stq_3_bits_data_bits_reg[20] failed (is not equivalent)
    Compare point lsu/stq_3_bits_data_bits_reg[1] failed (is not equivalent)
    Compare point lsu/stq_3_bits_data_bits_reg[19] failed (is not equivalent)
    Compare point lsu/stq_3_bits_data_bits_reg[18] failed (is not equivalent)
    Compare point lsu/stq_3_bits_data_bits_reg[17] failed (is not equivalent)
    Compare point lsu/stq_3_bits_data_bits_reg[16] failed (is not equivalent)
    Compare point lsu/stq_3_bits_data_bits_reg[15] failed (is not equivalent)
    Compare point lsu/stq_3_bits_data_bits_reg[14] failed (is not equivalent)
    Compare point lsu/stq_3_bits_data_bits_reg[13] failed (is not equivalent)
    Compare point lsu/stq_3_bits_data_bits_reg[12] failed (is not equivalent)
    Compare point lsu/stq_3_bits_data_bits_reg[11] failed (is not equivalent)
    Compare point lsu/stq_3_bits_data_bits_reg[10] failed (is not equivalent)
    Compare point lsu/stq_4_bits_data_bits_reg[9] failed (is not equivalent)
    Compare point lsu/stq_4_bits_data_bits_reg[8] failed (is not equivalent)
    Compare point lsu/stq_4_bits_data_bits_reg[7] failed (is not equivalent)
    Compare point lsu/stq_4_bits_data_bits_reg[6] failed (is not equivalent)
    Compare point lsu/stq_4_bits_data_bits_reg[63] failed (is not equivalent)
    Compare point lsu/stq_4_bits_data_bits_reg[62] failed (is not equivalent)
    Compare point lsu/stq_4_bits_data_bits_reg[61] failed (is not equivalent)
    Compare point lsu/stq_4_bits_data_bits_reg[60] failed (is not equivalent)
    Compare point lsu/stq_4_bits_data_bits_reg[5] failed (is not equivalent)
    Compare point lsu/stq_4_bits_data_bits_reg[59] failed (is not equivalent)
    Compare point lsu/stq_4_bits_data_bits_reg[58] failed (is not equivalent)
    Compare point lsu/stq_4_bits_data_bits_reg[57] failed (is not equivalent)
    Compare point lsu/stq_4_bits_data_bits_reg[56] failed (is not equivalent)
    Compare point lsu/stq_4_bits_data_bits_reg[55] failed (is not equivalent)
    Compare point lsu/stq_4_bits_data_bits_reg[54] failed (is not equivalent)
    Compare point lsu/stq_4_bits_data_bits_reg[53] failed (is not equivalent)
    Compare point lsu/stq_4_bits_data_bits_reg[52] failed (is not equivalent)
    Compare point lsu/stq_4_bits_data_bits_reg[51] failed (is not equivalent)
    Compare point lsu/stq_4_bits_data_bits_reg[50] failed (is not equivalent)
    Compare point lsu/stq_4_bits_data_bits_reg[4] failed (is not equivalent)
    Compare point lsu/stq_4_bits_data_bits_reg[49] failed (is not equivalent)
    Compare point lsu/stq_4_bits_data_bits_reg[48] failed (is not equivalent)
    Compare point lsu/stq_4_bits_data_bits_reg[47] failed (is not equivalent)
    Compare point lsu/stq_4_bits_data_bits_reg[46] failed (is not equivalent)
    Compare point lsu/stq_4_bits_data_bits_reg[45] failed (is not equivalent)
    Compare point lsu/stq_4_bits_data_bits_reg[44] failed (is not equivalent)
    Compare point lsu/stq_4_bits_data_bits_reg[43] failed (is not equivalent)
    Compare point lsu/stq_4_bits_data_bits_reg[42] failed (is not equivalent)
    Compare point lsu/stq_4_bits_data_bits_reg[41] failed (is not equivalent)
    Compare point lsu/stq_4_bits_data_bits_reg[40] failed (is not equivalent)
    Compare point lsu/stq_4_bits_data_bits_reg[3] failed (is not equivalent)
    Compare point lsu/stq_4_bits_data_bits_reg[39] failed (is not equivalent)
    Compare point lsu/stq_4_bits_data_bits_reg[38] failed (is not equivalent)
    Compare point lsu/stq_4_bits_data_bits_reg[37] failed (is not equivalent)
    Compare point lsu/stq_4_bits_data_bits_reg[36] failed (is not equivalent)
    Compare point lsu/stq_4_bits_data_bits_reg[35] failed (is not equivalent)
    Compare point lsu/stq_4_bits_data_bits_reg[34] failed (is not equivalent)
    Compare point lsu/stq_4_bits_data_bits_reg[33] failed (is not equivalent)
    Compare point lsu/stq_4_bits_data_bits_reg[32] failed (is not equivalent)
    Compare point lsu/stq_4_bits_data_bits_reg[31] failed (is not equivalent)
    Compare point lsu/stq_4_bits_data_bits_reg[30] failed (is not equivalent)
    Compare point lsu/stq_4_bits_data_bits_reg[2] failed (is not equivalent)
    Compare point lsu/stq_4_bits_data_bits_reg[29] failed (is not equivalent)
    Compare point lsu/stq_4_bits_data_bits_reg[28] failed (is not equivalent)
    Compare point lsu/stq_4_bits_data_bits_reg[27] failed (is not equivalent)
    Compare point lsu/stq_4_bits_data_bits_reg[26] failed (is not equivalent)
    Compare point lsu/stq_4_bits_data_bits_reg[25] failed (is not equivalent)
    Compare point lsu/stq_4_bits_data_bits_reg[24] failed (is not equivalent)
    Compare point lsu/stq_4_bits_data_bits_reg[23] failed (is not equivalent)
    Compare point lsu/stq_4_bits_data_bits_reg[22] failed (is not equivalent)
    Compare point lsu/stq_4_bits_data_bits_reg[21] failed (is not equivalent)
    Compare point lsu/stq_4_bits_data_bits_reg[20] failed (is not equivalent)
    Compare point lsu/stq_4_bits_data_bits_reg[1] failed (is not equivalent)
    Compare point lsu/stq_4_bits_data_bits_reg[19] failed (is not equivalent)
    Compare point lsu/stq_4_bits_data_bits_reg[18] failed (is not equivalent)
    Compare point lsu/stq_4_bits_data_bits_reg[17] failed (is not equivalent)
    Compare point lsu/stq_4_bits_data_bits_reg[16] failed (is not equivalent)
    Compare point lsu/stq_4_bits_data_bits_reg[15] failed (is not equivalent)
    Compare point lsu/stq_4_bits_data_bits_reg[14] failed (is not equivalent)
    Compare point lsu/stq_4_bits_data_bits_reg[13] failed (is not equivalent)
    Compare point lsu/stq_4_bits_data_bits_reg[12] failed (is not equivalent)
    Compare point lsu/stq_4_bits_data_bits_reg[11] failed (is not equivalent)
    Compare point lsu/stq_4_bits_data_bits_reg[10] failed (is not equivalent)
    Compare point lsu/stq_4_bits_data_bits_reg[0] failed (is not equivalent)
    Compare point lsu/stq_5_bits_data_bits_reg[9] failed (is not equivalent)
    Compare point lsu/stq_5_bits_data_bits_reg[8] failed (is not equivalent)
    Compare point lsu/stq_5_bits_data_bits_reg[7] failed (is not equivalent)
    Compare point lsu/stq_5_bits_data_bits_reg[6] failed (is not equivalent)
    Compare point lsu/stq_5_bits_data_bits_reg[63] failed (is not equivalent)
    Compare point lsu/stq_5_bits_data_bits_reg[62] failed (is not equivalent)
    Compare point lsu/stq_5_bits_data_bits_reg[61] failed (is not equivalent)
    Compare point lsu/stq_5_bits_data_bits_reg[60] failed (is not equivalent)
    Compare point lsu/stq_5_bits_data_bits_reg[5] failed (is not equivalent)
    Compare point lsu/stq_5_bits_data_bits_reg[59] failed (is not equivalent)
    Compare point lsu/stq_5_bits_data_bits_reg[58] failed (is not equivalent)
    Compare point lsu/stq_5_bits_data_bits_reg[57] failed (is not equivalent)
    Compare point lsu/stq_5_bits_data_bits_reg[56] failed (is not equivalent)
    Compare point lsu/stq_5_bits_data_bits_reg[55] failed (is not equivalent)
    Compare point lsu/stq_5_bits_data_bits_reg[54] failed (is not equivalent)
    Compare point lsu/stq_5_bits_data_bits_reg[53] failed (is not equivalent)
    Compare point lsu/stq_5_bits_data_bits_reg[52] failed (is not equivalent)
    Compare point lsu/stq_5_bits_data_bits_reg[51] failed (is not equivalent)
    Compare point lsu/stq_5_bits_data_bits_reg[50] failed (is not equivalent)
    Compare point lsu/stq_5_bits_data_bits_reg[4] failed (is not equivalent)
    Compare point lsu/stq_5_bits_data_bits_reg[49] failed (is not equivalent)
    Compare point lsu/stq_5_bits_data_bits_reg[48] failed (is not equivalent)
    Compare point lsu/stq_5_bits_data_bits_reg[47] failed (is not equivalent)
    Compare point lsu/stq_5_bits_data_bits_reg[46] failed (is not equivalent)
    Compare point lsu/stq_5_bits_data_bits_reg[45] failed (is not equivalent)
    Compare point lsu/stq_5_bits_data_bits_reg[44] failed (is not equivalent)
    Compare point lsu/stq_5_bits_data_bits_reg[43] failed (is not equivalent)
    Compare point lsu/stq_5_bits_data_bits_reg[42] failed (is not equivalent)
    Compare point lsu/stq_5_bits_data_bits_reg[41] failed (is not equivalent)
    Compare point lsu/stq_5_bits_data_bits_reg[40] failed (is not equivalent)
    Compare point lsu/stq_5_bits_data_bits_reg[3] failed (is not equivalent)
    Compare point lsu/stq_5_bits_data_bits_reg[39] failed (is not equivalent)
    Compare point lsu/stq_5_bits_data_bits_reg[38] failed (is not equivalent)
    Compare point lsu/stq_5_bits_data_bits_reg[37] failed (is not equivalent)
    Compare point lsu/stq_5_bits_data_bits_reg[36] failed (is not equivalent)
    Compare point lsu/stq_5_bits_data_bits_reg[35] failed (is not equivalent)
    Compare point lsu/stq_5_bits_data_bits_reg[34] failed (is not equivalent)
    Compare point lsu/stq_5_bits_data_bits_reg[33] failed (is not equivalent)
    Compare point lsu/stq_5_bits_data_bits_reg[32] failed (is not equivalent)
    Compare point lsu/stq_5_bits_data_bits_reg[31] failed (is not equivalent)
    Compare point lsu/stq_5_bits_data_bits_reg[30] failed (is not equivalent)
    Compare point lsu/stq_5_bits_data_bits_reg[2] failed (is not equivalent)
    Compare point lsu/stq_5_bits_data_bits_reg[29] failed (is not equivalent)
    Compare point lsu/stq_5_bits_data_bits_reg[28] failed (is not equivalent)
    Compare point lsu/stq_5_bits_data_bits_reg[27] failed (is not equivalent)
    Compare point lsu/stq_5_bits_data_bits_reg[26] failed (is not equivalent)
    Compare point lsu/stq_5_bits_data_bits_reg[25] failed (is not equivalent)
    Compare point lsu/stq_5_bits_data_bits_reg[24] failed (is not equivalent)
    Compare point lsu/stq_5_bits_data_bits_reg[23] failed (is not equivalent)
    Compare point lsu/stq_5_bits_data_bits_reg[22] failed (is not equivalent)
    Compare point lsu/stq_5_bits_data_bits_reg[21] failed (is not equivalent)
    Compare point lsu/stq_5_bits_data_bits_reg[20] failed (is not equivalent)
    Compare point lsu/stq_5_bits_data_bits_reg[1] failed (is not equivalent)
    Compare point lsu/stq_5_bits_data_bits_reg[19] failed (is not equivalent)
    Compare point lsu/stq_5_bits_data_bits_reg[18] failed (is not equivalent)
    Compare point lsu/stq_5_bits_data_bits_reg[17] failed (is not equivalent)
    Compare point lsu/stq_5_bits_data_bits_reg[16] failed (is not equivalent)
    Compare point lsu/stq_5_bits_data_bits_reg[15] failed (is not equivalent)
    Compare point lsu/stq_5_bits_data_bits_reg[14] failed (is not equivalent)
    Compare point lsu/stq_5_bits_data_bits_reg[13] failed (is not equivalent)
    Compare point lsu/stq_5_bits_data_bits_reg[12] failed (is not equivalent)
    Compare point lsu/stq_5_bits_data_bits_reg[11] failed (is not equivalent)
    Compare point lsu/stq_5_bits_data_bits_reg[10] failed (is not equivalent)
    Compare point lsu/stq_5_bits_data_bits_reg[0] failed (is not equivalent)
    Compare point lsu/stq_6_bits_data_bits_reg[9] failed (is not equivalent)
    Compare point lsu/stq_6_bits_data_bits_reg[8] failed (is not equivalent)
    Compare point lsu/stq_6_bits_data_bits_reg[7] failed (is not equivalent)
    Compare point lsu/stq_6_bits_data_bits_reg[6] failed (is not equivalent)
    Compare point lsu/stq_6_bits_data_bits_reg[63] failed (is not equivalent)
    Compare point lsu/stq_6_bits_data_bits_reg[62] failed (is not equivalent)
    Compare point lsu/stq_6_bits_data_bits_reg[61] failed (is not equivalent)
    Compare point lsu/stq_6_bits_data_bits_reg[60] failed (is not equivalent)
    Compare point lsu/stq_6_bits_data_bits_reg[5] failed (is not equivalent)
    Compare point lsu/stq_6_bits_data_bits_reg[59] failed (is not equivalent)
    Compare point lsu/stq_6_bits_data_bits_reg[58] failed (is not equivalent)
    Compare point lsu/stq_6_bits_data_bits_reg[57] failed (is not equivalent)
    Compare point lsu/stq_6_bits_data_bits_reg[56] failed (is not equivalent)
    Compare point lsu/stq_6_bits_data_bits_reg[55] failed (is not equivalent)
    Compare point lsu/stq_6_bits_data_bits_reg[54] failed (is not equivalent)
    Compare point lsu/stq_6_bits_data_bits_reg[53] failed (is not equivalent)
    Compare point lsu/stq_6_bits_data_bits_reg[52] failed (is not equivalent)
    Compare point lsu/stq_6_bits_data_bits_reg[51] failed (is not equivalent)
    Compare point lsu/stq_6_bits_data_bits_reg[50] failed (is not equivalent)
    Compare point lsu/stq_6_bits_data_bits_reg[4] failed (is not equivalent)
    Compare point lsu/stq_6_bits_data_bits_reg[49] failed (is not equivalent)
    Compare point lsu/stq_6_bits_data_bits_reg[48] failed (is not equivalent)
    Compare point lsu/stq_6_bits_data_bits_reg[47] failed (is not equivalent)
    Compare point lsu/stq_6_bits_data_bits_reg[46] failed (is not equivalent)
    Compare point lsu/stq_6_bits_data_bits_reg[45] failed (is not equivalent)
    Compare point lsu/stq_6_bits_data_bits_reg[44] failed (is not equivalent)
    Compare point lsu/stq_6_bits_data_bits_reg[43] failed (is not equivalent)
    Compare point lsu/stq_6_bits_data_bits_reg[42] failed (is not equivalent)
    Compare point lsu/stq_6_bits_data_bits_reg[41] failed (is not equivalent)
    Compare point lsu/stq_6_bits_data_bits_reg[40] failed (is not equivalent)
    Compare point lsu/stq_6_bits_data_bits_reg[3] failed (is not equivalent)
    Compare point lsu/stq_6_bits_data_bits_reg[39] failed (is not equivalent)
    Compare point lsu/stq_6_bits_data_bits_reg[38] failed (is not equivalent)
    Compare point lsu/stq_6_bits_data_bits_reg[37] failed (is not equivalent)
    Compare point lsu/stq_6_bits_data_bits_reg[36] failed (is not equivalent)
    Compare point lsu/stq_6_bits_data_bits_reg[35] failed (is not equivalent)
    Compare point lsu/stq_6_bits_data_bits_reg[34] failed (is not equivalent)
    Compare point lsu/stq_6_bits_data_bits_reg[33] failed (is not equivalent)
    Compare point lsu/stq_6_bits_data_bits_reg[32] failed (is not equivalent)
    Compare point lsu/stq_6_bits_data_bits_reg[31] failed (is not equivalent)
    Compare point lsu/stq_6_bits_data_bits_reg[30] failed (is not equivalent)
    Compare point lsu/stq_6_bits_data_bits_reg[2] failed (is not equivalent)
    Compare point lsu/stq_6_bits_data_bits_reg[29] failed (is not equivalent)
    Compare point lsu/stq_6_bits_data_bits_reg[28] failed (is not equivalent)
    Compare point lsu/stq_6_bits_data_bits_reg[27] failed (is not equivalent)
    Compare point lsu/stq_6_bits_data_bits_reg[26] failed (is not equivalent)
    Compare point lsu/stq_6_bits_data_bits_reg[25] failed (is not equivalent)
    Compare point lsu/stq_6_bits_data_bits_reg[24] failed (is not equivalent)
    Compare point lsu/stq_6_bits_data_bits_reg[23] failed (is not equivalent)
    Compare point lsu/stq_6_bits_data_bits_reg[22] failed (is not equivalent)
    Compare point lsu/stq_6_bits_data_bits_reg[21] failed (is not equivalent)
    Compare point lsu/stq_6_bits_data_bits_reg[20] failed (is not equivalent)
    Compare point lsu/stq_6_bits_data_bits_reg[1] failed (is not equivalent)
    Compare point lsu/stq_6_bits_data_bits_reg[19] failed (is not equivalent)
    Compare point lsu/stq_6_bits_data_bits_reg[18] failed (is not equivalent)
    Compare point lsu/stq_6_bits_data_bits_reg[17] failed (is not equivalent)
    Compare point lsu/stq_6_bits_data_bits_reg[16] failed (is not equivalent)
    Compare point lsu/stq_6_bits_data_bits_reg[15] failed (is not equivalent)
    Compare point lsu/stq_6_bits_data_bits_reg[14] failed (is not equivalent)
    Compare point lsu/stq_6_bits_data_bits_reg[13] failed (is not equivalent)
    Compare point lsu/stq_6_bits_data_bits_reg[12] failed (is not equivalent)
    Compare point lsu/stq_6_bits_data_bits_reg[11] failed (is not equivalent)
    Compare point lsu/stq_6_bits_data_bits_reg[10] failed (is not equivalent)
    Compare point lsu/stq_6_bits_data_bits_reg[0] failed (is not equivalent)
    Compare point lsu/stq_7_bits_data_bits_reg[9] failed (is not equivalent)
    Compare point lsu/stq_7_bits_data_bits_reg[8] failed (is not equivalent)
    Compare point lsu/stq_7_bits_data_bits_reg[7] failed (is not equivalent)
    Compare point lsu/stq_7_bits_data_bits_reg[6] failed (is not equivalent)
    Compare point lsu/stq_7_bits_data_bits_reg[63] failed (is not equivalent)
    Compare point lsu/stq_7_bits_data_bits_reg[62] failed (is not equivalent)
    Compare point lsu/stq_7_bits_data_bits_reg[61] failed (is not equivalent)
    Compare point lsu/stq_7_bits_data_bits_reg[60] failed (is not equivalent)
    Compare point lsu/stq_7_bits_data_bits_reg[5] failed (is not equivalent)
    Compare point lsu/stq_7_bits_data_bits_reg[59] failed (is not equivalent)
    Compare point lsu/stq_7_bits_data_bits_reg[58] failed (is not equivalent)
    Compare point lsu/stq_7_bits_data_bits_reg[57] failed (is not equivalent)
    Compare point lsu/stq_7_bits_data_bits_reg[56] failed (is not equivalent)
    Compare point lsu/stq_7_bits_data_bits_reg[55] failed (is not equivalent)
    Compare point lsu/stq_7_bits_data_bits_reg[54] failed (is not equivalent)
    Compare point lsu/stq_7_bits_data_bits_reg[53] failed (is not equivalent)
    Compare point lsu/stq_7_bits_data_bits_reg[52] failed (is not equivalent)
    Compare point lsu/stq_7_bits_data_bits_reg[51] failed (is not equivalent)
    Compare point lsu/stq_7_bits_data_bits_reg[50] failed (is not equivalent)
    Compare point lsu/stq_7_bits_data_bits_reg[4] failed (is not equivalent)
    Compare point lsu/stq_7_bits_data_bits_reg[49] failed (is not equivalent)
    Compare point lsu/stq_7_bits_data_bits_reg[48] failed (is not equivalent)
    Compare point lsu/stq_7_bits_data_bits_reg[47] failed (is not equivalent)
    Compare point lsu/stq_7_bits_data_bits_reg[46] failed (is not equivalent)
    Compare point lsu/stq_7_bits_data_bits_reg[45] failed (is not equivalent)
    Compare point lsu/stq_7_bits_data_bits_reg[44] failed (is not equivalent)
    Compare point lsu/stq_7_bits_data_bits_reg[43] failed (is not equivalent)
    Compare point lsu/stq_7_bits_data_bits_reg[42] failed (is not equivalent)
    Compare point lsu/stq_7_bits_data_bits_reg[41] failed (is not equivalent)
    Compare point lsu/stq_7_bits_data_bits_reg[40] failed (is not equivalent)
    Compare point lsu/stq_7_bits_data_bits_reg[3] failed (is not equivalent)
    Compare point lsu/stq_7_bits_data_bits_reg[39] failed (is not equivalent)
    Compare point lsu/stq_7_bits_data_bits_reg[38] failed (is not equivalent)
    Compare point lsu/stq_7_bits_data_bits_reg[37] failed (is not equivalent)
    Compare point lsu/stq_7_bits_data_bits_reg[36] failed (is not equivalent)
    Compare point lsu/stq_7_bits_data_bits_reg[35] failed (is not equivalent)
    Compare point lsu/stq_7_bits_data_bits_reg[34] failed (is not equivalent)
    Compare point lsu/stq_7_bits_data_bits_reg[33] failed (is not equivalent)
    Compare point lsu/stq_7_bits_data_bits_reg[32] failed (is not equivalent)
    Compare point lsu/stq_7_bits_data_bits_reg[31] failed (is not equivalent)
    Compare point lsu/stq_7_bits_data_bits_reg[30] failed (is not equivalent)
    Compare point lsu/stq_7_bits_data_bits_reg[2] failed (is not equivalent)
    Compare point lsu/stq_7_bits_data_bits_reg[29] failed (is not equivalent)
    Compare point lsu/stq_7_bits_data_bits_reg[28] failed (is not equivalent)
    Compare point lsu/stq_7_bits_data_bits_reg[27] failed (is not equivalent)
    Compare point lsu/stq_7_bits_data_bits_reg[26] failed (is not equivalent)
    Compare point lsu/stq_7_bits_data_bits_reg[25] failed (is not equivalent)
    Compare point lsu/stq_7_bits_data_bits_reg[24] failed (is not equivalent)
    Compare point lsu/stq_7_bits_data_bits_reg[23] failed (is not equivalent)
    Compare point lsu/stq_7_bits_data_bits_reg[22] failed (is not equivalent)
    Compare point lsu/stq_7_bits_data_bits_reg[21] failed (is not equivalent)
    Compare point lsu/stq_7_bits_data_bits_reg[20] failed (is not equivalent)
    Compare point lsu/stq_7_bits_data_bits_reg[1] failed (is not equivalent)
    Compare point lsu/stq_7_bits_data_bits_reg[19] failed (is not equivalent)
    Compare point lsu/stq_7_bits_data_bits_reg[18] failed (is not equivalent)
    Compare point lsu/stq_7_bits_data_bits_reg[17] failed (is not equivalent)
    Compare point lsu/stq_7_bits_data_bits_reg[16] failed (is not equivalent)
    Compare point lsu/stq_7_bits_data_bits_reg[15] failed (is not equivalent)
    Compare point lsu/stq_7_bits_data_bits_reg[14] failed (is not equivalent)
    Compare point lsu/stq_7_bits_data_bits_reg[13] failed (is not equivalent)
    Compare point lsu/stq_7_bits_data_bits_reg[12] failed (is not equivalent)
    Compare point lsu/stq_7_bits_data_bits_reg[11] failed (is not equivalent)
    Compare point lsu/stq_7_bits_data_bits_reg[10] failed (is not equivalent)
    Compare point lsu/stq_7_bits_data_bits_reg[0] failed (is not equivalent)
    Compare point lsu/stq_8_bits_data_bits_reg[0] failed (is not equivalent)
    Compare point lsu/stq_8_bits_data_bits_reg[9] failed (is not equivalent)
    Compare point lsu/stq_8_bits_data_bits_reg[8] failed (is not equivalent)
    Compare point lsu/stq_8_bits_data_bits_reg[7] failed (is not equivalent)
    Compare point lsu/stq_8_bits_data_bits_reg[6] failed (is not equivalent)
    Compare point lsu/stq_8_bits_data_bits_reg[63] failed (is not equivalent)
    Compare point lsu/stq_8_bits_data_bits_reg[62] failed (is not equivalent)
    Compare point lsu/stq_8_bits_data_bits_reg[61] failed (is not equivalent)
    Compare point lsu/stq_8_bits_data_bits_reg[60] failed (is not equivalent)
    Compare point lsu/stq_8_bits_data_bits_reg[5] failed (is not equivalent)
    Compare point lsu/stq_8_bits_data_bits_reg[59] failed (is not equivalent)
    Compare point lsu/stq_8_bits_data_bits_reg[58] failed (is not equivalent)
    Compare point lsu/stq_8_bits_data_bits_reg[57] failed (is not equivalent)
    Compare point lsu/stq_8_bits_data_bits_reg[56] failed (is not equivalent)
    Compare point lsu/stq_8_bits_data_bits_reg[55] failed (is not equivalent)
    Compare point lsu/stq_8_bits_data_bits_reg[54] failed (is not equivalent)
    Compare point lsu/stq_8_bits_data_bits_reg[53] failed (is not equivalent)
    Compare point lsu/stq_8_bits_data_bits_reg[52] failed (is not equivalent)
    Compare point lsu/stq_8_bits_data_bits_reg[51] failed (is not equivalent)
    Compare point lsu/stq_8_bits_data_bits_reg[50] failed (is not equivalent)
    Compare point lsu/stq_8_bits_data_bits_reg[4] failed (is not equivalent)
    Compare point lsu/stq_8_bits_data_bits_reg[49] failed (is not equivalent)
    Compare point lsu/stq_8_bits_data_bits_reg[48] failed (is not equivalent)
    Compare point lsu/stq_8_bits_data_bits_reg[47] failed (is not equivalent)
    Compare point lsu/stq_8_bits_data_bits_reg[46] failed (is not equivalent)
    Compare point lsu/stq_8_bits_data_bits_reg[45] failed (is not equivalent)
    Compare point lsu/stq_8_bits_data_bits_reg[44] failed (is not equivalent)
    Compare point lsu/stq_8_bits_data_bits_reg[43] failed (is not equivalent)
    Compare point lsu/stq_8_bits_data_bits_reg[42] failed (is not equivalent)
    Compare point lsu/stq_8_bits_data_bits_reg[41] failed (is not equivalent)
    Compare point lsu/stq_8_bits_data_bits_reg[40] failed (is not equivalent)
    Compare point lsu/stq_8_bits_data_bits_reg[3] failed (is not equivalent)
    Compare point lsu/stq_8_bits_data_bits_reg[39] failed (is not equivalent)
    Compare point lsu/stq_8_bits_data_bits_reg[38] failed (is not equivalent)
    Compare point lsu/stq_8_bits_data_bits_reg[37] failed (is not equivalent)
    Compare point lsu/stq_8_bits_data_bits_reg[36] failed (is not equivalent)
    Compare point lsu/stq_8_bits_data_bits_reg[35] failed (is not equivalent)
    Compare point lsu/stq_8_bits_data_bits_reg[34] failed (is not equivalent)
    Compare point lsu/stq_8_bits_data_bits_reg[33] failed (is not equivalent)
    Compare point lsu/stq_8_bits_data_bits_reg[32] failed (is not equivalent)
    Compare point lsu/stq_8_bits_data_bits_reg[31] failed (is not equivalent)
    Compare point lsu/stq_8_bits_data_bits_reg[30] failed (is not equivalent)
    Compare point lsu/stq_8_bits_data_bits_reg[2] failed (is not equivalent)
    Compare point lsu/stq_8_bits_data_bits_reg[29] failed (is not equivalent)
    Compare point lsu/stq_8_bits_data_bits_reg[28] failed (is not equivalent)
    Compare point lsu/stq_8_bits_data_bits_reg[27] failed (is not equivalent)
    Compare point lsu/stq_8_bits_data_bits_reg[26] failed (is not equivalent)
    Compare point lsu/stq_8_bits_data_bits_reg[25] failed (is not equivalent)
    Compare point lsu/stq_8_bits_data_bits_reg[24] failed (is not equivalent)
    Compare point lsu/stq_8_bits_data_bits_reg[23] failed (is not equivalent)
    Compare point lsu/stq_8_bits_data_bits_reg[22] failed (is not equivalent)
    Compare point lsu/stq_8_bits_data_bits_reg[21] failed (is not equivalent)
    Compare point lsu/stq_8_bits_data_bits_reg[20] failed (is not equivalent)
    Compare point lsu/stq_8_bits_data_bits_reg[1] failed (is not equivalent)
    Compare point lsu/stq_8_bits_data_bits_reg[19] failed (is not equivalent)
    Compare point lsu/stq_8_bits_data_bits_reg[18] failed (is not equivalent)
    Compare point lsu/stq_8_bits_data_bits_reg[17] failed (is not equivalent)
    Compare point lsu/stq_8_bits_data_bits_reg[16] failed (is not equivalent)
    Compare point lsu/stq_8_bits_data_bits_reg[15] failed (is not equivalent)
    Compare point lsu/stq_8_bits_data_bits_reg[14] failed (is not equivalent)
    Compare point lsu/stq_8_bits_data_bits_reg[13] failed (is not equivalent)
    Compare point lsu/stq_8_bits_data_bits_reg[12] failed (is not equivalent)
    Compare point lsu/stq_8_bits_data_bits_reg[11] failed (is not equivalent)
    Compare point lsu/stq_8_bits_data_bits_reg[10] failed (is not equivalent)
    Compare point lsu/stq_9_bits_data_bits_reg[9] failed (is not equivalent)
    Compare point lsu/stq_9_bits_data_bits_reg[8] failed (is not equivalent)
    Compare point lsu/stq_9_bits_data_bits_reg[7] failed (is not equivalent)
    Compare point lsu/stq_9_bits_data_bits_reg[6] failed (is not equivalent)
    Compare point lsu/stq_9_bits_data_bits_reg[63] failed (is not equivalent)
    Compare point lsu/stq_9_bits_data_bits_reg[62] failed (is not equivalent)
    Compare point lsu/stq_9_bits_data_bits_reg[61] failed (is not equivalent)
    Compare point lsu/stq_9_bits_data_bits_reg[60] failed (is not equivalent)
    Compare point lsu/stq_9_bits_data_bits_reg[5] failed (is not equivalent)
    Compare point lsu/stq_9_bits_data_bits_reg[59] failed (is not equivalent)
    Compare point lsu/stq_9_bits_data_bits_reg[58] failed (is not equivalent)
    Compare point lsu/stq_9_bits_data_bits_reg[57] failed (is not equivalent)
    Compare point lsu/stq_9_bits_data_bits_reg[56] failed (is not equivalent)
    Compare point lsu/stq_9_bits_data_bits_reg[55] failed (is not equivalent)
    Compare point lsu/stq_9_bits_data_bits_reg[54] failed (is not equivalent)
    Compare point lsu/stq_9_bits_data_bits_reg[53] failed (is not equivalent)
    Compare point lsu/stq_9_bits_data_bits_reg[52] failed (is not equivalent)
    Compare point lsu/stq_9_bits_data_bits_reg[51] failed (is not equivalent)
    Compare point lsu/stq_9_bits_data_bits_reg[50] failed (is not equivalent)
    Compare point lsu/stq_9_bits_data_bits_reg[4] failed (is not equivalent)
    Compare point lsu/stq_9_bits_data_bits_reg[49] failed (is not equivalent)
    Compare point lsu/stq_9_bits_data_bits_reg[48] failed (is not equivalent)
    Compare point lsu/stq_9_bits_data_bits_reg[47] failed (is not equivalent)
    Compare point lsu/stq_9_bits_data_bits_reg[46] failed (is not equivalent)
    Compare point lsu/stq_9_bits_data_bits_reg[45] failed (is not equivalent)
    Compare point lsu/stq_9_bits_data_bits_reg[44] failed (is not equivalent)
    Compare point lsu/stq_9_bits_data_bits_reg[43] failed (is not equivalent)
    Compare point lsu/stq_9_bits_data_bits_reg[42] failed (is not equivalent)
    Compare point lsu/stq_9_bits_data_bits_reg[41] failed (is not equivalent)
    Compare point lsu/stq_9_bits_data_bits_reg[40] failed (is not equivalent)
    Compare point lsu/stq_9_bits_data_bits_reg[3] failed (is not equivalent)
    Compare point lsu/stq_9_bits_data_bits_reg[39] failed (is not equivalent)
    Compare point lsu/stq_9_bits_data_bits_reg[38] failed (is not equivalent)
    Compare point lsu/stq_9_bits_data_bits_reg[37] failed (is not equivalent)
    Compare point lsu/stq_9_bits_data_bits_reg[36] failed (is not equivalent)
    Compare point lsu/stq_9_bits_data_bits_reg[35] failed (is not equivalent)
    Compare point lsu/stq_9_bits_data_bits_reg[34] failed (is not equivalent)
    Compare point lsu/stq_9_bits_data_bits_reg[33] failed (is not equivalent)
    Compare point lsu/stq_9_bits_data_bits_reg[32] failed (is not equivalent)
    Compare point lsu/stq_9_bits_data_bits_reg[31] failed (is not equivalent)
    Compare point lsu/stq_9_bits_data_bits_reg[30] failed (is not equivalent)
    Compare point lsu/stq_9_bits_data_bits_reg[2] failed (is not equivalent)
    Compare point lsu/stq_9_bits_data_bits_reg[29] failed (is not equivalent)
    Compare point lsu/stq_9_bits_data_bits_reg[28] failed (is not equivalent)
    Compare point lsu/stq_9_bits_data_bits_reg[27] failed (is not equivalent)
    Compare point lsu/stq_9_bits_data_bits_reg[26] failed (is not equivalent)
    Compare point lsu/stq_9_bits_data_bits_reg[25] failed (is not equivalent)
    Compare point lsu/stq_9_bits_data_bits_reg[24] failed (is not equivalent)
    Compare point lsu/stq_9_bits_data_bits_reg[23] failed (is not equivalent)
    Compare point lsu/stq_9_bits_data_bits_reg[22] failed (is not equivalent)
    Compare point lsu/stq_9_bits_data_bits_reg[21] failed (is not equivalent)
    Compare point lsu/stq_9_bits_data_bits_reg[20] failed (is not equivalent)
    Compare point lsu/stq_9_bits_data_bits_reg[1] failed (is not equivalent)
    Compare point lsu/stq_9_bits_data_bits_reg[19] failed (is not equivalent)
    Compare point lsu/stq_9_bits_data_bits_reg[18] failed (is not equivalent)
    Compare point lsu/stq_9_bits_data_bits_reg[17] failed (is not equivalent)
    Compare point lsu/stq_9_bits_data_bits_reg[16] failed (is not equivalent)
    Compare point lsu/stq_9_bits_data_bits_reg[15] failed (is not equivalent)
    Compare point lsu/stq_9_bits_data_bits_reg[14] failed (is not equivalent)
    Compare point lsu/stq_9_bits_data_bits_reg[13] failed (is not equivalent)
    Compare point lsu/stq_9_bits_data_bits_reg[12] failed (is not equivalent)
    Compare point lsu/stq_9_bits_data_bits_reg[11] failed (is not equivalent)
    Compare point lsu/stq_9_bits_data_bits_reg[10] failed (is not equivalent)
    Compare point lsu/stq_9_bits_data_bits_reg[0] failed (is not equivalent)
.......... 7041F/0A/363018P/128857U (74% Verification completed) 09/10/25 22:15 11259MB/4167sec (34.9 hrs until timeout)
.............................. 7041F/0A/442745P/49130U (90% Verification completed) 09/10/25 22:45 11259MB/5992sec (34.4 hrs until timeout)
................. 7041F/0A/491875P/0U (100% Verification completed) 09/10/25 23:02 11259MB/6991sec (34.1 hrs until timeout)


************ RTL Interpretation Summary ************
************ Reference:      r:/WORK/BoomTile
454 FMR_ELAB-147 messages produced  
************ Implementation: i:/WORK/BoomTile
68 FMR_ELAB-147 messages produced   

Please refer to the Formality log file for more details,
or execute report_hdlin_mismatches.
****************************************************


********************************* Verification Results *********************************
Verification FAILED
   ATTENTION: RTL interpretation messages were produced during link
              of reference and implementation designs.
              Verification results may disagree with a logic simulator.
   ATTENTION: 7041 failing compare points have unmatched undriven signals in their
                reference fan-in.  To report such failing points, use
                "report_failing_points -inputs unmatched -inputs undriven".
              To read about undriven signal handling, use
                "man verification_set_undriven_signals".
----------------------------------------------------------------------------------------
 Reference design: r:/WORK/BoomTile
 Implementation design: i:/WORK/BoomTile
 491875 Passing compare points
 7041 Failing compare points (7041 matched, 0 unmatched)
 0 Aborted compare points
 0 Unverified compare points
----------------------------------------------------------------------------------------
Matched Compare Points     BBPin    Loop   BBNet     Cut    Port     DFF     LAT   TOTAL
----------------------------------------------------------------------------------------
Passing (equivalent)           0       0       0       0     233  491642       0  491875
Failing (not equivalent)       0       0       0       0       0    7041       0    7041
Not Compared
  Constant reg                                                      1450       0    1450
  Unread                       0       0       0       0       0   18676       0   18676
****************************************************************************************
Info:  Try the analyze_points command to see if Formality can determine potential
causes, or suggest next steps for a FAILED or INCONCLUSIVE verification.
See the man page for analyze_points usage and options.
Info:  Formality Guide Files (SVF) can improve verification success by automating setup.
0
exit

Maximum memory usage for this session: 11260 MB
CPU usage for this session: 7000.42 seconds ( 1.94 hours )
Current time: Wed Sep 10 23:02:28 2025
Elapsed time: 7030 seconds ( 1.95 hours )

Thank you for using Formality (R)!
